
====================================
Starting FC Frontend
Mon May 11 09:39:37 AM AEST 2026
====================================

Frontend folder:
/home/lindsey/fc-production/frontend

Using package script:
dev

Detected yarn.lock
Running: yarn dev
yarn run v1.22.22
$ next dev
▲ Next.js 16.2.4 (Turbopack)
- Local:         http://localhost:3000
- Network:       http://172.16.186.128:3000
- Environments: .env
✓ Ready in 190ms

[?25h

====================================
Starting FC Frontend
Mon May 11 09:39:56 AM AEST 2026
====================================

Frontend folder:
/home/lindsey/fc-production/frontend

Using package script:
dev

Detected yarn.lock
Running: yarn dev
yarn run v1.22.22
$ next dev
▲ Next.js 16.2.4 (Turbopack)
- Local:         http://localhost:3000
- Network:       http://172.16.186.128:3000
- Environments: .env
✓ Ready in 245ms

 GET / 200 in 634ms (next.js: 52ms, proxy.ts: 158ms, application-code: 425ms)
error Command failed with signal "SIGTERM".
info Visit https://yarnpkg.com/en/docs/cli/run for documentation about this command.

Frontend process ended.
Press Enter to close frontend window...[?25h

====================================
Starting FC Frontend
Mon May 11 09:40:49 AM AEST 2026
====================================

Frontend folder:
/home/lindsey/fc-production/frontend

Using package script:
dev

Detected yarn.lock
Running: yarn dev
yarn run v1.22.22
$ next dev
▲ Next.js 16.2.4 (Turbopack)
- Local:         http://localhost:3000
- Network:       http://172.16.186.128:3000
- Environments: .env
✓ Ready in 249ms

 GET / 200 in 529ms (next.js: 52ms, proxy.ts: 133ms, application-code: 344ms)

====================================
Starting FC Frontend
Mon May 11 09:42:07 AM AEST 2026
====================================

Frontend folder:
/home/lindsey/fc-production/frontend

Using package script:
dev

Detected yarn.lock
Running: yarn dev
yarn run v1.22.22
$ next dev
▲ Next.js 16.2.4 (Turbopack)
- Local:         http://localhost:3000
- Network:       http://172.16.186.128:3000
- Environments: .env
✓ Ready in 227ms

 GET / 200 in 580ms (next.js: 72ms, proxy.ts: 111ms, application-code: 397ms)
 GET / 200 in 65ms (next.js: 5ms, proxy.ts: 5ms, application-code: 55ms)
error Command failed with signal "SIGTERM".
info Visit https://yarnpkg.com/en/docs/cli/run for documentation about this command.

Frontend process ended.
Press Enter to close frontend window...[?25h

====================================
Starting FC Frontend
Mon May 11 09:42:43 AM AEST 2026
====================================

Frontend folder:
/home/lindsey/fc-production/frontend

Using package script:
dev

Detected yarn.lock
Running: yarn dev
yarn run v1.22.22
$ next dev
▲ Next.js 16.2.4 (Turbopack)
- Local:         http://localhost:3000
- Network:       http://172.16.186.128:3000
- Environments: .env
✓ Ready in 233ms

 GET / 200 in 572ms (next.js: 76ms, proxy.ts: 172ms, application-code: 324ms)

====================================
Starting FC Frontend
Mon May 11 09:43:31 AM AEST 2026
====================================

Frontend folder:
/home/lindsey/fc-production/frontend

Using package script:
dev

Detected yarn.lock
Running: yarn dev
 GET / 200 in 158ms (next.js: 7ms, proxy.ts: 20ms, application-code: 130ms)
yarn run v1.22.22
$ next dev
⚠ Port 3000 is in use by an unknown process, using available port 3001 instead.
▲ Next.js 16.2.4 (Turbopack)
- Local:         http://localhost:3001
- Network:       http://172.16.186.128:3001
- Environments: .env
✓ Ready in 233ms
⨯ Another next dev server is already running.

- Local:        http://localhost:3000
- PID:          308341
- Dir:          /home/lindsey/fc-production/frontend
- Log:          .next/dev/logs/next-development.log

Run kill 308341 to stop it.
[?25h
error Command failed with exit code 1.
info Visit https://yarnpkg.com/en/docs/cli/run for documentation about this command.

Frontend process ended.
Press Enter to close frontend window... GET / 200 in 111ms (next.js: 3ms, proxy.ts: 4ms, application-code: 104ms)
error Command failed with signal "SIGTERM".
info Visit https://yarnpkg.com/en/docs/cli/run for documentation about this command.

Frontend process ended.
Press Enter to close frontend window...[?25h

====================================
Starting FC Frontend
Mon May 11 09:44:54 AM AEST 2026
====================================

Frontend folder:
/home/lindsey/fc-production/frontend

Using package script:
dev

Detected yarn.lock
Running: yarn dev
yarn run v1.22.22
$ next dev
▲ Next.js 16.2.4 (Turbopack)
- Local:         http://localhost:3000
- Network:       http://172.16.186.128:3000
- Environments: .env
✓ Ready in 241ms

 GET / 200 in 517ms (next.js: 70ms, proxy.ts: 130ms, application-code: 317ms)

====================================
Starting FC Frontend
Mon May 11 10:29:48 AM AEST 2026
====================================

Frontend folder:
/home/lindsey/fc-production/frontend

Using package script:
dev

Detected yarn.lock
Running: yarn dev
yarn run v1.22.22
$ next dev
▲ Next.js 16.2.4 (Turbopack)
- Local:         http://localhost:3000
- Network:       http://172.16.186.128:3000
- Environments: .env
✓ Ready in 208ms

 GET / 200 in 854ms (next.js: 268ms, proxy.ts: 83ms, application-code: 504ms)
 GET / 200 in 75ms (next.js: 5ms, proxy.ts: 3ms, application-code: 67ms)
 GET /membership 200 in 61ms (next.js: 22ms, proxy.ts: 9ms, application-code: 30ms)
[browser] Detected `scroll-behavior: smooth` on the `<html>` element. To disable smooth scrolling during route transitions, add `data-scroll-behavior="smooth"` to your <html> element. Learn more: https://nextjs.org/docs/messages/missing-data-scroll-behavior
 GET /login 200 in 77ms (next.js: 21ms, proxy.ts: 6ms, application-code: 51ms)
 GET /dashboard 200 in 113ms (next.js: 29ms, proxy.ts: 7ms, application-code: 77ms)
 GET /dashboard 200 in 41ms (next.js: 3ms, proxy.ts: 4ms, application-code: 34ms)
[browser] Detected `scroll-behavior: smooth` on the `<html>` element. To disable smooth scrolling during route transitions, add `data-scroll-behavior="smooth"` to your <html> element. Learn more: https://nextjs.org/docs/messages/missing-data-scroll-behavior
 GET /spaces/fresh-collective/community 200 in 711ms (next.js: 665ms, proxy.ts: 3ms, application-code: 43ms)
 GET /spaces/fresh-collective 200 in 1000ms (next.js: 942ms, proxy.ts: 5ms, application-code: 53ms)
 GET /spaces/fresh-collective/pathways 200 in 540ms (next.js: 470ms, proxy.ts: 19ms, application-code: 51ms)
 GET /spaces/fresh-collective/community 200 in 63ms (next.js: 23ms, proxy.ts: 5ms, application-code: 35ms)
 GET /spaces/fresh-collective/events 200 in 533ms (next.js: 507ms, proxy.ts: 6ms, application-code: 20ms)
 GET /spaces/fresh-collective/members 200 in 421ms (next.js: 402ms, proxy.ts: 6ms, application-code: 13ms)
 GET /spaces/fresh-collective 200 in 65ms (next.js: 22ms, proxy.ts: 6ms, application-code: 38ms)
 GET /admin 307 in 103ms (next.js: 19ms, proxy.ts: 6ms, application-code: 78ms)
 GET /admin/sales 200 in 64ms (next.js: 11ms, proxy.ts: 3ms, application-code: 50ms)
 GET /admin/sales/leads 200 in 38ms (next.js: 18ms, proxy.ts: 7ms, application-code: 14ms)
[browser] Detected `scroll-behavior: smooth` on the `<html>` element. To disable smooth scrolling during route transitions, add `data-scroll-behavior="smooth"` to your <html> element. Learn more: https://nextjs.org/docs/messages/missing-data-scroll-behavior
 GET /admin/sales/opportunities 200 in 44ms (next.js: 22ms, proxy.ts: 7ms, application-code: 14ms)
 GET /admin/sales/tasks 200 in 34ms (next.js: 17ms, proxy.ts: 3ms, application-code: 14ms)
 GET /admin/sales/subscriptions 200 in 41ms (next.js: 20ms, proxy.ts: 6ms, application-code: 15ms)
 GET /admin/sales/pricing 200 in 45ms (next.js: 21ms, proxy.ts: 8ms, application-code: 16ms)
error Command failed with signal "SIGTERM".
info Visit https://yarnpkg.com/en/docs/cli/run for documentation about this command.

Frontend process ended.
Press Enter to close frontend window...[?25h

====================================
Starting FC Frontend
Mon May 11 11:30:25 AM AEST 2026
====================================

Frontend folder:
/home/lindsey/fc-production/frontend

Using package script:
dev

Detected yarn.lock
Running: yarn dev
yarn run v1.22.22
$ next dev
▲ Next.js 16.2.4 (Turbopack)
- Local:         http://localhost:3000
- Network:       http://172.16.186.128:3000
- Environments: .env
✓ Ready in 200ms

 GET / 200 in 840ms (next.js: 281ms, proxy.ts: 146ms, application-code: 413ms)
 GET / 200 in 152ms (next.js: 6ms, proxy.ts: 6ms, application-code: 141ms)
 GET / 200 in 23ms (next.js: 4ms, proxy.ts: 9ms, application-code: 9ms)
 GET / 200 in 65ms (next.js: 7ms, proxy.ts: 3ms, application-code: 55ms)
 GET / 200 in 65ms (next.js: 37ms, proxy.ts: 5ms, application-code: 23ms)
 GET /login 200 in 67ms (next.js: 41ms, proxy.ts: 8ms, application-code: 18ms)
[browser] Detected `scroll-behavior: smooth` on the `<html>` element. To disable smooth scrolling during route transitions, add `data-scroll-behavior="smooth"` to your <html> element. Learn more: https://nextjs.org/docs/messages/missing-data-scroll-behavior
 GET /dashboard 200 in 136ms (next.js: 22ms, proxy.ts: 4ms, application-code: 110ms)
 GET /dashboard 200 in 75ms (next.js: 33ms, proxy.ts: 8ms, application-code: 34ms)
 GET /spaces/fresh-collective 200 in 331ms (next.js: 269ms, proxy.ts: 10ms, application-code: 52ms)
 GET /spaces/fresh-collective/pathways 200 in 272ms (next.js: 238ms, proxy.ts: 11ms, application-code: 23ms)
 GET /spaces/fresh-collective/community 200 in 280ms (next.js: 241ms, proxy.ts: 7ms, application-code: 32ms)
 GET /spaces/fresh-collective/events 200 in 252ms (next.js: 227ms, proxy.ts: 2ms, application-code: 22ms)
 GET /spaces/fresh-collective/members 200 in 269ms (next.js: 242ms, proxy.ts: 3ms, application-code: 24ms)
 GET /profile/cmoe3ksnb0000uu9pm2ay6vtf 200 in 700ms (next.js: 656ms, proxy.ts: 11ms, application-code: 33ms)
 GET /spaces/fresh-collective/pathways 200 in 86ms (next.js: 30ms, proxy.ts: 7ms, application-code: 49ms)
 GET /spaces/fresh-collective/pathways/real-journey 200 in 558ms (next.js: 486ms, proxy.ts: 7ms, application-code: 65ms)
 GET /spaces/fresh-collective/pathways/real-journey/welcome 200 in 506ms (next.js: 450ms, proxy.ts: 10ms, application-code: 46ms)
 GET /spaces/fresh-collective/pathways/real-journey/welcome 200 in 136ms (next.js: 28ms, proxy.ts: 9ms, application-code: 99ms)
 GET /spaces/fresh-collective 200 in 78ms (next.js: 27ms, proxy.ts: 4ms, application-code: 46ms)
 GET /spaces/fresh-collective/pathways/growth 200 in 52ms (next.js: 18ms, proxy.ts: 3ms, application-code: 30ms)
 GET /spaces/fresh-collective 200 in 86ms (next.js: 29ms, proxy.ts: 3ms, application-code: 54ms)
 GET /spaces/fresh-collective/events/ev000001-0000-4000-8000-000000000001 200 in 570ms (next.js: 531ms, proxy.ts: 6ms, application-code: 32ms)
 GET /spaces/fresh-collective/members 200 in 68ms (next.js: 33ms, proxy.ts: 7ms, application-code: 29ms)
 GET /spaces/fresh-collective 200 in 76ms (next.js: 30ms, proxy.ts: 4ms, application-code: 43ms)

====================================
Starting FC Frontend
Mon May 11 11:35:38 AM AEST 2026
====================================

Frontend folder:
/home/lindsey/fc-production/frontend

Using package script:
dev

Detected yarn.lock
Running: yarn dev
yarn run v1.22.22
$ next dev
▲ Next.js 16.2.4 (Turbopack)
- Local:         http://localhost:3000
- Network:       http://172.16.186.128:3000
- Environments: .env
✓ Ready in 251ms

 GET / 200 in 647ms (next.js: 104ms, proxy.ts: 119ms, application-code: 424ms)
 GET /spaces/fresh-collective 200 in 425ms (next.js: 248ms, proxy.ts: 6ms, application-code: 171ms)
 GET /spaces/fresh-collective/pathways 200 in 332ms (next.js: 271ms, proxy.ts: 5ms, application-code: 56ms)
 GET /spaces/fresh-collective/pathways/growth 200 in 338ms (next.js: 282ms, proxy.ts: 9ms, application-code: 47ms)
[browser] Detected `scroll-behavior: smooth` on the `<html>` element. To disable smooth scrolling during route transitions, add `data-scroll-behavior="smooth"` to your <html> element. Learn more: https://nextjs.org/docs/messages/missing-data-scroll-behavior
 GET /spaces/fresh-collective/pathways/real-journey 200 in 90ms (next.js: 21ms, proxy.ts: 7ms, application-code: 61ms)
 GET /spaces/fresh-collective/pathways/real-journey/welcome 200 in 312ms (next.js: 255ms, proxy.ts: 14ms, application-code: 43ms)
 GET /spaces/fresh-collective/pathways/real-journey 200 in 73ms (next.js: 16ms, proxy.ts: 3ms, application-code: 54ms)
 GET /spaces/fresh-collective/pathways/real-journey/recognise 200 in 66ms (next.js: 17ms, proxy.ts: 11ms, application-code: 38ms)
 GET /spaces/fresh-collective 200 in 89ms (next.js: 19ms, proxy.ts: 7ms, application-code: 63ms)
 GET /spaces/fresh-collective/pathways 200 in 114ms (next.js: 32ms, proxy.ts: 13ms, application-code: 69ms)
 GET /spaces/fresh-collective/community 200 in 317ms (next.js: 274ms, proxy.ts: 6ms, application-code: 37ms)
 GET /spaces/fresh-collective/events 200 in 368ms (next.js: 301ms, proxy.ts: 8ms, application-code: 60ms)
 GET /spaces/fresh-collective/events/ev000001-0000-4000-8000-000000000001 200 in 280ms (next.js: 243ms, proxy.ts: 11ms, application-code: 26ms)
 GET /spaces/fresh-collective/members 200 in 296ms (next.js: 263ms, proxy.ts: 6ms, application-code: 27ms)
 GET /dashboard 200 in 129ms (next.js: 38ms, proxy.ts: 15ms, application-code: 76ms)
 GET /dashboard 200 in 115ms (next.js: 9ms, proxy.ts: 9ms, application-code: 96ms)
 GET /spaces/fresh-collective 200 in 88ms (next.js: 25ms, proxy.ts: 5ms, application-code: 59ms)
 GET /spaces/fresh-collective/pathways/real-journey/recognise 200 in 132ms (next.js: 31ms, proxy.ts: 18ms, application-code: 83ms)
✓ Compiled in 253ms
✓ Compiled in 159ms
 GET /spaces/fresh-collective/pathways/real-journey/recognise 200 in 120ms (next.js: 37ms, proxy.ts: 57ms, application-code: 26ms)
 GET /spaces/fresh-collective/pathways/real-journey/recognise 200 in 28ms (next.js: 4ms, proxy.ts: 5ms, application-code: 19ms)
 GET /spaces/fresh-collective/pathways/real-journey/recognise 200 in 19ms (next.js: 3ms, proxy.ts: 1793µs, application-code: 14ms)
 GET /spaces/fresh-collective/pathways/real-journey/recognise 200 in 131ms (next.js: 3ms, proxy.ts: 3ms, application-code: 126ms)
 GET /spaces/fresh-collective/pathways/real-journey/recognise 200 in 131ms (next.js: 13ms, proxy.ts: 3ms, application-code: 116ms)
 GET /spaces/fresh-collective/pathways/real-journey/recognise 200 in 98ms (next.js: 8ms, proxy.ts: 6ms, application-code: 83ms)
 GET /spaces/fresh-collective/pathways/real-journey/recognise 200 in 94ms (next.js: 26ms, proxy.ts: 5ms, application-code: 64ms)
 GET /spaces/fresh-collective/pathways/real-journey/recognise 200 in 94ms (next.js: 37ms, proxy.ts: 5ms, application-code: 52ms)
 GET /spaces/fresh-collective/pathways/real-journey/recognise 200 in 92ms (next.js: 69ms, proxy.ts: 5ms, application-code: 19ms)
✓ Compiled in 122ms
✓ Compiled in 58ms
 GET /spaces/fresh-collective/pathways/real-journey/recognise 200 in 172ms (next.js: 72ms, proxy.ts: 50ms, application-code: 50ms)
 GET /spaces/fresh-collective/pathways/real-journey/recognise 200 in 32ms (next.js: 10ms, proxy.ts: 2ms, application-code: 19ms)
 GET /spaces/fresh-collective/pathways/real-journey/recognise 200 in 44ms (next.js: 5ms, proxy.ts: 2ms, application-code: 36ms)
 GET /spaces/fresh-collective/pathways/real-journey/recognise 200 in 48ms (next.js: 15ms, proxy.ts: 3ms, application-code: 29ms)
 GET /spaces/fresh-collective/pathways/real-journey/recognise 200 in 138ms (next.js: 11ms, proxy.ts: 10ms, application-code: 117ms)
 GET /spaces/fresh-collective/pathways/real-journey/recognise 200 in 136ms (next.js: 26ms, proxy.ts: 9ms, application-code: 101ms)
 GET /spaces/fresh-collective/pathways/real-journey/recognise 200 in 135ms (next.js: 56ms, proxy.ts: 9ms, application-code: 69ms)
 GET /spaces/fresh-collective/pathways/real-journey/recognise 200 in 136ms (next.js: 46ms, proxy.ts: 9ms, application-code: 81ms)
 GET /spaces/fresh-collective/pathways/real-journey/recognise 200 in 132ms (next.js: 70ms, proxy.ts: 6ms, application-code: 56ms)
 GET /spaces/fresh-collective/pathways/real-journey/recognise 200 in 137ms (next.js: 102ms, proxy.ts: 6ms, application-code: 30ms)
 GET /spaces/fresh-collective/pathways/real-journey/recognise 200 in 112ms (next.js: 8ms, proxy.ts: 11ms, application-code: 93ms)
 GET /spaces/fresh-collective/pathways/real-journey/recognise 200 in 109ms (next.js: 20ms, proxy.ts: 9ms, application-code: 79ms)
 GET /spaces/fresh-collective/pathways/real-journey/recognise 200 in 111ms (next.js: 29ms, proxy.ts: 9ms, application-code: 73ms)
 GET /spaces/fresh-collective/pathways/real-journey/recognise 200 in 107ms (next.js: 49ms, proxy.ts: 5ms, application-code: 53ms)
 GET /spaces/fresh-collective/pathways/real-journey/recognise 200 in 107ms (next.js: 60ms, proxy.ts: 4ms, application-code: 43ms)
 GET /spaces/fresh-collective/pathways/real-journey/recognise 200 in 106ms (next.js: 77ms, proxy.ts: 3ms, application-code: 26ms)
 GET /spaces/fresh-collective/pathways/real-journey/recognise 200 in 108ms (next.js: 13ms, proxy.ts: 4ms, application-code: 92ms)
 GET /spaces/fresh-collective/pathways/real-journey/recognise 200 in 108ms (next.js: 22ms, proxy.ts: 4ms, application-code: 82ms)
 GET /spaces/fresh-collective/pathways/real-journey/recognise 200 in 107ms (next.js: 41ms, proxy.ts: 5ms, application-code: 62ms)
 GET /spaces/fresh-collective/pathways/real-journey/recognise 200 in 106ms (next.js: 50ms, proxy.ts: 7ms, application-code: 49ms)
 GET /spaces/fresh-collective/pathways/real-journey/recognise 200 in 106ms (next.js: 63ms, proxy.ts: 8ms, application-code: 36ms)
 GET /spaces/fresh-collective/pathways/real-journey/recognise 200 in 106ms (next.js: 53ms, proxy.ts: 31ms, application-code: 23ms)
 GET /spaces/fresh-collective/pathways/real-journey/recognise 200 in 123ms (next.js: 20ms, proxy.ts: 3ms, application-code: 101ms)
 GET /spaces/fresh-collective/pathways/real-journey/recognise 200 in 123ms (next.js: 33ms, proxy.ts: 4ms, application-code: 86ms)
 GET /spaces/fresh-collective/pathways/real-journey/recognise 200 in 122ms (next.js: 48ms, proxy.ts: 4ms, application-code: 70ms)
 GET /spaces/fresh-collective/pathways/real-journey/recognise 200 in 118ms (next.js: 61ms, proxy.ts: 5ms, application-code: 51ms)
 GET /spaces/fresh-collective/pathways/real-journey/recognise 200 in 119ms (next.js: 75ms, proxy.ts: 4ms, application-code: 40ms)
 GET /spaces/fresh-collective/pathways/real-journey/recognise 200 in 119ms (next.js: 62ms, proxy.ts: 28ms, application-code: 29ms)
 GET /spaces/fresh-collective/pathways/real-journey/recognise 200 in 145ms (next.js: 9ms, proxy.ts: 5ms, application-code: 131ms)
 GET /spaces/fresh-collective/pathways/real-journey/recognise 200 in 145ms (next.js: 39ms, proxy.ts: 5ms, application-code: 100ms)
 GET /spaces/fresh-collective/pathways/real-journey/recognise 200 in 145ms (next.js: 25ms, proxy.ts: 5ms, application-code: 116ms)
 GET /spaces/fresh-collective/pathways/real-journey/recognise 200 in 146ms (next.js: 81ms, proxy.ts: 6ms, application-code: 60ms)
 GET /spaces/fresh-collective/pathways/real-journey/recognise 200 in 148ms (next.js: 100ms, proxy.ts: 6ms, application-code: 42ms)
 GET /spaces/fresh-collective/pathways/real-journey/recognise 200 in 146ms (next.js: 110ms, proxy.ts: 5ms, application-code: 30ms)
 GET /spaces/fresh-collective/pathways/real-journey/recognise 200 in 136ms (next.js: 9ms, proxy.ts: 5ms, application-code: 122ms)
 GET /spaces/fresh-collective/pathways/real-journey/recognise 200 in 136ms (next.js: 40ms, proxy.ts: 6ms, application-code: 91ms)
 GET /spaces/fresh-collective/pathways/real-journey/recognise 200 in 138ms (next.js: 19ms, proxy.ts: 6ms, application-code: 113ms)
 GET /spaces/fresh-collective/pathways/real-journey/recognise 200 in 137ms (next.js: 67ms, proxy.ts: 5ms, application-code: 64ms)
 GET /spaces/fresh-collective/pathways/real-journey/recognise 200 in 136ms (next.js: 86ms, proxy.ts: 4ms, application-code: 46ms)
 GET /spaces/fresh-collective/pathways/real-journey/recognise 200 in 137ms (next.js: 97ms, proxy.ts: 5ms, application-code: 35ms)
 GET /spaces/fresh-collective/pathways/real-journey/recognise 200 in 117ms (next.js: 11ms, proxy.ts: 6ms, application-code: 99ms)
 GET /spaces/fresh-collective/pathways/real-journey/recognise 200 in 115ms (next.js: 22ms, proxy.ts: 6ms, application-code: 88ms)
 GET /spaces/fresh-collective/pathways/real-journey/recognise 200 in 115ms (next.js: 39ms, proxy.ts: 5ms, application-code: 71ms)
 GET /spaces/fresh-collective/pathways/real-journey/recognise 200 in 114ms (next.js: 53ms, proxy.ts: 4ms, application-code: 57ms)
 GET /spaces/fresh-collective/pathways/real-journey/recognise 200 in 114ms (next.js: 70ms, proxy.ts: 4ms, application-code: 40ms)
 GET /spaces/fresh-collective/pathways/real-journey/recognise 200 in 114ms (next.js: 79ms, proxy.ts: 7ms, application-code: 28ms)
 GET /spaces/fresh-collective/pathways/real-journey/recognise 200 in 132ms (next.js: 9ms, proxy.ts: 5ms, application-code: 118ms)
 GET /spaces/fresh-collective/pathways/real-journey/recognise 200 in 131ms (next.js: 22ms, proxy.ts: 5ms, application-code: 103ms)
 GET /spaces/fresh-collective/pathways/real-journey/recognise 200 in 130ms (next.js: 53ms, proxy.ts: 4ms, application-code: 72ms)
 GET /spaces/fresh-collective/pathways/real-journey/recognise 200 in 130ms (next.js: 44ms, proxy.ts: 4ms, application-code: 82ms)
 GET /spaces/fresh-collective/pathways/real-journey/recognise 200 in 134ms (next.js: 80ms, proxy.ts: 4ms, application-code: 49ms)
 GET /spaces/fresh-collective/pathways/real-journey/recognise 200 in 134ms (next.js: 95ms, proxy.ts: 5ms, application-code: 35ms)
 GET /spaces/fresh-collective/pathways/real-journey/recognise 200 in 107ms (next.js: 12ms, proxy.ts: 4ms, application-code: 91ms)
 GET /spaces/fresh-collective/pathways/real-journey/recognise 200 in 108ms (next.js: 22ms, proxy.ts: 7ms, application-code: 79ms)
 GET /spaces/fresh-collective/pathways/real-journey/recognise 200 in 105ms (next.js: 37ms, proxy.ts: 8ms, application-code: 61ms)
 GET /spaces/fresh-collective/pathways/real-journey/recognise 200 in 101ms (next.js: 49ms, proxy.ts: 4ms, application-code: 49ms)
 GET /spaces/fresh-collective/pathways/real-journey/recognise 200 in 102ms (next.js: 62ms, proxy.ts: 4ms, application-code: 37ms)
 GET /spaces/fresh-collective/pathways/real-journey/recognise 200 in 103ms (next.js: 75ms, proxy.ts: 4ms, application-code: 24ms)
 GET /spaces/fresh-collective/pathways/real-journey/recognise 200 in 73ms (next.js: 9ms, proxy.ts: 4ms, application-code: 60ms)
 GET /spaces/fresh-collective/pathways/real-journey/recognise 200 in 72ms (next.js: 18ms, proxy.ts: 5ms, application-code: 50ms)
 GET /spaces/fresh-collective/pathways/real-journey/recognise 200 in 73ms (next.js: 33ms, proxy.ts: 4ms, application-code: 36ms)
 GET /spaces/fresh-collective/pathways/real-journey/recognise 200 in 71ms (next.js: 50ms, proxy.ts: 4ms, application-code: 17ms)
✓ Compiled in 66ms
 GET /spaces/fresh-collective/pathways/real-journey/recognise 200 in 179ms (next.js: 55ms, proxy.ts: 56ms, application-code: 68ms)
 GET /spaces/fresh-collective/pathways/real-journey/recognise 200 in 39ms (next.js: 8ms, proxy.ts: 10ms, application-code: 21ms)
 GET /spaces/fresh-collective/pathways/real-journey/recognise 200 in 26ms (next.js: 1703µs, proxy.ts: 1708µs, application-code: 22ms)
 GET /spaces/fresh-collective/pathways/real-journey/recognise 200 in 31ms (next.js: 4ms, proxy.ts: 3ms, application-code: 24ms)
 GET /spaces/fresh-collective/pathways/real-journey/recognise 200 in 24ms (next.js: 1625µs, proxy.ts: 1899µs, application-code: 20ms)
 GET /spaces/fresh-collective/pathways/real-journey/recognise 200 in 25ms (next.js: 3ms, proxy.ts: 1891µs, application-code: 20ms)
 GET /spaces/fresh-collective/pathways/real-journey/recognise 200 in 137ms (next.js: 12ms, proxy.ts: 3ms, application-code: 122ms)
 GET /spaces/fresh-collective/pathways/real-journey/recognise 200 in 138ms (next.js: 24ms, proxy.ts: 3ms, application-code: 111ms)
 GET /spaces/fresh-collective/pathways/real-journey/recognise 200 in 125ms (next.js: 10ms, proxy.ts: 4ms, application-code: 110ms)
 GET /spaces/fresh-collective/pathways/real-journey/recognise 200 in 125ms (next.js: 25ms, proxy.ts: 5ms, application-code: 95ms)
 GET /spaces/fresh-collective/pathways/real-journey/recognise 200 in 126ms (next.js: 43ms, proxy.ts: 5ms, application-code: 77ms)
 GET /spaces/fresh-collective/pathways/real-journey/recognise 200 in 124ms (next.js: 54ms, proxy.ts: 6ms, application-code: 64ms)
 GET /spaces/fresh-collective/pathways/real-journey/recognise 200 in 110ms (next.js: 4ms, proxy.ts: 3ms, application-code: 103ms)
 GET /spaces/fresh-collective/pathways/real-journey/recognise 200 in 110ms (next.js: 16ms, proxy.ts: 3ms, application-code: 92ms)
 GET /spaces/fresh-collective/pathways/real-journey/recognise 200 in 117ms (next.js: 6ms, proxy.ts: 3ms, application-code: 107ms)
 GET /spaces/fresh-collective/pathways/real-journey/recognise 200 in 123ms (next.js: 18ms, proxy.ts: 4ms, application-code: 101ms)
 GET /spaces/fresh-collective/pathways/real-journey/recognise 200 in 124ms (next.js: 35ms, proxy.ts: 4ms, application-code: 85ms)
 GET /spaces/fresh-collective/pathways/real-journey/recognise 200 in 123ms (next.js: 46ms, proxy.ts: 3ms, application-code: 74ms)
 GET /spaces/fresh-collective/pathways/real-journey/recognise 200 in 119ms (next.js: 14ms, proxy.ts: 4ms, application-code: 100ms)
 GET /spaces/fresh-collective/pathways/real-journey/recognise 200 in 124ms (next.js: 27ms, proxy.ts: 3ms, application-code: 94ms)
 GET /spaces/fresh-collective/pathways/real-journey/recognise 200 in 112ms (next.js: 6ms, proxy.ts: 3ms, application-code: 102ms)
 GET /spaces/fresh-collective/pathways/real-journey/recognise 200 in 111ms (next.js: 17ms, proxy.ts: 4ms, application-code: 91ms)
 GET /spaces/fresh-collective/pathways/real-journey/recognise 200 in 111ms (next.js: 34ms, proxy.ts: 3ms, application-code: 74ms)
 GET /spaces/fresh-collective/pathways/real-journey/recognise 200 in 110ms (next.js: 45ms, proxy.ts: 2ms, application-code: 62ms)
 GET /spaces/fresh-collective/pathways/real-journey/recognise 200 in 51ms (next.js: 3ms, proxy.ts: 3ms, application-code: 45ms)
 GET /spaces/fresh-collective/pathways/real-journey/recognise 200 in 53ms (next.js: 15ms, proxy.ts: 3ms, application-code: 35ms)
 GET /spaces/fresh-collective/pathways/real-journey/recognise 200 in 128ms (next.js: 7ms, proxy.ts: 3ms, application-code: 118ms)
 GET /spaces/fresh-collective/pathways/real-journey/recognise 200 in 128ms (next.js: 26ms, proxy.ts: 3ms, application-code: 99ms)
 GET /spaces/fresh-collective/pathways/real-journey/recognise 200 in 128ms (next.js: 17ms, proxy.ts: 3ms, application-code: 108ms)
 GET /spaces/fresh-collective/pathways/real-journey/recognise 200 in 132ms (next.js: 45ms, proxy.ts: 2ms, application-code: 85ms)
 GET /spaces/fresh-collective/pathways/real-journey/recognise 200 in 73ms (next.js: 16ms, proxy.ts: 8ms, application-code: 49ms)
 GET /spaces/fresh-collective/pathways/real-journey/recognise 200 in 73ms (next.js: 28ms, proxy.ts: 8ms, application-code: 37ms)
 GET /spaces/fresh-collective/pathways/real-journey/recognise 200 in 119ms (next.js: 7ms, proxy.ts: 5ms, application-code: 108ms)
 GET /spaces/fresh-collective/pathways/real-journey/recognise 200 in 119ms (next.js: 17ms, proxy.ts: 5ms, application-code: 97ms)
 GET /spaces/fresh-collective/pathways/real-journey/recognise 200 in 119ms (next.js: 26ms, proxy.ts: 5ms, application-code: 87ms)
 GET /spaces/fresh-collective/pathways/real-journey/recognise 200 in 118ms (next.js: 39ms, proxy.ts: 5ms, application-code: 75ms)
 GET /spaces/fresh-collective/pathways/real-journey/recognise 200 in 62ms (next.js: 4ms, proxy.ts: 6ms, application-code: 53ms)
 GET /spaces/fresh-collective/pathways/real-journey/recognise 200 in 63ms (next.js: 18ms, proxy.ts: 6ms, application-code: 38ms)
 GET /spaces/fresh-collective/pathways/real-journey/recognise 200 in 164ms (next.js: 36ms, proxy.ts: 4ms, application-code: 123ms)
 GET /spaces/fresh-collective/pathways/real-journey/recognise 200 in 165ms (next.js: 58ms, proxy.ts: 4ms, application-code: 103ms)
 GET /spaces/fresh-collective/pathways/real-journey/recognise 200 in 165ms (next.js: 23ms, proxy.ts: 4ms, application-code: 138ms)
 GET /spaces/fresh-collective/pathways/real-journey/recognise 200 in 164ms (next.js: 7ms, proxy.ts: 4ms, application-code: 153ms)
 GET /spaces/fresh-collective/pathways/real-journey/recognise 200 in 99ms (next.js: 13ms, proxy.ts: 3ms, application-code: 83ms)
 GET /spaces/fresh-collective/pathways/real-journey/recognise 200 in 99ms (next.js: 31ms, proxy.ts: 3ms, application-code: 65ms)
 GET /spaces/fresh-collective/pathways/real-journey/recognise 200 in 118ms (next.js: 5ms, proxy.ts: 4ms, application-code: 109ms)
 GET /spaces/fresh-collective/pathways/real-journey/recognise 200 in 118ms (next.js: 22ms, proxy.ts: 4ms, application-code: 93ms)
 GET /spaces/fresh-collective/pathways/real-journey/recognise 200 in 119ms (next.js: 40ms, proxy.ts: 4ms, application-code: 76ms)
 GET /spaces/fresh-collective/pathways/real-journey/recognise 200 in 119ms (next.js: 55ms, proxy.ts: 3ms, application-code: 61ms)
 GET /spaces/fresh-collective/pathways/real-journey/recognise 200 in 111ms (next.js: 4ms, proxy.ts: 4ms, application-code: 103ms)
 GET /spaces/fresh-collective/pathways/real-journey/recognise 200 in 111ms (next.js: 15ms, proxy.ts: 4ms, application-code: 92ms)
 GET /spaces/fresh-collective/pathways/real-journey/recognise 200 in 77ms (next.js: 6ms, proxy.ts: 4ms, application-code: 67ms)
 GET /spaces/fresh-collective/pathways/real-journey/recognise 200 in 77ms (next.js: 15ms, proxy.ts: 5ms, application-code: 58ms)
 GET /spaces/fresh-collective/pathways/real-journey/recognise 200 in 118ms (next.js: 34ms, proxy.ts: 4ms, application-code: 81ms)
 GET /spaces/fresh-collective/pathways/real-journey/recognise 200 in 118ms (next.js: 46ms, proxy.ts: 4ms, application-code: 69ms)
 GET /spaces/fresh-collective/pathways/real-journey/recognise 200 in 130ms (next.js: 14ms, proxy.ts: 2ms, application-code: 114ms)
 GET /spaces/fresh-collective/pathways/real-journey/recognise 200 in 130ms (next.js: 24ms, proxy.ts: 2ms, application-code: 104ms)
 GET /spaces/fresh-collective/pathways/real-journey/recognise 200 in 96ms (next.js: 7ms, proxy.ts: 7ms, application-code: 83ms)
 GET /spaces/fresh-collective/pathways/real-journey/recognise 200 in 97ms (next.js: 18ms, proxy.ts: 8ms, application-code: 71ms)
 GET /spaces/fresh-collective/pathways/real-journey/recognise 200 in 122ms (next.js: 37ms, proxy.ts: 3ms, application-code: 82ms)
 GET /spaces/fresh-collective/pathways/real-journey/recognise 200 in 123ms (next.js: 51ms, proxy.ts: 3ms, application-code: 70ms)
 GET /spaces/fresh-collective/pathways/real-journey/recognise 200 in 80ms (next.js: 6ms, proxy.ts: 4ms, application-code: 69ms)
 GET /spaces/fresh-collective/pathways/real-journey/recognise 200 in 79ms (next.js: 16ms, proxy.ts: 5ms, application-code: 59ms)
 GET /spaces/fresh-collective/pathways/real-journey/recognise 200 in 72ms (next.js: 4ms, proxy.ts: 34ms, application-code: 34ms)
 GET /spaces/fresh-collective/pathways/real-journey/recognise 200 in 45ms (next.js: 18ms, proxy.ts: 7ms, application-code: 20ms)
 GET /spaces/fresh-collective/pathways/real-journey/recognise 200 in 169ms (next.js: 71ms, proxy.ts: 49ms, application-code: 50ms)
 GET /spaces/fresh-collective/pathways/real-journey/recognise 200 in 24ms (next.js: 3ms, proxy.ts: 3ms, application-code: 18ms)
 GET /spaces/fresh-collective/pathways/real-journey/recognise 200 in 24ms (next.js: 4ms, proxy.ts: 1829µs, application-code: 18ms)
 GET /spaces/fresh-collective/pathways/real-journey/recognise 200 in 22ms (next.js: 1858µs, proxy.ts: 2ms, application-code: 18ms)
 GET /spaces/fresh-collective/pathways/real-journey/recognise 200 in 25ms (next.js: 5ms, proxy.ts: 4ms, application-code: 17ms)
 GET /spaces/fresh-collective/pathways/real-journey/recognise 200 in 22ms (next.js: 1828µs, proxy.ts: 2ms, application-code: 18ms)
 GET /spaces/fresh-collective/pathways/real-journey/recognise 200 in 35ms (next.js: 5ms, proxy.ts: 2ms, application-code: 27ms)
 GET /spaces/fresh-collective/pathways/real-journey/recognise 200 in 49ms (next.js: 9ms, proxy.ts: 9ms, application-code: 32ms)
 GET /spaces/fresh-collective/pathways/real-journey/recognise 200 in 40ms (next.js: 3ms, proxy.ts: 4ms, application-code: 33ms)
 GET /spaces/fresh-collective/pathways/real-journey/recognise 200 in 106ms (next.js: 21ms, proxy.ts: 4ms, application-code: 80ms)
 GET /spaces/fresh-collective/pathways/real-journey/recognise 200 in 25ms (next.js: 4ms, proxy.ts: 1757µs, application-code: 19ms)
 GET /spaces/fresh-collective/pathways/real-journey/recognise 200 in 23ms (next.js: 2ms, proxy.ts: 2ms, application-code: 18ms)
 GET /spaces/fresh-collective/pathways/real-journey/recognise 200 in 131ms (next.js: 8ms, proxy.ts: 5ms, application-code: 118ms)
 GET /spaces/fresh-collective/pathways/real-journey/recognise 200 in 129ms (next.js: 21ms, proxy.ts: 2ms, application-code: 106ms)
 GET /spaces/fresh-collective/pathways/real-journey/recognise 200 in 90ms (next.js: 7ms, proxy.ts: 5ms, application-code: 79ms)
 GET /spaces/fresh-collective/pathways/real-journey/recognise 200 in 114ms (next.js: 17ms, proxy.ts: 4ms, application-code: 92ms)
 GET /spaces/fresh-collective/pathways/real-journey/recognise 200 in 117ms (next.js: 32ms, proxy.ts: 4ms, application-code: 81ms)
 GET /spaces/fresh-collective/pathways/real-journey/recognise 200 in 121ms (next.js: 55ms, proxy.ts: 5ms, application-code: 61ms)
 GET /spaces/fresh-collective/pathways/real-journey/recognise 200 in 143ms (next.js: 4ms, proxy.ts: 7ms, application-code: 132ms)
 GET /spaces/fresh-collective/pathways/real-journey/recognise 200 in 144ms (next.js: 20ms, proxy.ts: 2ms, application-code: 122ms)
 GET /spaces/fresh-collective/pathways/real-journey/recognise 200 in 138ms (next.js: 23ms, proxy.ts: 6ms, application-code: 109ms)
 GET /spaces/fresh-collective/pathways/real-journey/recognise 200 in 137ms (next.js: 37ms, proxy.ts: 6ms, application-code: 94ms)
 GET /spaces/fresh-collective/pathways/real-journey/recognise 200 in 137ms (next.js: 55ms, proxy.ts: 4ms, application-code: 78ms)
 GET /spaces/fresh-collective/pathways/real-journey/recognise 200 in 142ms (next.js: 79ms, proxy.ts: 3ms, application-code: 61ms)
 GET /spaces/fresh-collective/pathways/real-journey/recognise 200 in 113ms (next.js: 6ms, proxy.ts: 3ms, application-code: 104ms)
 GET /spaces/fresh-collective/pathways/real-journey/recognise 200 in 113ms (next.js: 16ms, proxy.ts: 3ms, application-code: 95ms)
 GET /spaces/fresh-collective/pathways/real-journey/recognise 200 in 103ms (next.js: 15ms, proxy.ts: 8ms, application-code: 80ms)
 GET /spaces/fresh-collective/pathways/real-journey/recognise 200 in 103ms (next.js: 5ms, proxy.ts: 8ms, application-code: 90ms)
 GET /spaces/fresh-collective/pathways/real-journey/recognise 200 in 118ms (next.js: 33ms, proxy.ts: 8ms, application-code: 78ms)
 GET /spaces/fresh-collective/pathways/real-journey/recognise 200 in 117ms (next.js: 51ms, proxy.ts: 2ms, application-code: 64ms)
 GET /spaces/fresh-collective/pathways/real-journey/recognise 200 in 121ms (next.js: 8ms, proxy.ts: 5ms, application-code: 108ms)
 GET /spaces/fresh-collective/pathways/real-journey/recognise 200 in 134ms (next.js: 21ms, proxy.ts: 4ms, application-code: 109ms)
 GET /spaces/fresh-collective/pathways/real-journey/recognise 200 in 98ms (next.js: 24ms, proxy.ts: 3ms, application-code: 72ms)
 GET /spaces/fresh-collective/pathways/real-journey/recognise 200 in 99ms (next.js: 12ms, proxy.ts: 3ms, application-code: 84ms)
 GET /spaces/fresh-collective/pathways/real-journey/recognise 200 in 121ms (next.js: 47ms, proxy.ts: 6ms, application-code: 68ms)
 GET /spaces/fresh-collective/pathways/real-journey/recognise 200 in 120ms (next.js: 66ms, proxy.ts: 4ms, application-code: 50ms)
 GET /spaces/fresh-collective/pathways/real-journey/recognise 200 in 218ms (next.js: 3ms, proxy.ts: 2ms, application-code: 213ms)
 GET /spaces/fresh-collective/pathways/real-journey/recognise 200 in 223ms (next.js: 13ms, proxy.ts: 24ms, application-code: 186ms)
 GET /spaces/fresh-collective/pathways/real-journey/recognise 200 in 199ms (next.js: 69ms, proxy.ts: 5ms, application-code: 124ms)
 GET /spaces/fresh-collective/pathways/real-journey/recognise 200 in 199ms (next.js: 100ms, proxy.ts: 5ms, application-code: 93ms)
 GET /spaces/fresh-collective/pathways/real-journey/recognise 200 in 198ms (next.js: 119ms, proxy.ts: 35ms, application-code: 44ms)
 GET /spaces/fresh-collective/pathways/real-journey/recognise 200 in 200ms (next.js: 27ms, proxy.ts: 92ms, application-code: 82ms)
 GET /spaces/fresh-collective/pathways/real-journey/recognise 200 in 137ms (next.js: 18ms, proxy.ts: 3ms, application-code: 116ms)
 GET /spaces/fresh-collective/pathways/real-journey/recognise 200 in 137ms (next.js: 34ms, proxy.ts: 4ms, application-code: 100ms)
 GET /spaces/fresh-collective/pathways/real-journey/recognise 200 in 133ms (next.js: 59ms, proxy.ts: 3ms, application-code: 72ms)
 GET /spaces/fresh-collective/pathways/real-journey/recognise 200 in 135ms (next.js: 69ms, proxy.ts: 4ms, application-code: 62ms)
 GET /spaces/fresh-collective/pathways/real-journey/recognise 200 in 136ms (next.js: 39ms, proxy.ts: 55ms, application-code: 43ms)
 GET /spaces/fresh-collective/pathways/real-journey/recognise 200 in 82ms (next.js: 18ms, proxy.ts: 11ms, application-code: 54ms)
 GET /spaces/fresh-collective/pathways/real-journey/recognise 200 in 149ms (next.js: 9ms, proxy.ts: 4ms, application-code: 136ms)
 GET /spaces/fresh-collective/pathways/real-journey/recognise 200 in 154ms (next.js: 29ms, proxy.ts: 4ms, application-code: 120ms)
 GET /spaces/fresh-collective/pathways/real-journey/recognise 200 in 155ms (next.js: 47ms, proxy.ts: 5ms, application-code: 104ms)
 GET /spaces/fresh-collective/pathways/real-journey/recognise 200 in 156ms (next.js: 59ms, proxy.ts: 5ms, application-code: 92ms)
 GET /spaces/fresh-collective/pathways/real-journey/recognise 200 in 155ms (next.js: 64ms, proxy.ts: 24ms, application-code: 67ms)
 GET /spaces/fresh-collective/pathways/real-journey/recognise 200 in 148ms (next.js: 36ms, proxy.ts: 11ms, application-code: 101ms)
 GET /spaces/fresh-collective/pathways/real-journey/recognise 200 in 94ms (next.js: 7ms, proxy.ts: 4ms, application-code: 84ms)
 GET /spaces/fresh-collective/pathways/real-journey/recognise 200 in 95ms (next.js: 19ms, proxy.ts: 4ms, application-code: 72ms)
 GET /spaces/fresh-collective/pathways/real-journey/recognise 200 in 95ms (next.js: 36ms, proxy.ts: 4ms, application-code: 55ms)
 GET /spaces/fresh-collective/pathways/real-journey/recognise 200 in 95ms (next.js: 50ms, proxy.ts: 4ms, application-code: 41ms)
 GET /spaces/fresh-collective/pathways/real-journey/recognise 200 in 113ms (next.js: 37ms, proxy.ts: 32ms, application-code: 44ms)
 GET /spaces/fresh-collective/pathways/real-journey/recognise 200 in 125ms (next.js: 9ms, proxy.ts: 19ms, application-code: 98ms)
 GET /spaces/fresh-collective/pathways/real-journey/recognise 200 in 120ms (next.js: 46ms, proxy.ts: 4ms, application-code: 69ms)
 GET /spaces/fresh-collective/pathways/real-journey/recognise 200 in 120ms (next.js: 47ms, proxy.ts: 22ms, application-code: 51ms)
 GET /spaces/fresh-collective/pathways/real-journey/recognise 200 in 119ms (next.js: 58ms, proxy.ts: 23ms, application-code: 37ms)
 GET /spaces/fresh-collective/pathways/real-journey/recognise 200 in 124ms (next.js: 30ms, proxy.ts: 4ms, application-code: 90ms)
 GET /spaces/fresh-collective/pathways/real-journey/recognise 200 in 124ms (next.js: 55ms, proxy.ts: 21ms, application-code: 47ms)
 GET /spaces/fresh-collective/pathways/real-journey/recognise 200 in 34ms (next.js: 12ms, proxy.ts: 2ms, application-code: 20ms)
 GET /spaces/fresh-collective/pathways/real-journey/recognise 200 in 135ms (next.js: 61ms, proxy.ts: 40ms, application-code: 34ms)
 GET /spaces/fresh-collective/pathways/real-journey/recognise 200 in 119ms (next.js: 5ms, proxy.ts: 4ms, application-code: 110ms)
 GET /spaces/fresh-collective/pathways/real-journey/recognise 200 in 126ms (next.js: 18ms, proxy.ts: 4ms, application-code: 104ms)
 GET /spaces/fresh-collective/pathways/real-journey/recognise 200 in 126ms (next.js: 6ms, proxy.ts: 4ms, application-code: 116ms)
 GET /spaces/fresh-collective/pathways/real-journey/recognise 200 in 126ms (next.js: 22ms, proxy.ts: 5ms, application-code: 99ms)
 GET /spaces/fresh-collective/pathways/real-journey/recognise 200 in 126ms (next.js: 38ms, proxy.ts: 5ms, application-code: 83ms)
 GET /spaces/fresh-collective/pathways/real-journey/recognise 200 in 126ms (next.js: 53ms, proxy.ts: 4ms, application-code: 69ms)
 GET /spaces/fresh-collective/pathways/real-journey/recognise 200 in 145ms (next.js: 4ms, proxy.ts: 3ms, application-code: 138ms)
 GET /spaces/fresh-collective/pathways/real-journey/recognise 200 in 147ms (next.js: 19ms, proxy.ts: 4ms, application-code: 124ms)
 GET /spaces/fresh-collective/pathways/real-journey/recognise 200 in 142ms (next.js: 6ms, proxy.ts: 4ms, application-code: 132ms)
 GET /spaces/fresh-collective/pathways/real-journey/recognise 200 in 148ms (next.js: 19ms, proxy.ts: 4ms, application-code: 125ms)
 GET /spaces/fresh-collective/pathways/real-journey/recognise 200 in 148ms (next.js: 49ms, proxy.ts: 4ms, application-code: 95ms)
 GET /spaces/fresh-collective/pathways/real-journey/recognise 200 in 146ms (next.js: 71ms, proxy.ts: 3ms, application-code: 72ms)
 GET /spaces/fresh-collective/pathways/real-journey/recognise 200 in 123ms (next.js: 4ms, proxy.ts: 3ms, application-code: 116ms)
 GET /spaces/fresh-collective/pathways/real-journey/recognise 200 in 129ms (next.js: 20ms, proxy.ts: 3ms, application-code: 107ms)
 GET /spaces/fresh-collective/pathways/real-journey/recognise 200 in 94ms (next.js: 7ms, proxy.ts: 3ms, application-code: 84ms)
 GET /spaces/fresh-collective/pathways/real-journey/recognise 200 in 109ms (next.js: 21ms, proxy.ts: 4ms, application-code: 84ms)
 GET /spaces/fresh-collective/pathways/real-journey/recognise 200 in 124ms (next.js: 41ms, proxy.ts: 3ms, application-code: 80ms)
 GET /spaces/fresh-collective/pathways/real-journey/recognise 200 in 125ms (next.js: 53ms, proxy.ts: 3ms, application-code: 69ms)
 GET /spaces/fresh-collective/pathways/real-journey/recognise 200 in 146ms (next.js: 7ms, proxy.ts: 2ms, application-code: 136ms)
 GET /spaces/fresh-collective/pathways/real-journey/recognise 200 in 146ms (next.js: 22ms, proxy.ts: 3ms, application-code: 121ms)
 GET /spaces/fresh-collective/pathways/real-journey/recognise 200 in 127ms (next.js: 8ms, proxy.ts: 20ms, application-code: 100ms)
 GET /spaces/fresh-collective/pathways/real-journey/recognise 200 in 125ms (next.js: 33ms, proxy.ts: 5ms, application-code: 86ms)
 GET /spaces/fresh-collective/pathways/real-journey/recognise 200 in 141ms (next.js: 54ms, proxy.ts: 4ms, application-code: 83ms)
 GET /spaces/fresh-collective/pathways/real-journey/recognise 200 in 141ms (next.js: 71ms, proxy.ts: 2ms, application-code: 67ms)
 GET /spaces/fresh-collective/pathways/real-journey/recognise 200 in 83ms (next.js: 5ms, proxy.ts: 3ms, application-code: 75ms)
 GET /spaces/fresh-collective/pathways/real-journey/recognise 200 in 82ms (next.js: 19ms, proxy.ts: 3ms, application-code: 61ms)
 GET /spaces/fresh-collective/pathways/real-journey/recognise 200 in 102ms (next.js: 7ms, proxy.ts: 21ms, application-code: 74ms)
 GET /spaces/fresh-collective/pathways/real-journey/recognise 200 in 84ms (next.js: 18ms, proxy.ts: 3ms, application-code: 62ms)
 GET /spaces/fresh-collective/pathways/real-journey/recognise 200 in 136ms (next.js: 50ms, proxy.ts: 3ms, application-code: 83ms)
 GET /spaces/fresh-collective/pathways/real-journey/recognise 200 in 135ms (next.js: 38ms, proxy.ts: 3ms, application-code: 95ms)
 GET /spaces/fresh-collective/pathways/real-journey/recognise 200 in 137ms (next.js: 6ms, proxy.ts: 36ms, application-code: 95ms)
 GET /spaces/fresh-collective/pathways/real-journey/recognise 200 in 138ms (next.js: 28ms, proxy.ts: 27ms, application-code: 83ms)
 GET /spaces/fresh-collective/pathways/real-journey/recognise 200 in 136ms (next.js: 7ms, proxy.ts: 34ms, application-code: 94ms)
 GET /spaces/fresh-collective/pathways/real-journey/recognise 200 in 110ms (next.js: 34ms, proxy.ts: 8ms, application-code: 68ms)
 GET /spaces/fresh-collective/pathways/real-journey/recognise 200 in 119ms (next.js: 9ms, proxy.ts: 7ms, application-code: 103ms)
 GET /spaces/fresh-collective/pathways/real-journey/recognise 200 in 116ms (next.js: 21ms, proxy.ts: 4ms, application-code: 91ms)
 GET /spaces/fresh-collective/pathways/real-journey/recognise 200 in 111ms (next.js: 24ms, proxy.ts: 15ms, application-code: 72ms)
 GET /spaces/fresh-collective/pathways/real-journey/recognise 200 in 111ms (next.js: 34ms, proxy.ts: 15ms, application-code: 62ms)
 GET /spaces/fresh-collective/pathways/real-journey/recognise 200 in 114ms (next.js: 4ms, proxy.ts: 33ms, application-code: 78ms)
 GET /spaces/fresh-collective/pathways/real-journey/recognise 200 in 91ms (next.js: 16ms, proxy.ts: 8ms, application-code: 67ms)
 GET /spaces/fresh-collective/pathways/real-journey/recognise 200 in 127ms (next.js: 7ms, proxy.ts: 2ms, application-code: 118ms)
 GET /spaces/fresh-collective/pathways/real-journey/recognise 200 in 129ms (next.js: 21ms, proxy.ts: 2ms, application-code: 106ms)
 GET /spaces/fresh-collective/pathways/real-journey/recognise 200 in 128ms (next.js: 9ms, proxy.ts: 35ms, application-code: 85ms)
 GET /spaces/fresh-collective/pathways/real-journey/recognise 200 in 132ms (next.js: 24ms, proxy.ts: 36ms, application-code: 72ms)
 GET /spaces/fresh-collective/pathways/real-journey/recognise 200 in 135ms (next.js: 32ms, proxy.ts: 18ms, application-code: 85ms)
 GET /spaces/fresh-collective/pathways/real-journey/recognise 200 in 119ms (next.js: 28ms, proxy.ts: 21ms, application-code: 71ms)
 GET /spaces/fresh-collective/pathways/real-journey/recognise 200 in 132ms (next.js: 8ms, proxy.ts: 3ms, application-code: 122ms)
 GET /spaces/fresh-collective/pathways/real-journey/recognise 200 in 135ms (next.js: 25ms, proxy.ts: 3ms, application-code: 106ms)
 GET /spaces/fresh-collective/pathways/real-journey/recognise 200 in 132ms (next.js: 29ms, proxy.ts: 20ms, application-code: 84ms)
 GET /spaces/fresh-collective/pathways/real-journey/recognise 200 in 116ms (next.js: 24ms, proxy.ts: 25ms, application-code: 66ms)
 GET /spaces/fresh-collective/pathways/real-journey/recognise 200 in 123ms (next.js: 26ms, proxy.ts: 21ms, application-code: 76ms)
 GET /spaces/fresh-collective/pathways/real-journey/recognise 200 in 115ms (next.js: 15ms, proxy.ts: 27ms, application-code: 74ms)
 GET /spaces/fresh-collective/pathways/real-journey/recognise 200 in 138ms (next.js: 5ms, proxy.ts: 3ms, application-code: 130ms)
 GET /spaces/fresh-collective/pathways/real-journey/recognise 200 in 143ms (next.js: 19ms, proxy.ts: 3ms, application-code: 121ms)
 GET /spaces/fresh-collective/pathways/real-journey/recognise 200 in 143ms (next.js: 44ms, proxy.ts: 3ms, application-code: 96ms)
 GET /spaces/fresh-collective/pathways/real-journey/recognise 200 in 131ms (next.js: 39ms, proxy.ts: 19ms, application-code: 73ms)
 GET /spaces/fresh-collective/pathways/real-journey/recognise 200 in 124ms (next.js: 40ms, proxy.ts: 4ms, application-code: 80ms)
 GET /spaces/fresh-collective/pathways/real-journey/recognise 200 in 122ms (next.js: 26ms, proxy.ts: 31ms, application-code: 65ms)
 GET /spaces/fresh-collective/pathways/real-journey/recognise 200 in 134ms (next.js: 6ms, proxy.ts: 3ms, application-code: 125ms)
 GET /spaces/fresh-collective/pathways/real-journey/recognise 200 in 133ms (next.js: 19ms, proxy.ts: 3ms, application-code: 111ms)
 GET /spaces/fresh-collective/pathways/real-journey/recognise 200 in 132ms (next.js: 37ms, proxy.ts: 3ms, application-code: 93ms)
 GET /spaces/fresh-collective/pathways/real-journey/recognise 200 in 121ms (next.js: 23ms, proxy.ts: 22ms, application-code: 77ms)
 GET /spaces/fresh-collective/pathways/real-journey/recognise 200 in 118ms (next.js: 30ms, proxy.ts: 2ms, application-code: 86ms)
 GET /spaces/fresh-collective/pathways/real-journey/recognise 200 in 143ms (next.js: 22ms, proxy.ts: 27ms, application-code: 95ms)
 GET /spaces/fresh-collective/pathways/real-journey/recognise 200 in 75ms (next.js: 6ms, proxy.ts: 3ms, application-code: 66ms)
 GET /spaces/fresh-collective/pathways/real-journey/recognise 200 in 74ms (next.js: 21ms, proxy.ts: 3ms, application-code: 50ms)
 GET /spaces/fresh-collective/pathways/real-journey/recognise 200 in 72ms (next.js: 49ms, proxy.ts: 2ms, application-code: 20ms)
✓ Compiled in 141ms
 GET /spaces/fresh-collective/pathways/real-journey/recognise 200 in 228ms (next.js: 71ms, proxy.ts: 106ms, application-code: 51ms)
 GET /spaces/fresh-collective/pathways/real-journey/recognise 200 in 46ms (next.js: 7ms, proxy.ts: 6ms, application-code: 33ms)
 GET /spaces/fresh-collective/pathways/real-journey/recognise 200 in 55ms (next.js: 5ms, proxy.ts: 2ms, application-code: 48ms)
 GET /spaces/fresh-collective/pathways/real-journey/recognise 200 in 29ms (next.js: 6ms, proxy.ts: 5ms, application-code: 18ms)
 GET /spaces/fresh-collective/pathways/real-journey/recognise 200 in 22ms (next.js: 1519µs, proxy.ts: 2ms, application-code: 18ms)
 GET /spaces/fresh-collective/pathways/real-journey/recognise 200 in 26ms (next.js: 1729µs, proxy.ts: 1446µs, application-code: 22ms)
 GET /spaces/fresh-collective/pathways/real-journey/recognise 200 in 34ms (next.js: 13ms, proxy.ts: 2ms, application-code: 19ms)
 GET /spaces/fresh-collective/pathways/real-journey/recognise 200 in 26ms (next.js: 2ms, proxy.ts: 1844µs, application-code: 22ms)
 GET /spaces/fresh-collective/pathways/real-journey/recognise 200 in 20ms (next.js: 1977µs, proxy.ts: 2ms, application-code: 16ms)
 GET /spaces/fresh-collective/pathways/real-journey/recognise 200 in 29ms (next.js: 1978µs, proxy.ts: 1834µs, application-code: 25ms)
 GET /spaces/fresh-collective/pathways/real-journey/recognise 200 in 24ms (next.js: 3ms, proxy.ts: 1544µs, application-code: 19ms)
 GET /spaces/fresh-collective/pathways/real-journey/recognise 200 in 22ms (next.js: 2ms, proxy.ts: 1748µs, application-code: 18ms)
 GET /spaces/fresh-collective/pathways/real-journey/recognise 200 in 20ms (next.js: 1695µs, proxy.ts: 1474µs, application-code: 17ms)
 GET /spaces/fresh-collective/pathways/real-journey/recognise 200 in 21ms (next.js: 1606µs, proxy.ts: 1376µs, application-code: 18ms)
 GET /spaces/fresh-collective/pathways/real-journey/recognise 200 in 126ms (next.js: 3ms, proxy.ts: 1948µs, application-code: 121ms)
 GET /spaces/fresh-collective/pathways/real-journey/recognise 200 in 127ms (next.js: 14ms, proxy.ts: 2ms, application-code: 111ms)
 GET /spaces/fresh-collective/pathways/real-journey/recognise 200 in 128ms (next.js: 16ms, proxy.ts: 4ms, application-code: 108ms)
 GET /spaces/fresh-collective/pathways/real-journey/recognise 200 in 132ms (next.js: 31ms, proxy.ts: 4ms, application-code: 97ms)
 GET /spaces/fresh-collective/pathways/real-journey/recognise 200 in 132ms (next.js: 53ms, proxy.ts: 4ms, application-code: 75ms)
 GET /spaces/fresh-collective/pathways/real-journey/recognise 200 in 132ms (next.js: 67ms, proxy.ts: 4ms, application-code: 62ms)
 GET /spaces/fresh-collective/pathways/real-journey/recognise 200 in 118ms (next.js: 16ms, proxy.ts: 3ms, application-code: 100ms)
 GET /spaces/fresh-collective/pathways/real-journey/recognise 200 in 117ms (next.js: 3ms, proxy.ts: 2ms, application-code: 112ms)
 GET /spaces/fresh-collective/pathways/real-journey/recognise 200 in 111ms (next.js: 7ms, proxy.ts: 4ms, application-code: 99ms)
 GET /spaces/fresh-collective/pathways/real-journey/recognise 200 in 116ms (next.js: 21ms, proxy.ts: 4ms, application-code: 91ms)
 GET /spaces/fresh-collective/pathways/real-journey/recognise 200 in 116ms (next.js: 38ms, proxy.ts: 4ms, application-code: 74ms)
 GET /spaces/fresh-collective/pathways/real-journey/recognise 200 in 115ms (next.js: 51ms, proxy.ts: 3ms, application-code: 61ms)
 GET /spaces/fresh-collective/pathways/real-journey/recognise 200 in 125ms (next.js: 3ms, proxy.ts: 3ms, application-code: 119ms)
 GET /spaces/fresh-collective/pathways/real-journey/recognise 200 in 128ms (next.js: 16ms, proxy.ts: 2ms, application-code: 110ms)
 GET /spaces/fresh-collective/pathways/real-journey/recognise 200 in 136ms (next.js: 16ms, proxy.ts: 3ms, application-code: 117ms)
 GET /spaces/fresh-collective/pathways/real-journey/recognise 200 in 144ms (next.js: 31ms, proxy.ts: 4ms, application-code: 109ms)
 GET /spaces/fresh-collective/pathways/real-journey/recognise 200 in 143ms (next.js: 42ms, proxy.ts: 3ms, application-code: 98ms)
 GET /spaces/fresh-collective/pathways/real-journey/recognise 200 in 147ms (next.js: 65ms, proxy.ts: 3ms, application-code: 79ms)
 GET /spaces/fresh-collective/pathways/real-journey/recognise 200 in 142ms (next.js: 5ms, proxy.ts: 3ms, application-code: 134ms)
 GET /spaces/fresh-collective/pathways/real-journey/recognise 200 in 141ms (next.js: 18ms, proxy.ts: 3ms, application-code: 120ms)
 GET /spaces/fresh-collective/pathways/real-journey/recognise 200 in 111ms (next.js: 8ms, proxy.ts: 7ms, application-code: 95ms)
 GET /spaces/fresh-collective/pathways/real-journey/recognise 200 in 120ms (next.js: 22ms, proxy.ts: 4ms, application-code: 94ms)
 GET /spaces/fresh-collective/pathways/real-journey/recognise 200 in 122ms (next.js: 34ms, proxy.ts: 4ms, application-code: 84ms)
 GET /spaces/fresh-collective/pathways/real-journey/recognise 200 in 127ms (next.js: 60ms, proxy.ts: 4ms, application-code: 64ms)
 GET /spaces/fresh-collective/pathways/real-journey/recognise 200 in 117ms (next.js: 4ms, proxy.ts: 5ms, application-code: 108ms)
 GET /spaces/fresh-collective/pathways/real-journey/recognise 200 in 133ms (next.js: 18ms, proxy.ts: 6ms, application-code: 110ms)
 GET /spaces/fresh-collective/pathways/real-journey/recognise 200 in 103ms (next.js: 18ms, proxy.ts: 8ms, application-code: 77ms)
 GET /spaces/fresh-collective/pathways/real-journey/recognise 200 in 115ms (next.js: 32ms, proxy.ts: 8ms, application-code: 75ms)
 GET /spaces/fresh-collective/pathways/real-journey/recognise 200 in 112ms (next.js: 46ms, proxy.ts: 4ms, application-code: 62ms)
 GET /spaces/fresh-collective/pathways/real-journey/recognise 200 in 134ms (next.js: 66ms, proxy.ts: 2ms, application-code: 66ms)
 GET /spaces/fresh-collective/pathways/real-journey/recognise 200 in 112ms (next.js: 7ms, proxy.ts: 3ms, application-code: 102ms)
 GET /spaces/fresh-collective/pathways/real-journey/recognise 200 in 111ms (next.js: 23ms, proxy.ts: 1762µs, application-code: 87ms)
 GET /spaces/fresh-collective/pathways/real-journey/recognise 200 in 111ms (next.js: 14ms, proxy.ts: 17ms, application-code: 80ms)
 GET /spaces/fresh-collective/pathways/real-journey/recognise 200 in 130ms (next.js: 28ms, proxy.ts: 19ms, application-code: 84ms)
 GET /spaces/fresh-collective/pathways/real-journey/recognise 200 in 131ms (next.js: 36ms, proxy.ts: 24ms, application-code: 71ms)
 GET /spaces/fresh-collective/pathways/real-journey/recognise 200 in 195ms (next.js: 47ms, proxy.ts: 16ms, application-code: 132ms)
 GET /spaces/fresh-collective/pathways/real-journey/recognise 200 in 143ms (next.js: 21ms, proxy.ts: 2ms, application-code: 119ms)
 GET /spaces/fresh-collective/pathways/real-journey/recognise 200 in 130ms (next.js: 26ms, proxy.ts: 5ms, application-code: 99ms)
 GET /spaces/fresh-collective/pathways/real-journey/recognise 200 in 121ms (next.js: 33ms, proxy.ts: 4ms, application-code: 85ms)
 GET /spaces/fresh-collective/pathways/real-journey/recognise 200 in 140ms (next.js: 41ms, proxy.ts: 18ms, application-code: 81ms)
 GET /spaces/fresh-collective/pathways/real-journey/recognise 200 in 141ms (next.js: 55ms, proxy.ts: 18ms, application-code: 68ms)
 GET /spaces/fresh-collective/pathways/real-journey/recognise 200 in 122ms (next.js: 5ms, proxy.ts: 2ms, application-code: 115ms)
 GET /spaces/fresh-collective/pathways/real-journey/recognise 200 in 126ms (next.js: 19ms, proxy.ts: 2ms, application-code: 105ms)
 GET /spaces/fresh-collective/pathways/real-journey/recognise 200 in 131ms (next.js: 27ms, proxy.ts: 16ms, application-code: 87ms)
 GET /spaces/fresh-collective/pathways/real-journey/recognise 200 in 118ms (next.js: 22ms, proxy.ts: 4ms, application-code: 91ms)
 GET /spaces/fresh-collective/pathways/real-journey/recognise 200 in 117ms (next.js: 25ms, proxy.ts: 18ms, application-code: 74ms)
 GET /spaces/fresh-collective/pathways/real-journey/recognise 200 in 115ms (next.js: 36ms, proxy.ts: 19ms, application-code: 60ms)
 GET /spaces/fresh-collective/pathways/real-journey/recognise 200 in 244ms (next.js: 9ms, proxy.ts: 3ms, application-code: 232ms)
 GET /spaces/fresh-collective/pathways/real-journey/recognise 200 in 247ms (next.js: 30ms, proxy.ts: 5ms, application-code: 213ms)
 GET /spaces/fresh-collective/pathways/real-journey/recognise 200 in 242ms (next.js: 50ms, proxy.ts: 23ms, application-code: 169ms)
 GET /spaces/fresh-collective/pathways/real-journey/recognise 200 in 209ms (next.js: 9ms, proxy.ts: 48ms, application-code: 152ms)
 GET /spaces/fresh-collective/pathways/real-journey/recognise 200 in 205ms (next.js: 36ms, proxy.ts: 47ms, application-code: 122ms)
 GET /spaces/fresh-collective/pathways/real-journey/recognise 200 in 205ms (next.js: 50ms, proxy.ts: 47ms, application-code: 108ms)
 GET /spaces/fresh-collective/pathways/real-journey/recognise 200 in 59ms (next.js: 7ms, proxy.ts: 4ms, application-code: 49ms)
 GET /spaces/fresh-collective/pathways/real-journey/recognise 200 in 55ms (next.js: 20ms, proxy.ts: 3ms, application-code: 32ms)
 GET /spaces/fresh-collective/pathways/real-journey/recognise 200 in 52ms (next.js: 15ms, proxy.ts: 17ms, application-code: 20ms)
✓ Compiled in 27ms
 GET /spaces/fresh-collective/pathways/real-journey/recognise 200 in 49ms (next.js: 15ms, proxy.ts: 2ms, application-code: 32ms)
 GET /spaces/fresh-collective/pathways/real-journey/recognise 200 in 101ms (next.js: 32ms, proxy.ts: 7ms, application-code: 61ms)
 GET /spaces/fresh-collective/pathways/real-journey/recognise 200 in 52ms (next.js: 2ms, proxy.ts: 2ms, application-code: 48ms)
 GET /spaces/fresh-collective/pathways/real-journey/recognise 200 in 40ms (next.js: 1716µs, proxy.ts: 1749µs, application-code: 36ms)
 GET /spaces/fresh-collective/pathways/real-journey/recognise 200 in 46ms (next.js: 3ms, proxy.ts: 2ms, application-code: 41ms)
 GET /spaces/fresh-collective/pathways/real-journey/recognise 200 in 21ms (next.js: 2ms, proxy.ts: 1840µs, application-code: 17ms)
 GET /spaces/fresh-collective/pathways/real-journey/recognise 200 in 29ms (next.js: 2ms, proxy.ts: 1774µs, application-code: 25ms)
 GET /spaces/fresh-collective/pathways/real-journey/recognise 200 in 59ms (next.js: 7ms, proxy.ts: 3ms, application-code: 49ms)
 GET /spaces/fresh-collective/pathways/real-journey/recognise 200 in 59ms (next.js: 27ms, proxy.ts: 3ms, application-code: 29ms)
✓ Compiled in 186ms
✓ Compiled in 46ms
 GET /spaces/fresh-collective/pathways/real-journey/recognise 200 in 114ms (next.js: 39ms, proxy.ts: 9ms, application-code: 66ms)
 GET /spaces/fresh-collective/pathways/real-journey/recognise 200 in 57ms (next.js: 5ms, proxy.ts: 10ms, application-code: 42ms)
 GET /spaces/fresh-collective/pathways/real-journey/recognise 200 in 37ms (next.js: 3ms, proxy.ts: 5ms, application-code: 29ms)
 GET /spaces/fresh-collective/pathways/real-journey/recognise 200 in 32ms (next.js: 4ms, proxy.ts: 2ms, application-code: 25ms)
 GET /spaces/fresh-collective/pathways/real-journey/recognise 200 in 34ms (next.js: 6ms, proxy.ts: 2ms, application-code: 26ms)
 GET /spaces/fresh-collective/pathways/real-journey/recognise 200 in 35ms (next.js: 3ms, proxy.ts: 3ms, application-code: 29ms)
 GET /spaces/fresh-collective/pathways/real-journey/recognise 200 in 34ms (next.js: 2ms, proxy.ts: 3ms, application-code: 28ms)
 GET /spaces/fresh-collective/pathways/real-journey/recognise 200 in 23ms (next.js: 2ms, proxy.ts: 1526µs, application-code: 19ms)
✓ Compiled in 30ms
✓ Compiled in 216ms
 GET /spaces/fresh-collective/pathways/real-journey/recognise 200 in 239ms (next.js: 84ms, proxy.ts: 74ms, application-code: 81ms)
 GET /spaces/fresh-collective/pathways/real-journey/recognise 200 in 69ms (next.js: 4ms, proxy.ts: 3ms, application-code: 62ms)
 GET /spaces/fresh-collective/pathways/real-journey/recognise 200 in 94ms (next.js: 7ms, proxy.ts: 6ms, application-code: 81ms)
 GET /spaces/fresh-collective/pathways/real-journey/recognise 200 in 102ms (next.js: 5ms, proxy.ts: 4ms, application-code: 93ms)
 GET /spaces/fresh-collective/pathways/real-journey/recognise 200 in 209ms (next.js: 95ms, proxy.ts: 62ms, application-code: 51ms)
 GET /spaces/fresh-collective/pathways/real-journey/recognise 200 in 36ms (next.js: 4ms, proxy.ts: 2ms, application-code: 30ms)
 GET /spaces/fresh-collective/pathways/real-journey/recognise 200 in 43ms (next.js: 4ms, proxy.ts: 2ms, application-code: 36ms)
 GET /spaces/fresh-collective/pathways/real-journey/recognise 200 in 73ms (next.js: 3ms, proxy.ts: 3ms, application-code: 67ms)
 GET /spaces/fresh-collective/pathways/real-journey/recognise 200 in 76ms (next.js: 18ms, proxy.ts: 4ms, application-code: 54ms)
 GET /spaces/fresh-collective/pathways/real-journey/recognise 200 in 242ms (next.js: 31ms, proxy.ts: 7ms, application-code: 204ms)
 GET /spaces/fresh-collective/pathways/real-journey/recognise 200 in 242ms (next.js: 10ms, proxy.ts: 8ms, application-code: 224ms)
 GET /spaces/fresh-collective/pathways/real-journey/recognise 200 in 246ms (next.js: 50ms, proxy.ts: 7ms, application-code: 189ms)
 GET /spaces/fresh-collective/pathways/real-journey/recognise 200 in 248ms (next.js: 85ms, proxy.ts: 6ms, application-code: 157ms)
 GET /spaces/fresh-collective/pathways/real-journey/recognise 200 in 128ms (next.js: 20ms, proxy.ts: 41ms, application-code: 66ms)
 GET /spaces/fresh-collective/pathways/real-journey/recognise 200 in 128ms (next.js: 40ms, proxy.ts: 42ms, application-code: 46ms)
 GET /spaces/fresh-collective/pathways/real-journey/recognise 200 in 138ms (next.js: 12ms, proxy.ts: 4ms, application-code: 122ms)
 GET /spaces/fresh-collective/pathways/real-journey/recognise 200 in 139ms (next.js: 23ms, proxy.ts: 10ms, application-code: 106ms)
 GET /spaces/fresh-collective/pathways/real-journey/recognise 200 in 138ms (next.js: 37ms, proxy.ts: 9ms, application-code: 92ms)
 GET /spaces/fresh-collective/pathways/real-journey/recognise 200 in 138ms (next.js: 59ms, proxy.ts: 9ms, application-code: 70ms)
 GET /spaces/fresh-collective/pathways/real-journey/recognise 200 in 61ms (next.js: 4ms, proxy.ts: 7ms, application-code: 50ms)
 GET /spaces/fresh-collective/pathways/real-journey/recognise 200 in 85ms (next.js: 21ms, proxy.ts: 8ms, application-code: 57ms)
 GET /spaces/fresh-collective/pathways/real-journey/recognise 200 in 136ms (next.js: 8ms, proxy.ts: 5ms, application-code: 123ms)
 GET /spaces/fresh-collective/pathways/real-journey/recognise 200 in 135ms (next.js: 40ms, proxy.ts: 4ms, application-code: 91ms)
 GET /spaces/fresh-collective/pathways/real-journey/recognise 200 in 136ms (next.js: 30ms, proxy.ts: 5ms, application-code: 101ms)
 GET /spaces/fresh-collective/pathways/real-journey/recognise 200 in 137ms (next.js: 55ms, proxy.ts: 5ms, application-code: 78ms)
 GET /spaces/fresh-collective/pathways/real-journey/recognise 200 in 90ms (next.js: 16ms, proxy.ts: 23ms, application-code: 51ms)
 GET /spaces/fresh-collective/pathways/real-journey/recognise 200 in 115ms (next.js: 28ms, proxy.ts: 5ms, application-code: 82ms)
 GET /spaces/fresh-collective/pathways/real-journey/recognise 200 in 135ms (next.js: 6ms, proxy.ts: 6ms, application-code: 123ms)
 GET /spaces/fresh-collective/pathways/real-journey/recognise 200 in 137ms (next.js: 31ms, proxy.ts: 4ms, application-code: 103ms)
 GET /spaces/fresh-collective/pathways/real-journey/recognise 200 in 136ms (next.js: 17ms, proxy.ts: 6ms, application-code: 113ms)
 GET /spaces/fresh-collective/pathways/real-journey/recognise 200 in 138ms (next.js: 56ms, proxy.ts: 5ms, application-code: 76ms)
 GET /spaces/fresh-collective/pathways/real-journey/recognise 200 in 92ms (next.js: 6ms, proxy.ts: 26ms, application-code: 60ms)
 GET /spaces/fresh-collective/pathways/real-journey/recognise 200 in 137ms (next.js: 18ms, proxy.ts: 23ms, application-code: 96ms)
 GET /spaces/fresh-collective/pathways/real-journey/recognise 200 in 130ms (next.js: 9ms, proxy.ts: 4ms, application-code: 116ms)
 GET /spaces/fresh-collective/pathways/real-journey/recognise 200 in 146ms (next.js: 37ms, proxy.ts: 5ms, application-code: 104ms)
 GET /spaces/fresh-collective/pathways/real-journey/recognise 200 in 147ms (next.js: 27ms, proxy.ts: 4ms, application-code: 116ms)
 GET /spaces/fresh-collective/pathways/real-journey/recognise 200 in 153ms (next.js: 74ms, proxy.ts: 3ms, application-code: 76ms)
 GET /spaces/fresh-collective/pathways/real-journey/recognise 200 in 133ms (next.js: 43ms, proxy.ts: 39ms, application-code: 51ms)
 GET /spaces/fresh-collective/pathways/real-journey/recognise 200 in 170ms (next.js: 21ms, proxy.ts: 40ms, application-code: 109ms)
 GET /spaces/fresh-collective/pathways/real-journey/recognise 200 in 111ms (next.js: 8ms, proxy.ts: 4ms, application-code: 99ms)
 GET /spaces/fresh-collective/pathways/real-journey/recognise 200 in 124ms (next.js: 23ms, proxy.ts: 4ms, application-code: 97ms)
 GET /spaces/fresh-collective/pathways/real-journey/recognise 200 in 124ms (next.js: 33ms, proxy.ts: 4ms, application-code: 87ms)
 GET /spaces/fresh-collective/pathways/real-journey/recognise 200 in 126ms (next.js: 59ms, proxy.ts: 3ms, application-code: 64ms)
 GET /spaces/fresh-collective/pathways/real-journey/recognise 200 in 111ms (next.js: 24ms, proxy.ts: 42ms, application-code: 45ms)
 GET /spaces/fresh-collective/pathways/real-journey/recognise 200 in 127ms (next.js: 3ms, proxy.ts: 3ms, application-code: 121ms)
 GET /spaces/fresh-collective/pathways/real-journey/recognise 200 in 133ms (next.js: 7ms, proxy.ts: 6ms, application-code: 120ms)
 GET /spaces/fresh-collective/pathways/real-journey/recognise 200 in 129ms (next.js: 35ms, proxy.ts: 3ms, application-code: 90ms)
 GET /spaces/fresh-collective/pathways/real-journey/recognise 200 in 129ms (next.js: 25ms, proxy.ts: 3ms, application-code: 101ms)
 GET /spaces/fresh-collective/pathways/real-journey/recognise 200 in 147ms (next.js: 64ms, proxy.ts: 20ms, application-code: 63ms)
 GET /spaces/fresh-collective/pathways/real-journey/recognise 200 in 131ms (next.js: 41ms, proxy.ts: 44ms, application-code: 46ms)
 GET /spaces/fresh-collective/pathways/real-journey/recognise 200 in 122ms (next.js: 4ms, proxy.ts: 18ms, application-code: 101ms)
 GET /spaces/fresh-collective/pathways/real-journey/recognise 200 in 125ms (next.js: 10ms, proxy.ts: 20ms, application-code: 95ms)
 GET /spaces/fresh-collective/pathways/real-journey/recognise 200 in 112ms (next.js: 25ms, proxy.ts: 8ms, application-code: 79ms)
 GET /spaces/fresh-collective/pathways/real-journey/recognise 200 in 112ms (next.js: 36ms, proxy.ts: 8ms, application-code: 69ms)
 GET /spaces/fresh-collective/pathways/real-journey/recognise 200 in 127ms (next.js: 58ms, proxy.ts: 4ms, application-code: 65ms)
 GET /spaces/fresh-collective/pathways/real-journey/recognise 200 in 127ms (next.js: 24ms, proxy.ts: 50ms, application-code: 53ms)
 GET /spaces/fresh-collective/pathways/real-journey/recognise 200 in 107ms (next.js: 3ms, proxy.ts: 3ms, application-code: 101ms)
 GET /spaces/fresh-collective/pathways/real-journey/recognise 200 in 148ms (next.js: 8ms, proxy.ts: 7ms, application-code: 133ms)
 GET /spaces/fresh-collective/pathways/real-journey/recognise 200 in 159ms (next.js: 34ms, proxy.ts: 5ms, application-code: 119ms)
 GET /spaces/fresh-collective/pathways/real-journey/recognise 200 in 161ms (next.js: 49ms, proxy.ts: 6ms, application-code: 106ms)
 GET /spaces/fresh-collective/pathways/real-journey/recognise 200 in 160ms (next.js: 85ms, proxy.ts: 3ms, application-code: 72ms)
 GET /spaces/fresh-collective/pathways/real-journey/recognise 200 in 157ms (next.js: 46ms, proxy.ts: 58ms, application-code: 52ms)
 GET /spaces/fresh-collective/pathways/real-journey/recognise 200 in 109ms (next.js: 3ms, proxy.ts: 9ms, application-code: 97ms)
 GET /spaces/fresh-collective/pathways/real-journey/recognise 200 in 121ms (next.js: 7ms, proxy.ts: 3ms, application-code: 111ms)
 GET /spaces/fresh-collective/pathways/real-journey/recognise 200 in 140ms (next.js: 33ms, proxy.ts: 3ms, application-code: 103ms)
 GET /spaces/fresh-collective/pathways/real-journey/recognise 200 in 141ms (next.js: 52ms, proxy.ts: 3ms, application-code: 86ms)
 GET /spaces/fresh-collective/pathways/real-journey/recognise 200 in 139ms (next.js: 47ms, proxy.ts: 28ms, application-code: 64ms)
 GET /spaces/fresh-collective/pathways/real-journey/recognise 200 in 115ms (next.js: 42ms, proxy.ts: 23ms, application-code: 50ms)
 GET /spaces/fresh-collective/pathways/real-journey/recognise 200 in 37ms (next.js: 3ms, proxy.ts: 8ms, application-code: 26ms)
 GET /spaces/fresh-collective/pathways/real-journey/recognise 200 in 146ms (next.js: 11ms, proxy.ts: 3ms, application-code: 132ms)
 GET /spaces/fresh-collective/pathways/real-journey/recognise 200 in 153ms (next.js: 25ms, proxy.ts: 6ms, application-code: 122ms)
 GET /spaces/fresh-collective/pathways/real-journey/recognise 200 in 139ms (next.js: 18ms, proxy.ts: 40ms, application-code: 80ms)
 GET /spaces/fresh-collective/pathways/real-journey/recognise 200 in 139ms (next.js: 57ms, proxy.ts: 41ms, application-code: 40ms)
 GET /spaces/fresh-collective/pathways/real-journey/recognise 200 in 139ms (next.js: 47ms, proxy.ts: 41ms, application-code: 52ms)
 GET /spaces/fresh-collective/pathways/real-journey/recognise 200 in 140ms (next.js: 31ms, proxy.ts: 41ms, application-code: 69ms)
 GET /spaces/fresh-collective/pathways/real-journey/recognise 200 in 24ms (next.js: 4ms, proxy.ts: 2ms, application-code: 18ms)
✓ Compiled in 121ms
✓ Compiled in 375ms
 GET /spaces/fresh-collective/pathways/real-journey/recognise 200 in 339ms (next.js: 131ms, proxy.ts: 10ms, application-code: 198ms)
 GET /spaces/fresh-collective/pathways/real-journey/recognise 200 in 159ms (next.js: 62ms, proxy.ts: 43ms, application-code: 53ms)
 GET /spaces/fresh-collective/pathways/real-journey/recognise 200 in 272ms (next.js: 25ms, proxy.ts: 5ms, application-code: 242ms)
 GET /spaces/fresh-collective/pathways/real-journey/recognise 200 in 273ms (next.js: 65ms, proxy.ts: 5ms, application-code: 203ms)
 GET /spaces/fresh-collective/pathways/real-journey/recognise 200 in 97ms (next.js: 35ms, proxy.ts: 4ms, application-code: 57ms)
✓ Compiled in 72ms
 GET /spaces/fresh-collective/pathways/real-journey/recognise 200 in 53ms (next.js: 16ms, proxy.ts: 5ms, application-code: 32ms)
 GET /spaces/fresh-collective/pathways/real-journey/recognise 200 in 63ms (next.js: 18ms, proxy.ts: 2ms, application-code: 43ms)
✓ Compiled in 60ms
✓ Compiled in 46ms
 GET /spaces/fresh-collective/pathways/real-journey/recognise 200 in 73ms (next.js: 23ms, proxy.ts: 6ms, application-code: 44ms)
✓ Compiled in 66ms
 GET /spaces/fresh-collective/pathways/real-journey/recognise 200 in 84ms (next.js: 19ms, proxy.ts: 10ms, application-code: 55ms)
✓ Compiled in 29ms
 GET /spaces/fresh-collective/pathways/real-journey/recognise 200 in 54ms (next.js: 20ms, proxy.ts: 3ms, application-code: 31ms)
✓ Compiled in 32ms
 GET /spaces/fresh-collective/pathways/real-journey/recognise 200 in 65ms (next.js: 23ms, proxy.ts: 6ms, application-code: 36ms)
✓ Compiled in 28ms
 GET /spaces/fresh-collective/pathways/real-journey/recognise 200 in 84ms (next.js: 23ms, proxy.ts: 3ms, application-code: 58ms)
✓ Compiled in 26ms
 GET /spaces/fresh-collective/pathways/real-journey/recognise 200 in 65ms (next.js: 24ms, proxy.ts: 8ms, application-code: 33ms)
✓ Compiled in 31ms
 GET /spaces/fresh-collective/pathways/real-journey/recognise 200 in 61ms (next.js: 17ms, proxy.ts: 5ms, application-code: 39ms)
 GET /spaces/fresh-collective/pathways/real-journey/recognise 200 in 326ms (next.js: 70ms, proxy.ts: 11ms, application-code: 244ms)
 GET /spaces/fresh-collective 200 in 296ms (next.js: 41ms, proxy.ts: 6ms, application-code: 249ms)
[browser] Detected `scroll-behavior: smooth` on the `<html>` element. To disable smooth scrolling during route transitions, add `data-scroll-behavior="smooth"` to your <html> element. Learn more: https://nextjs.org/docs/messages/missing-data-scroll-behavior
 GET /dashboard 200 in 48ms (next.js: 15ms, proxy.ts: 2ms, application-code: 30ms)
 GET / 200 in 195ms (next.js: 18ms, proxy.ts: 2ms, application-code: 175ms)
✓ Compiled in 123ms
 GET / 200 in 122ms (next.js: 5ms, proxy.ts: 51ms, application-code: 67ms)
 GET / 200 in 63ms (next.js: 3ms, proxy.ts: 4ms, application-code: 57ms)
 GET / 200 in 50ms (next.js: 6ms, proxy.ts: 3ms, application-code: 41ms)
 GET / 200 in 59ms (next.js: 4ms, proxy.ts: 5ms, application-code: 50ms)
 GET / 200 in 58ms (next.js: 1370µs, proxy.ts: 4ms, application-code: 53ms)
 GET / 200 in 43ms (next.js: 1887µs, proxy.ts: 2ms, application-code: 39ms)
 GET / 200 in 33ms (next.js: 1942µs, proxy.ts: 3ms, application-code: 28ms)
 GET / 200 in 36ms (next.js: 1260µs, proxy.ts: 1918µs, application-code: 33ms)
 GET / 200 in 48ms (next.js: 1460µs, proxy.ts: 1345µs, application-code: 45ms)
✓ Compiled in 106ms
✓ Compiled in 54ms
 GET / 200 in 266ms (next.js: 78ms, proxy.ts: 79ms, application-code: 109ms)
 GET / 200 in 94ms (next.js: 4ms, proxy.ts: 5ms, application-code: 86ms)
 GET / 200 in 62ms (next.js: 2ms, proxy.ts: 3ms, application-code: 57ms)
 GET / 200 in 118ms (next.js: 1640µs, proxy.ts: 5ms, application-code: 112ms)
 GET / 200 in 39ms (next.js: 4ms, proxy.ts: 8ms, application-code: 28ms)
 GET / 200 in 27ms (next.js: 1114µs, proxy.ts: 1676µs, application-code: 24ms)
 GET / 200 in 29ms (next.js: 2ms, proxy.ts: 2ms, application-code: 25ms)
 GET / 200 in 42ms (next.js: 3ms, proxy.ts: 2ms, application-code: 36ms)
 GET / 200 in 34ms (next.js: 1329µs, proxy.ts: 2ms, application-code: 30ms)
 GET / 200 in 28ms (next.js: 4ms, proxy.ts: 1776µs, application-code: 22ms)
 GET / 200 in 145ms (next.js: 22ms, proxy.ts: 2ms, application-code: 121ms)
 GET / 200 in 146ms (next.js: 1464µs, proxy.ts: 2ms, application-code: 142ms)
 GET / 200 in 149ms (next.js: 4ms, proxy.ts: 6ms, application-code: 139ms)
 GET / 200 in 145ms (next.js: 43ms, proxy.ts: 4ms, application-code: 98ms)
 GET / 200 in 144ms (next.js: 40ms, proxy.ts: 24ms, application-code: 79ms)
 GET / 200 in 146ms (next.js: 25ms, proxy.ts: 4ms, application-code: 117ms)
 GET / 200 in 153ms (next.js: 1734µs, proxy.ts: 2ms, application-code: 149ms)
 GET / 200 in 153ms (next.js: 18ms, proxy.ts: 2ms, application-code: 133ms)
 GET / 200 in 104ms (next.js: 52ms, proxy.ts: 3ms, application-code: 49ms)
 GET / 200 in 106ms (next.js: 3ms, proxy.ts: 3ms, application-code: 99ms)
 GET / 200 in 105ms (next.js: 35ms, proxy.ts: 3ms, application-code: 67ms)
 GET / 200 in 106ms (next.js: 74ms, proxy.ts: 4ms, application-code: 28ms)
 GET / 200 in 145ms (next.js: 67ms, proxy.ts: 6ms, application-code: 73ms)
 GET / 200 in 146ms (next.js: 27ms, proxy.ts: 5ms, application-code: 114ms)
 GET / 200 in 146ms (next.js: 49ms, proxy.ts: 5ms, application-code: 92ms)
 GET / 200 in 147ms (next.js: 6ms, proxy.ts: 5ms, application-code: 137ms)
 GET / 200 in 146ms (next.js: 115ms, proxy.ts: 5ms, application-code: 26ms)
 GET / 200 in 161ms (next.js: 88ms, proxy.ts: 6ms, application-code: 67ms)
 GET / 200 in 141ms (next.js: 24ms, proxy.ts: 8ms, application-code: 108ms)
 GET / 200 in 142ms (next.js: 7ms, proxy.ts: 8ms, application-code: 127ms)
 GET / 200 in 141ms (next.js: 62ms, proxy.ts: 9ms, application-code: 70ms)
 GET / 200 in 141ms (next.js: 47ms, proxy.ts: 9ms, application-code: 86ms)
 GET / 200 in 140ms (next.js: 87ms, proxy.ts: 6ms, application-code: 47ms)
 GET / 200 in 149ms (next.js: 1251µs, proxy.ts: 21ms, application-code: 126ms)
 GET / 200 in 153ms (next.js: 3ms, proxy.ts: 5ms, application-code: 146ms)
 GET / 200 in 155ms (next.js: 51ms, proxy.ts: 4ms, application-code: 99ms)
 GET / 200 in 155ms (next.js: 34ms, proxy.ts: 4ms, application-code: 117ms)
 GET / 200 in 155ms (next.js: 75ms, proxy.ts: 4ms, application-code: 75ms)
 GET / 200 in 154ms (next.js: 22ms, proxy.ts: 75ms, application-code: 57ms)
 GET / 200 in 118ms (next.js: 1346µs, proxy.ts: 1648µs, application-code: 115ms)
 GET / 200 in 132ms (next.js: 41ms, proxy.ts: 4ms, application-code: 88ms)
 GET / 200 in 132ms (next.js: 4ms, proxy.ts: 4ms, application-code: 125ms)
 GET / 200 in 132ms (next.js: 57ms, proxy.ts: 5ms, application-code: 70ms)
 GET / 200 in 135ms (next.js: 21ms, proxy.ts: 4ms, application-code: 109ms)
 GET / 200 in 129ms (next.js: 26ms, proxy.ts: 57ms, application-code: 46ms)
 GET / 200 in 129ms (next.js: 1072µs, proxy.ts: 3ms, application-code: 125ms)
 GET / 200 in 141ms (next.js: 8ms, proxy.ts: 4ms, application-code: 129ms)
 GET / 200 in 140ms (next.js: 28ms, proxy.ts: 4ms, application-code: 108ms)
 GET / 200 in 140ms (next.js: 45ms, proxy.ts: 4ms, application-code: 91ms)
 GET / 200 in 139ms (next.js: 77ms, proxy.ts: 7ms, application-code: 56ms)
 GET / 200 in 141ms (next.js: 58ms, proxy.ts: 8ms, application-code: 75ms)
 GET / 200 in 131ms (next.js: 3ms, proxy.ts: 3ms, application-code: 125ms)
 GET / 200 in 96ms (next.js: 26ms, proxy.ts: 5ms, application-code: 65ms)
 GET / 200 in 100ms (next.js: 4ms, proxy.ts: 5ms, application-code: 90ms)
 GET / 200 in 97ms (next.js: 53ms, proxy.ts: 4ms, application-code: 40ms)
 GET / 200 in 101ms (next.js: 42ms, proxy.ts: 4ms, application-code: 54ms)
 GET / 200 in 101ms (next.js: 72ms, proxy.ts: 4ms, application-code: 25ms)
 GET / 200 in 91ms (next.js: 17ms, proxy.ts: 4ms, application-code: 70ms)
 GET / 200 in 89ms (next.js: 33ms, proxy.ts: 6ms, application-code: 50ms)
 GET / 200 in 93ms (next.js: 5ms, proxy.ts: 4ms, application-code: 83ms)
 GET / 200 in 90ms (next.js: 15ms, proxy.ts: 32ms, application-code: 42ms)
 GET / 200 in 74ms (next.js: 18ms, proxy.ts: 16ms, application-code: 40ms)
 GET / 200 in 82ms (next.js: 11ms, proxy.ts: 27ms, application-code: 43ms)
 GET / 200 in 98ms (next.js: 16ms, proxy.ts: 11ms, application-code: 71ms)
 GET / 200 in 98ms (next.js: 24ms, proxy.ts: 11ms, application-code: 63ms)
 GET / 200 in 91ms (next.js: 41ms, proxy.ts: 6ms, application-code: 45ms)
 GET / 200 in 102ms (next.js: 5ms, proxy.ts: 12ms, application-code: 86ms)
 GET / 200 in 55ms (next.js: 1744µs, proxy.ts: 18ms, application-code: 35ms)
 GET / 200 in 54ms (next.js: 11ms, proxy.ts: 16ms, application-code: 26ms)
 GET / 200 in 108ms (next.js: 17ms, proxy.ts: 4ms, application-code: 87ms)
 GET / 200 in 109ms (next.js: 5ms, proxy.ts: 4ms, application-code: 101ms)
 GET / 200 in 108ms (next.js: 41ms, proxy.ts: 4ms, application-code: 63ms)
 GET / 200 in 108ms (next.js: 58ms, proxy.ts: 4ms, application-code: 46ms)
 GET / 200 in 68ms (next.js: 5ms, proxy.ts: 30ms, application-code: 33ms)
✓ Compiled in 81ms
 GET / 200 in 96ms (next.js: 33ms, proxy.ts: 7ms, application-code: 55ms)
✓ Compiled in 0ms
 GET / 200 in 43ms (next.js: 5ms, proxy.ts: 7ms, application-code: 32ms)
 GET / 200 in 35ms (next.js: 1589µs, proxy.ts: 3ms, application-code: 30ms)
 GET / 200 in 30ms (next.js: 1112µs, proxy.ts: 3ms, application-code: 26ms)
 GET / 200 in 152ms (next.js: 1578µs, proxy.ts: 5ms, application-code: 146ms)
 GET / 200 in 153ms (next.js: 23ms, proxy.ts: 5ms, application-code: 125ms)
 GET / 200 in 151ms (next.js: 21ms, proxy.ts: 4ms, application-code: 126ms)
 GET / 200 in 152ms (next.js: 5ms, proxy.ts: 4ms, application-code: 144ms)
 GET / 200 in 151ms (next.js: 40ms, proxy.ts: 3ms, application-code: 108ms)
 GET / 200 in 152ms (next.js: 61ms, proxy.ts: 3ms, application-code: 87ms)
 GET / 200 in 144ms (next.js: 1790µs, proxy.ts: 3ms, application-code: 139ms)
 GET / 200 in 146ms (next.js: 24ms, proxy.ts: 3ms, application-code: 119ms)
 GET / 200 in 127ms (next.js: 4ms, proxy.ts: 4ms, application-code: 120ms)
 GET / 200 in 155ms (next.js: 40ms, proxy.ts: 4ms, application-code: 111ms)
 GET / 200 in 157ms (next.js: 26ms, proxy.ts: 4ms, application-code: 127ms)
 GET / 200 in 159ms (next.js: 63ms, proxy.ts: 4ms, application-code: 92ms)
 GET / 200 in 179ms (next.js: 4ms, proxy.ts: 3ms, application-code: 171ms)
 GET / 200 in 178ms (next.js: 7ms, proxy.ts: 28ms, application-code: 144ms)
 GET / 200 in 162ms (next.js: 4ms, proxy.ts: 5ms, application-code: 153ms)
 GET / 200 in 198ms (next.js: 21ms, proxy.ts: 4ms, application-code: 173ms)
 GET / 200 in 199ms (next.js: 46ms, proxy.ts: 4ms, application-code: 149ms)
 GET / 200 in 206ms (next.js: 27ms, proxy.ts: 45ms, application-code: 134ms)
 GET / 200 in 242ms (next.js: 6ms, proxy.ts: 3ms, application-code: 233ms)
 GET / 200 in 241ms (next.js: 40ms, proxy.ts: 6ms, application-code: 195ms)
 GET / 200 in 165ms (next.js: 15ms, proxy.ts: 14ms, application-code: 136ms)
 GET / 200 in 182ms (next.js: 65ms, proxy.ts: 12ms, application-code: 105ms)
 GET / 200 in 183ms (next.js: 87ms, proxy.ts: 12ms, application-code: 84ms)
 GET / 200 in 183ms (next.js: 51ms, proxy.ts: 72ms, application-code: 59ms)
 GET / 200 in 111ms (next.js: 2ms, proxy.ts: 2ms, application-code: 106ms)
 GET / 200 in 110ms (next.js: 23ms, proxy.ts: 2ms, application-code: 85ms)
 GET / 200 in 81ms (next.js: 5ms, proxy.ts: 4ms, application-code: 72ms)
 GET / 200 in 121ms (next.js: 22ms, proxy.ts: 5ms, application-code: 94ms)
 GET / 200 in 122ms (next.js: 32ms, proxy.ts: 5ms, application-code: 85ms)
 GET / 200 in 148ms (next.js: 32ms, proxy.ts: 16ms, application-code: 101ms)
 GET / 200 in 144ms (next.js: 3ms, proxy.ts: 3ms, application-code: 139ms)
 GET / 200 in 144ms (next.js: 19ms, proxy.ts: 2ms, application-code: 123ms)
 GET / 200 in 104ms (next.js: 3ms, proxy.ts: 6ms, application-code: 96ms)
 GET / 200 in 122ms (next.js: 25ms, proxy.ts: 3ms, application-code: 94ms)
 GET / 200 in 147ms (next.js: 20ms, proxy.ts: 24ms, application-code: 103ms)
 GET / 200 in 114ms (next.js: 1368µs, proxy.ts: 29ms, application-code: 84ms)
 GET / 200 in 147ms (next.js: 6ms, proxy.ts: 2ms, application-code: 139ms)
 GET / 200 in 147ms (next.js: 24ms, proxy.ts: 2ms, application-code: 121ms)
 GET / 200 in 96ms (next.js: 2ms, proxy.ts: 5ms, application-code: 90ms)
 GET / 200 in 94ms (next.js: 40ms, proxy.ts: 3ms, application-code: 51ms)
 GET / 200 in 149ms (next.js: 21ms, proxy.ts: 32ms, application-code: 95ms)
 GET / 200 in 126ms (next.js: 1745µs, proxy.ts: 7ms, application-code: 117ms)
 GET / 200 in 142ms (next.js: 2ms, proxy.ts: 2ms, application-code: 137ms)
 GET / 200 in 142ms (next.js: 25ms, proxy.ts: 2ms, application-code: 115ms)
 GET / 200 in 150ms (next.js: 8ms, proxy.ts: 24ms, application-code: 118ms)
 GET / 200 in 130ms (next.js: 19ms, proxy.ts: 8ms, application-code: 102ms)
 GET / 200 in 131ms (next.js: 41ms, proxy.ts: 8ms, application-code: 83ms)
 GET / 200 in 156ms (next.js: 1062µs, proxy.ts: 3ms, application-code: 152ms)
 GET / 200 in 159ms (next.js: 1876µs, proxy.ts: 2ms, application-code: 155ms)
 GET / 200 in 159ms (next.js: 36ms, proxy.ts: 2ms, application-code: 121ms)
 GET / 200 in 105ms (next.js: 4ms, proxy.ts: 5ms, application-code: 96ms)
 GET / 200 in 103ms (next.js: 25ms, proxy.ts: 4ms, application-code: 74ms)
 GET / 200 in 102ms (next.js: 40ms, proxy.ts: 4ms, application-code: 58ms)
 GET / 200 in 129ms (next.js: 3ms, proxy.ts: 1813µs, application-code: 124ms)
 GET / 200 in 120ms (next.js: 23ms, proxy.ts: 3ms, application-code: 94ms)
 GET / 200 in 123ms (next.js: 4ms, proxy.ts: 1953µs, application-code: 118ms)
 GET / 200 in 119ms (next.js: 37ms, proxy.ts: 22ms, application-code: 60ms)
 GET / 200 in 101ms (next.js: 42ms, proxy.ts: 23ms, application-code: 36ms)
 GET / 200 in 144ms (next.js: 23ms, proxy.ts: 22ms, application-code: 100ms)
 GET / 200 in 106ms (next.js: 4ms, proxy.ts: 1625µs, application-code: 100ms)
 GET / 200 in 98ms (next.js: 2ms, proxy.ts: 3ms, application-code: 93ms)
 GET / 200 in 79ms (next.js: 4ms, proxy.ts: 3ms, application-code: 71ms)
 GET / 200 in 78ms (next.js: 29ms, proxy.ts: 3ms, application-code: 46ms)
 GET / 200 in 79ms (next.js: 13ms, proxy.ts: 3ms, application-code: 63ms)
 GET / 200 in 82ms (next.js: 1275µs, proxy.ts: 14ms, application-code: 66ms)
 GET / 200 in 79ms (next.js: 1033µs, proxy.ts: 1344µs, application-code: 76ms)
 GET / 200 in 78ms (next.js: 1626µs, proxy.ts: 1478µs, application-code: 75ms)
 GET / 200 in 64ms (next.js: 2ms, proxy.ts: 8ms, application-code: 54ms)
 GET / 200 in 63ms (next.js: 24ms, proxy.ts: 8ms, application-code: 32ms)
 GET / 200 in 64ms (next.js: 15ms, proxy.ts: 8ms, application-code: 41ms)
 GET / 200 in 18ms (next.js: 1358µs, proxy.ts: 1515µs, application-code: 16ms)
 GET / 200 in 49ms (next.js: 1393µs, proxy.ts: 5ms, application-code: 42ms)
 GET / 200 in 33ms (next.js: 1307µs, proxy.ts: 3ms, application-code: 29ms)
 GET / 200 in 29ms (next.js: 3ms, proxy.ts: 2ms, application-code: 24ms)
 GET / 200 in 34ms (next.js: 1075µs, proxy.ts: 6ms, application-code: 28ms)
 GET / 200 in 25ms (next.js: 1072µs, proxy.ts: 1459µs, application-code: 22ms)
 GET / 200 in 28ms (next.js: 947µs, proxy.ts: 1256µs, application-code: 25ms)
 GET / 200 in 30ms (next.js: 1411µs, proxy.ts: 1707µs, application-code: 27ms)
 GET / 200 in 27ms (next.js: 1005µs, proxy.ts: 1717µs, application-code: 24ms)
 GET / 200 in 27ms (next.js: 1851µs, proxy.ts: 1661µs, application-code: 23ms)
 GET / 200 in 36ms (next.js: 4ms, proxy.ts: 5ms, application-code: 27ms)
 GET / 200 in 148ms (next.js: 23ms, proxy.ts: 3ms, application-code: 122ms)
 GET / 200 in 151ms (next.js: 2ms, proxy.ts: 3ms, application-code: 146ms)
 GET / 200 in 117ms (next.js: 3ms, proxy.ts: 3ms, application-code: 111ms)
 GET / 200 in 116ms (next.js: 27ms, proxy.ts: 3ms, application-code: 86ms)
 GET / 200 in 116ms (next.js: 44ms, proxy.ts: 3ms, application-code: 68ms)
 GET / 200 in 119ms (next.js: 64ms, proxy.ts: 4ms, application-code: 51ms)
 GET / 200 in 157ms (next.js: 1260µs, proxy.ts: 1755µs, application-code: 154ms)
 GET / 200 in 140ms (next.js: 6ms, proxy.ts: 3ms, application-code: 131ms)
 GET / 200 in 141ms (next.js: 27ms, proxy.ts: 6ms, application-code: 108ms)
 GET / 200 in 140ms (next.js: 27ms, proxy.ts: 26ms, application-code: 86ms)
 GET / 200 in 171ms (next.js: 47ms, proxy.ts: 28ms, application-code: 96ms)
 GET / 200 in 153ms (next.js: 53ms, proxy.ts: 28ms, application-code: 72ms)
 GET / 200 in 263ms (next.js: 4ms, proxy.ts: 3ms, application-code: 256ms)
 GET / 200 in 261ms (next.js: 9ms, proxy.ts: 33ms, application-code: 218ms)
 GET / 200 in 228ms (next.js: 17ms, proxy.ts: 44ms, application-code: 167ms)
 GET / 200 in 224ms (next.js: 134ms, proxy.ts: 43ms, application-code: 47ms)
 GET / 200 in 244ms (next.js: 76ms, proxy.ts: 10ms, application-code: 157ms)
 GET / 200 in 216ms (next.js: 141ms, proxy.ts: 15ms, application-code: 60ms)
 GET / 200 in 93ms (next.js: 15ms, proxy.ts: 3ms, application-code: 75ms)
 GET / 200 in 95ms (next.js: 3ms, proxy.ts: 3ms, application-code: 90ms)
 GET / 200 in 92ms (next.js: 23ms, proxy.ts: 14ms, application-code: 56ms)
 GET / 200 in 80ms (next.js: 14ms, proxy.ts: 22ms, application-code: 44ms)
 GET / 200 in 80ms (next.js: 22ms, proxy.ts: 22ms, application-code: 35ms)
 GET / 200 in 133ms (next.js: 20ms, proxy.ts: 22ms, application-code: 91ms)
 GET / 200 in 144ms (next.js: 27ms, proxy.ts: 9ms, application-code: 107ms)
 GET / 200 in 145ms (next.js: 8ms, proxy.ts: 5ms, application-code: 131ms)
 GET / 200 in 141ms (next.js: 46ms, proxy.ts: 8ms, application-code: 87ms)
 GET / 200 in 139ms (next.js: 42ms, proxy.ts: 29ms, application-code: 68ms)
 GET / 200 in 137ms (next.js: 39ms, proxy.ts: 46ms, application-code: 52ms)
 GET / 200 in 141ms (next.js: 1443µs, proxy.ts: 2ms, application-code: 137ms)
 GET / 200 in 153ms (next.js: 4ms, proxy.ts: 4ms, application-code: 144ms)
 GET / 200 in 153ms (next.js: 24ms, proxy.ts: 5ms, application-code: 124ms)
 GET / 200 in 153ms (next.js: 62ms, proxy.ts: 4ms, application-code: 87ms)
 GET / 200 in 154ms (next.js: 43ms, proxy.ts: 4ms, application-code: 106ms)
 GET / 200 in 152ms (next.js: 82ms, proxy.ts: 3ms, application-code: 67ms)
 GET / 200 in 172ms (next.js: 2ms, proxy.ts: 3ms, application-code: 167ms)
 GET / 200 in 160ms (next.js: 5ms, proxy.ts: 3ms, application-code: 153ms)
 GET / 200 in 162ms (next.js: 38ms, proxy.ts: 4ms, application-code: 120ms)
 GET / 200 in 159ms (next.js: 28ms, proxy.ts: 37ms, application-code: 95ms)
 GET / 200 in 161ms (next.js: 44ms, proxy.ts: 37ms, application-code: 81ms)
 GET / 200 in 192ms (next.js: 49ms, proxy.ts: 59ms, application-code: 84ms)
 GET / 200 in 155ms (next.js: 1238µs, proxy.ts: 2ms, application-code: 152ms)
 GET / 200 in 157ms (next.js: 5ms, proxy.ts: 3ms, application-code: 148ms)
 GET / 200 in 155ms (next.js: 7ms, proxy.ts: 35ms, application-code: 113ms)
 GET / 200 in 124ms (next.js: 45ms, proxy.ts: 9ms, application-code: 71ms)
 GET / 200 in 155ms (next.js: 25ms, proxy.ts: 38ms, application-code: 92ms)
 GET / 200 in 143ms (next.js: 20ms, proxy.ts: 45ms, application-code: 78ms)
 GET / 200 in 135ms (next.js: 3ms, proxy.ts: 1526µs, application-code: 131ms)
 GET / 200 in 108ms (next.js: 26ms, proxy.ts: 5ms, application-code: 77ms)
 GET / 200 in 110ms (next.js: 4ms, proxy.ts: 4ms, application-code: 102ms)
 GET / 200 in 108ms (next.js: 25ms, proxy.ts: 26ms, application-code: 57ms)
 GET / 200 in 113ms (next.js: 40ms, proxy.ts: 26ms, application-code: 47ms)
 GET / 200 in 84ms (next.js: 3ms, proxy.ts: 38ms, application-code: 43ms)
 GET / 200 in 105ms (next.js: 9ms, proxy.ts: 5ms, application-code: 91ms)
 GET / 200 in 103ms (next.js: 30ms, proxy.ts: 9ms, application-code: 64ms)
 GET / 200 in 102ms (next.js: 7ms, proxy.ts: 21ms, application-code: 74ms)
 GET / 200 in 97ms (next.js: 31ms, proxy.ts: 18ms, application-code: 47ms)
 GET / 200 in 86ms (next.js: 41ms, proxy.ts: 5ms, application-code: 39ms)
 GET / 200 in 69ms (next.js: 1986µs, proxy.ts: 27ms, application-code: 41ms)
 GET / 200 in 88ms (next.js: 24ms, proxy.ts: 4ms, application-code: 60ms)
 GET / 200 in 92ms (next.js: 4ms, proxy.ts: 5ms, application-code: 83ms)
 GET / 200 in 88ms (next.js: 29ms, proxy.ts: 15ms, application-code: 43ms)
 GET / 200 in 74ms (next.js: 13ms, proxy.ts: 29ms, application-code: 31ms)
 GET / 200 in 91ms (next.js: 15ms, proxy.ts: 4ms, application-code: 72ms)
 GET / 200 in 53ms (next.js: 17ms, proxy.ts: 16ms, application-code: 20ms)
 GET / 200 in 46ms (next.js: 3ms, proxy.ts: 4ms, application-code: 39ms)
 GET / 200 in 46ms (next.js: 12ms, proxy.ts: 4ms, application-code: 29ms)
✓ Compiled in 101ms
 GET / 200 in 74ms (next.js: 4ms, proxy.ts: 12ms, application-code: 58ms)
 GET / 200 in 37ms (next.js: 5ms, proxy.ts: 2ms, application-code: 30ms)
 GET / 200 in 39ms (next.js: 4ms, proxy.ts: 1556µs, application-code: 34ms)
 GET / 200 in 32ms (next.js: 1961µs, proxy.ts: 3ms, application-code: 27ms)
 GET / 200 in 32ms (next.js: 1566µs, proxy.ts: 3ms, application-code: 27ms)
 GET / 200 in 32ms (next.js: 1332µs, proxy.ts: 5ms, application-code: 26ms)
 GET / 200 in 36ms (next.js: 4ms, proxy.ts: 4ms, application-code: 29ms)
 GET / 200 in 29ms (next.js: 2ms, proxy.ts: 5ms, application-code: 22ms)
 GET / 200 in 30ms (next.js: 1116µs, proxy.ts: 5ms, application-code: 24ms)
 GET / 200 in 34ms (next.js: 1446µs, proxy.ts: 1527µs, application-code: 31ms)
 GET / 200 in 31ms (next.js: 1399µs, proxy.ts: 1926µs, application-code: 28ms)
 GET / 200 in 32ms (next.js: 4ms, proxy.ts: 1449µs, application-code: 27ms)
 GET / 200 in 27ms (next.js: 4ms, proxy.ts: 1663µs, application-code: 22ms)
 GET / 200 in 28ms (next.js: 1406µs, proxy.ts: 1563µs, application-code: 25ms)
 GET / 200 in 33ms (next.js: 1702µs, proxy.ts: 1763µs, application-code: 30ms)
 GET / 200 in 41ms (next.js: 6ms, proxy.ts: 1912µs, application-code: 33ms)
 GET / 200 in 30ms (next.js: 986µs, proxy.ts: 1258µs, application-code: 28ms)
 GET / 200 in 26ms (next.js: 1515µs, proxy.ts: 3ms, application-code: 21ms)
 GET / 200 in 37ms (next.js: 3ms, proxy.ts: 2ms, application-code: 32ms)
 GET / 200 in 29ms (next.js: 982µs, proxy.ts: 1417µs, application-code: 27ms)
 GET / 200 in 27ms (next.js: 3ms, proxy.ts: 1310µs, application-code: 23ms)
 GET / 200 in 34ms (next.js: 3ms, proxy.ts: 2ms, application-code: 28ms)
 GET / 200 in 37ms (next.js: 1582µs, proxy.ts: 1679µs, application-code: 34ms)
 GET / 200 in 52ms (next.js: 4ms, proxy.ts: 9ms, application-code: 39ms)
 GET / 200 in 54ms (next.js: 3ms, proxy.ts: 2ms, application-code: 49ms)
 GET / 200 in 93ms (next.js: 1471µs, proxy.ts: 14ms, application-code: 77ms)
 GET / 200 in 163ms (next.js: 27ms, proxy.ts: 2ms, application-code: 134ms)
 GET / 200 in 165ms (next.js: 1232µs, proxy.ts: 2ms, application-code: 162ms)
 GET / 200 in 138ms (next.js: 3ms, proxy.ts: 3ms, application-code: 132ms)
 GET / 200 in 139ms (next.js: 19ms, proxy.ts: 3ms, application-code: 117ms)
 GET / 200 in 190ms (next.js: 56ms, proxy.ts: 3ms, application-code: 131ms)
 GET / 200 in 225ms (next.js: 64ms, proxy.ts: 19ms, application-code: 143ms)
 GET / 200 in 143ms (next.js: 3ms, proxy.ts: 2ms, application-code: 138ms)
 GET / 200 in 165ms (next.js: 4ms, proxy.ts: 23ms, application-code: 138ms)
 GET / 200 in 166ms (next.js: 9ms, proxy.ts: 26ms, application-code: 131ms)
 GET / 200 in 153ms (next.js: 21ms, proxy.ts: 10ms, application-code: 121ms)
 GET / 200 in 149ms (next.js: 2ms, proxy.ts: 32ms, application-code: 114ms)
 GET / 200 in 170ms (next.js: 2ms, proxy.ts: 3ms, application-code: 165ms)
 GET / 200 in 145ms (next.js: 4ms, proxy.ts: 5ms, application-code: 137ms)
 GET / 200 in 142ms (next.js: 14ms, proxy.ts: 24ms, application-code: 104ms)
 GET / 200 in 110ms (next.js: 29ms, proxy.ts: 4ms, application-code: 77ms)
 GET / 200 in 133ms (next.js: 3ms, proxy.ts: 24ms, application-code: 107ms)
 GET / 200 in 142ms (next.js: 1788µs, proxy.ts: 3ms, application-code: 137ms)
 GET / 200 in 139ms (next.js: 3ms, proxy.ts: 3ms, application-code: 134ms)
 GET / 200 in 139ms (next.js: 5ms, proxy.ts: 23ms, application-code: 110ms)
 GET / 200 in 122ms (next.js: 21ms, proxy.ts: 4ms, application-code: 97ms)
 GET / 200 in 139ms (next.js: 3ms, proxy.ts: 42ms, application-code: 94ms)
 GET / 200 in 123ms (next.js: 18ms, proxy.ts: 26ms, application-code: 79ms)
 GET / 200 in 149ms (next.js: 1332µs, proxy.ts: 1904µs, application-code: 146ms)
 GET / 200 in 143ms (next.js: 3ms, proxy.ts: 4ms, application-code: 135ms)
 GET / 200 in 139ms (next.js: 6ms, proxy.ts: 21ms, application-code: 112ms)
 GET / 200 in 118ms (next.js: 6ms, proxy.ts: 27ms, application-code: 85ms)
 GET / 200 in 117ms (next.js: 26ms, proxy.ts: 29ms, application-code: 63ms)
 GET / 200 in 114ms (next.js: 19ms, proxy.ts: 26ms, application-code: 69ms)
 GET / 200 in 100ms (next.js: 1500µs, proxy.ts: 4ms, application-code: 94ms)
 GET / 200 in 99ms (next.js: 3ms, proxy.ts: 2ms, application-code: 93ms)
 GET / 200 in 99ms (next.js: 27ms, proxy.ts: 3ms, application-code: 70ms)
 GET / 200 in 117ms (next.js: 15ms, proxy.ts: 25ms, application-code: 77ms)
 GET / 200 in 80ms (next.js: 16ms, proxy.ts: 13ms, application-code: 52ms)
 GET / 200 in 94ms (next.js: 12ms, proxy.ts: 15ms, application-code: 67ms)
 GET / 200 in 98ms (next.js: 5ms, proxy.ts: 1629µs, application-code: 91ms)
 GET / 200 in 110ms (next.js: 3ms, proxy.ts: 7ms, application-code: 100ms)
 GET / 200 in 103ms (next.js: 5ms, proxy.ts: 13ms, application-code: 85ms)
 GET / 200 in 90ms (next.js: 16ms, proxy.ts: 16ms, application-code: 58ms)
 GET / 200 in 90ms (next.js: 26ms, proxy.ts: 16ms, application-code: 48ms)
 GET / 200 in 103ms (next.js: 3ms, proxy.ts: 16ms, application-code: 85ms)
 GET / 200 in 142ms (next.js: 1451µs, proxy.ts: 1445µs, application-code: 139ms)
 GET / 200 in 148ms (next.js: 4ms, proxy.ts: 3ms, application-code: 141ms)
 GET / 200 in 147ms (next.js: 13ms, proxy.ts: 4ms, application-code: 131ms)
 GET / 200 in 147ms (next.js: 4ms, proxy.ts: 29ms, application-code: 114ms)
 GET / 200 in 147ms (next.js: 23ms, proxy.ts: 28ms, application-code: 95ms)
 GET / 200 in 170ms (next.js: 4ms, proxy.ts: 51ms, application-code: 115ms)
 GET / 200 in 137ms (next.js: 1132µs, proxy.ts: 1715µs, application-code: 134ms)
 GET / 200 in 152ms (next.js: 4ms, proxy.ts: 2ms, application-code: 146ms)
 GET / 200 in 152ms (next.js: 27ms, proxy.ts: 2ms, application-code: 123ms)
 GET / 200 in 148ms (next.js: 25ms, proxy.ts: 49ms, application-code: 74ms)
 GET / 200 in 148ms (next.js: 3ms, proxy.ts: 49ms, application-code: 97ms)
 GET / 200 in 59ms (next.js: 1637µs, proxy.ts: 4ms, application-code: 54ms)
 GET / 200 in 55ms (next.js: 1378µs, proxy.ts: 24ms, application-code: 30ms)
✓ Compiled in 74ms
 GET / 200 in 65ms (next.js: 4ms, proxy.ts: 8ms, application-code: 53ms)
 GET / 200 in 39ms (next.js: 6ms, proxy.ts: 2ms, application-code: 31ms)
 GET / 200 in 33ms (next.js: 3ms, proxy.ts: 1587µs, application-code: 29ms)
 GET / 200 in 29ms (next.js: 3ms, proxy.ts: 2ms, application-code: 24ms)
 GET / 200 in 41ms (next.js: 1205µs, proxy.ts: 2ms, application-code: 37ms)
 GET / 200 in 30ms (next.js: 1473µs, proxy.ts: 5ms, application-code: 24ms)
 GET / 200 in 34ms (next.js: 3ms, proxy.ts: 1373µs, application-code: 30ms)
 GET / 200 in 30ms (next.js: 972µs, proxy.ts: 1287µs, application-code: 28ms)
 GET / 200 in 157ms (next.js: 3ms, proxy.ts: 2ms, application-code: 153ms)
 GET / 200 in 158ms (next.js: 24ms, proxy.ts: 3ms, application-code: 130ms)
 GET / 200 in 109ms (next.js: 3ms, proxy.ts: 3ms, application-code: 103ms)
 GET / 200 in 109ms (next.js: 20ms, proxy.ts: 3ms, application-code: 85ms)
 GET / 200 in 112ms (next.js: 43ms, proxy.ts: 3ms, application-code: 66ms)
 GET / 200 in 162ms (next.js: 45ms, proxy.ts: 19ms, application-code: 98ms)
 GET / 200 in 165ms (next.js: 5ms, proxy.ts: 3ms, application-code: 157ms)
 GET / 200 in 164ms (next.js: 36ms, proxy.ts: 4ms, application-code: 124ms)
 GET / 200 in 160ms (next.js: 34ms, proxy.ts: 51ms, application-code: 74ms)
 GET / 200 in 163ms (next.js: 21ms, proxy.ts: 35ms, application-code: 106ms)
 GET / 200 in 127ms (next.js: 25ms, proxy.ts: 48ms, application-code: 54ms)
 GET / 200 in 84ms (next.js: 28ms, proxy.ts: 24ms, application-code: 32ms)
 GET / 200 in 141ms (next.js: 21ms, proxy.ts: 5ms, application-code: 115ms)
 GET / 200 in 143ms (next.js: 5ms, proxy.ts: 5ms, application-code: 133ms)
 GET / 200 in 140ms (next.js: 64ms, proxy.ts: 5ms, application-code: 71ms)
 GET / 200 in 140ms (next.js: 80ms, proxy.ts: 5ms, application-code: 54ms)
 GET / 200 in 143ms (next.js: 40ms, proxy.ts: 5ms, application-code: 98ms)
 GET / 200 in 151ms (next.js: 40ms, proxy.ts: 63ms, application-code: 47ms)
 GET / 200 in 217ms (next.js: 5ms, proxy.ts: 16ms, application-code: 196ms)
 GET / 200 in 216ms (next.js: 43ms, proxy.ts: 16ms, application-code: 157ms)
 GET / 200 in 221ms (next.js: 87ms, proxy.ts: 16ms, application-code: 118ms)
 GET / 200 in 222ms (next.js: 114ms, proxy.ts: 15ms, application-code: 93ms)
 GET / 200 in 224ms (next.js: 35ms, proxy.ts: 117ms, application-code: 71ms)
 GET / 200 in 289ms (next.js: 21ms, proxy.ts: 33ms, application-code: 234ms)
 GET / 200 in 252ms (next.js: 18ms, proxy.ts: 8ms, application-code: 227ms)
 GET / 200 in 251ms (next.js: 129ms, proxy.ts: 7ms, application-code: 115ms)
 GET / 200 in 249ms (next.js: 155ms, proxy.ts: 7ms, application-code: 87ms)
 GET / 200 in 255ms (next.js: 167ms, proxy.ts: 19ms, application-code: 69ms)
 GET / 200 in 252ms (next.js: 43ms, proxy.ts: 155ms, application-code: 53ms)
 GET / 200 in 102ms (next.js: 1036µs, proxy.ts: 24ms, application-code: 77ms)
 GET / 200 in 131ms (next.js: 46ms, proxy.ts: 4ms, application-code: 81ms)
 GET / 200 in 139ms (next.js: 4ms, proxy.ts: 8ms, application-code: 127ms)
 GET / 200 in 139ms (next.js: 23ms, proxy.ts: 9ms, application-code: 107ms)
 GET / 200 in 129ms (next.js: 41ms, proxy.ts: 46ms, application-code: 42ms)
 GET / 200 in 136ms (next.js: 22ms, proxy.ts: 45ms, application-code: 70ms)
 GET / 200 in 72ms (next.js: 1180µs, proxy.ts: 43ms, application-code: 28ms)
 GET / 200 in 141ms (next.js: 4ms, proxy.ts: 4ms, application-code: 133ms)
 GET / 200 in 141ms (next.js: 27ms, proxy.ts: 4ms, application-code: 110ms)
 GET / 200 in 142ms (next.js: 67ms, proxy.ts: 5ms, application-code: 70ms)
 GET / 200 in 143ms (next.js: 42ms, proxy.ts: 4ms, application-code: 97ms)
 GET / 200 in 116ms (next.js: 1760µs, proxy.ts: 66ms, application-code: 48ms)
 GET / 200 in 76ms (next.js: 19ms, proxy.ts: 25ms, application-code: 32ms)
 GET / 200 in 138ms (next.js: 4ms, proxy.ts: 3ms, application-code: 130ms)
 GET / 200 in 137ms (next.js: 30ms, proxy.ts: 4ms, application-code: 103ms)
 GET / 200 in 136ms (next.js: 22ms, proxy.ts: 28ms, application-code: 87ms)
 GET / 200 in 136ms (next.js: 41ms, proxy.ts: 29ms, application-code: 65ms)
 GET / 200 in 134ms (next.js: 40ms, proxy.ts: 44ms, application-code: 50ms)
 GET / 200 in 109ms (next.js: 40ms, proxy.ts: 40ms, application-code: 28ms)
 GET / 200 in 117ms (next.js: 4ms, proxy.ts: 2ms, application-code: 110ms)
 GET / 200 in 116ms (next.js: 21ms, proxy.ts: 4ms, application-code: 91ms)
 GET / 200 in 113ms (next.js: 64ms, proxy.ts: 21ms, application-code: 29ms)
 GET / 200 in 115ms (next.js: 29ms, proxy.ts: 21ms, application-code: 64ms)
 GET / 200 in 98ms (next.js: 52ms, proxy.ts: 30ms, application-code: 15ms)
 GET / 200 in 117ms (next.js: 50ms, proxy.ts: 21ms, application-code: 46ms)
 GET / 200 in 84ms (next.js: 6ms, proxy.ts: 4ms, application-code: 74ms)
 GET / 200 in 84ms (next.js: 29ms, proxy.ts: 5ms, application-code: 50ms)
 GET / 200 in 85ms (next.js: 18ms, proxy.ts: 5ms, application-code: 61ms)
 GET / 200 in 85ms (next.js: 38ms, proxy.ts: 6ms, application-code: 41ms)
 GET / 200 in 83ms (next.js: 47ms, proxy.ts: 16ms, application-code: 20ms)
 GET / 200 in 90ms (next.js: 39ms, proxy.ts: 16ms, application-code: 35ms)
 GET / 200 in 80ms (next.js: 14ms, proxy.ts: 8ms, application-code: 57ms)
 GET / 200 in 81ms (next.js: 4ms, proxy.ts: 8ms, application-code: 69ms)
 GET / 200 in 76ms (next.js: 37ms, proxy.ts: 5ms, application-code: 35ms)
 GET / 200 in 81ms (next.js: 22ms, proxy.ts: 8ms, application-code: 51ms)
 GET / 200 in 74ms (next.js: 43ms, proxy.ts: 3ms, application-code: 28ms)
 GET / 200 in 76ms (next.js: 18ms, proxy.ts: 35ms, application-code: 22ms)
 GET / 200 in 93ms (next.js: 4ms, proxy.ts: 4ms, application-code: 84ms)
 GET / 200 in 93ms (next.js: 23ms, proxy.ts: 4ms, application-code: 66ms)
 GET / 200 in 94ms (next.js: 14ms, proxy.ts: 4ms, application-code: 75ms)
 GET / 200 in 93ms (next.js: 48ms, proxy.ts: 5ms, application-code: 41ms)
 GET / 200 in 94ms (next.js: 39ms, proxy.ts: 4ms, application-code: 51ms)
 GET / 200 in 117ms (next.js: 4ms, proxy.ts: 61ms, application-code: 52ms)
 GET / 200 in 37ms (next.js: 3ms, proxy.ts: 2ms, application-code: 32ms)
 GET / 200 in 52ms (next.js: 3ms, proxy.ts: 3ms, application-code: 46ms)
 GET / 200 in 35ms (next.js: 6ms, proxy.ts: 3ms, application-code: 26ms)
 GET / 200 in 37ms (next.js: 1151µs, proxy.ts: 1527µs, application-code: 34ms)
 GET / 200 in 23ms (next.js: 1099µs, proxy.ts: 1555µs, application-code: 20ms)
 GET / 200 in 21ms (next.js: 1086µs, proxy.ts: 1445µs, application-code: 19ms)
 GET / 200 in 35ms (next.js: 4ms, proxy.ts: 3ms, application-code: 28ms)
 GET / 200 in 26ms (next.js: 4ms, proxy.ts: 1604µs, application-code: 21ms)
 GET / 200 in 29ms (next.js: 1346µs, proxy.ts: 2ms, application-code: 25ms)
 GET / 200 in 31ms (next.js: 1235µs, proxy.ts: 3ms, application-code: 27ms)
 GET / 200 in 25ms (next.js: 937µs, proxy.ts: 1385µs, application-code: 22ms)
 GET / 200 in 35ms (next.js: 1750µs, proxy.ts: 3ms, application-code: 30ms)
 GET / 200 in 23ms (next.js: 1040µs, proxy.ts: 2ms, application-code: 20ms)
 GET / 200 in 27ms (next.js: 6ms, proxy.ts: 1456µs, application-code: 19ms)
 GET / 200 in 33ms (next.js: 6ms, proxy.ts: 3ms, application-code: 24ms)
 GET / 200 in 28ms (next.js: 5ms, proxy.ts: 2ms, application-code: 21ms)
 GET / 200 in 27ms (next.js: 2ms, proxy.ts: 1298µs, application-code: 24ms)
 GET / 200 in 131ms (next.js: 16ms, proxy.ts: 1811µs, application-code: 114ms)
 GET / 200 in 132ms (next.js: 1273µs, proxy.ts: 1810µs, application-code: 128ms)
 GET / 200 in 119ms (next.js: 23ms, proxy.ts: 3ms, application-code: 93ms)
 GET / 200 in 140ms (next.js: 38ms, proxy.ts: 3ms, application-code: 98ms)
 GET / 200 in 141ms (next.js: 2ms, proxy.ts: 3ms, application-code: 135ms)
 GET / 200 in 144ms (next.js: 61ms, proxy.ts: 3ms, application-code: 80ms)
 GET / 200 in 147ms (next.js: 6ms, proxy.ts: 4ms, application-code: 137ms)
 GET / 200 in 146ms (next.js: 26ms, proxy.ts: 5ms, application-code: 115ms)
 GET / 200 in 104ms (next.js: 4ms, proxy.ts: 4ms, application-code: 95ms)
 GET / 200 in 101ms (next.js: 56ms, proxy.ts: 4ms, application-code: 41ms)
 GET / 200 in 103ms (next.js: 42ms, proxy.ts: 5ms, application-code: 56ms)
 GET / 200 in 103ms (next.js: 21ms, proxy.ts: 4ms, application-code: 78ms)
 GET / 200 in 82ms (next.js: 1598µs, proxy.ts: 1588µs, application-code: 79ms)
 GET / 200 in 83ms (next.js: 3ms, proxy.ts: 10ms, application-code: 69ms)
 GET / 200 in 82ms (next.js: 3ms, proxy.ts: 4ms, application-code: 74ms)
 GET / 200 in 81ms (next.js: 12ms, proxy.ts: 3ms, application-code: 66ms)
 GET / 200 in 82ms (next.js: 20ms, proxy.ts: 3ms, application-code: 58ms)
 GET / 200 in 82ms (next.js: 33ms, proxy.ts: 3ms, application-code: 46ms)
 GET / 200 in 92ms (next.js: 1821µs, proxy.ts: 2ms, application-code: 88ms)
 GET / 200 in 93ms (next.js: 5ms, proxy.ts: 22ms, application-code: 66ms)
 GET / 200 in 79ms (next.js: 4ms, proxy.ts: 13ms, application-code: 63ms)
 GET / 200 in 71ms (next.js: 25ms, proxy.ts: 4ms, application-code: 41ms)
 GET / 200 in 72ms (next.js: 17ms, proxy.ts: 4ms, application-code: 50ms)
 GET / 200 in 70ms (next.js: 33ms, proxy.ts: 3ms, application-code: 34ms)
 GET / 200 in 122ms (next.js: 4ms, proxy.ts: 13ms, application-code: 105ms)
 GET / 200 in 127ms (next.js: 1878µs, proxy.ts: 1405µs, application-code: 124ms)
 GET / 200 in 111ms (next.js: 22ms, proxy.ts: 23ms, application-code: 66ms)
 GET / 200 in 111ms (next.js: 41ms, proxy.ts: 23ms, application-code: 47ms)
 GET / 200 in 94ms (next.js: 57ms, proxy.ts: 7ms, application-code: 30ms)
 GET / 200 in 116ms (next.js: 6ms, proxy.ts: 23ms, application-code: 88ms)
 GET / 200 in 148ms (next.js: 4ms, proxy.ts: 2ms, application-code: 142ms)
 GET / 200 in 148ms (next.js: 33ms, proxy.ts: 4ms, application-code: 111ms)
 GET / 200 in 147ms (next.js: 22ms, proxy.ts: 33ms, application-code: 92ms)
 GET / 200 in 149ms (next.js: 25ms, proxy.ts: 50ms, application-code: 74ms)
 GET / 200 in 118ms (next.js: 63ms, proxy.ts: 21ms, application-code: 34ms)
 GET / 200 in 150ms (next.js: 40ms, proxy.ts: 50ms, application-code: 61ms)
 GET / 200 in 143ms (next.js: 5ms, proxy.ts: 3ms, application-code: 135ms)
 GET / 200 in 144ms (next.js: 26ms, proxy.ts: 3ms, application-code: 115ms)
 GET / 200 in 140ms (next.js: 30ms, proxy.ts: 47ms, application-code: 63ms)
 GET / 200 in 117ms (next.js: 38ms, proxy.ts: 53ms, application-code: 26ms)
 GET / 200 in 121ms (next.js: 21ms, proxy.ts: 52ms, application-code: 48ms)
 GET / 200 in 149ms (next.js: 48ms, proxy.ts: 4ms, application-code: 96ms)
 GET / 200 in 145ms (next.js: 9ms, proxy.ts: 3ms, application-code: 133ms)
 GET / 200 in 141ms (next.js: 27ms, proxy.ts: 29ms, application-code: 86ms)
 GET / 200 in 143ms (next.js: 6ms, proxy.ts: 29ms, application-code: 108ms)
 GET / 200 in 143ms (next.js: 42ms, proxy.ts: 31ms, application-code: 71ms)
 GET / 200 in 139ms (next.js: 61ms, proxy.ts: 27ms, application-code: 52ms)
 GET / 200 in 119ms (next.js: 40ms, proxy.ts: 43ms, application-code: 36ms)
 GET / 200 in 204ms (next.js: 4ms, proxy.ts: 3ms, application-code: 197ms)
 GET / 200 in 203ms (next.js: 37ms, proxy.ts: 4ms, application-code: 162ms)
 GET / 200 in 204ms (next.js: 52ms, proxy.ts: 4ms, application-code: 149ms)
 GET / 200 in 203ms (next.js: 55ms, proxy.ts: 27ms, application-code: 122ms)
 GET / 200 in 204ms (next.js: 33ms, proxy.ts: 75ms, application-code: 96ms)
 GET / 200 in 172ms (next.js: 44ms, proxy.ts: 70ms, application-code: 58ms)
 GET / 200 in 219ms (next.js: 46ms, proxy.ts: 5ms, application-code: 168ms)
 GET / 200 in 223ms (next.js: 6ms, proxy.ts: 5ms, application-code: 213ms)
 GET / 200 in 221ms (next.js: 64ms, proxy.ts: 6ms, application-code: 151ms)
 GET / 200 in 225ms (next.js: 15ms, proxy.ts: 5ms, application-code: 205ms)
 GET / 200 in 220ms (next.js: 55ms, proxy.ts: 28ms, application-code: 137ms)
 GET / 200 in 229ms (next.js: 118ms, proxy.ts: 57ms, application-code: 54ms)
 GET / 200 in 126ms (next.js: 13ms, proxy.ts: 8ms, application-code: 106ms)
 GET / 200 in 128ms (next.js: 4ms, proxy.ts: 8ms, application-code: 115ms)
 GET / 200 in 124ms (next.js: 28ms, proxy.ts: 6ms, application-code: 90ms)
 GET / 200 in 121ms (next.js: 30ms, proxy.ts: 27ms, application-code: 64ms)
 GET / 200 in 122ms (next.js: 16ms, proxy.ts: 27ms, application-code: 79ms)
 GET / 200 in 104ms (next.js: 1317µs, proxy.ts: 45ms, application-code: 57ms)
 GET / 200 in 30ms (next.js: 1521µs, proxy.ts: 1812µs, application-code: 26ms)
 GET / 200 in 33ms (next.js: 2ms, proxy.ts: 3ms, application-code: 28ms)
 GET / 200 in 45ms (next.js: 1692µs, proxy.ts: 3ms, application-code: 41ms)
 GET / 200 in 37ms (next.js: 2ms, proxy.ts: 1464µs, application-code: 33ms)
 GET / 200 in 145ms (next.js: 2ms, proxy.ts: 2ms, application-code: 140ms)
 GET / 200 in 146ms (next.js: 18ms, proxy.ts: 3ms, application-code: 124ms)
 GET / 200 in 172ms (next.js: 24ms, proxy.ts: 4ms, application-code: 144ms)
 GET / 200 in 183ms (next.js: 3ms, proxy.ts: 4ms, application-code: 176ms)
 GET / 200 in 186ms (next.js: 67ms, proxy.ts: 4ms, application-code: 116ms)
 GET / 200 in 198ms (next.js: 37ms, proxy.ts: 4ms, application-code: 157ms)
 GET / 200 in 233ms (next.js: 34ms, proxy.ts: 2ms, application-code: 197ms)
 GET / 200 in 235ms (next.js: 2ms, proxy.ts: 3ms, application-code: 230ms)
 GET / 200 in 215ms (next.js: 8ms, proxy.ts: 25ms, application-code: 182ms)
 GET / 200 in 192ms (next.js: 64ms, proxy.ts: 6ms, application-code: 122ms)
 GET / 200 in 193ms (next.js: 38ms, proxy.ts: 5ms, application-code: 150ms)
 GET / 200 in 195ms (next.js: 55ms, proxy.ts: 39ms, application-code: 101ms)
 GET / 200 in 167ms (next.js: 3ms, proxy.ts: 4ms, application-code: 160ms)
 GET / 200 in 169ms (next.js: 31ms, proxy.ts: 4ms, application-code: 134ms)
 GET / 200 in 134ms (next.js: 6ms, proxy.ts: 4ms, application-code: 124ms)
 GET / 200 in 164ms (next.js: 20ms, proxy.ts: 28ms, application-code: 116ms)
 GET / 200 in 167ms (next.js: 29ms, proxy.ts: 6ms, application-code: 133ms)
 GET / 200 in 162ms (next.js: 43ms, proxy.ts: 28ms, application-code: 92ms)
 GET / 200 in 150ms (next.js: 2ms, proxy.ts: 3ms, application-code: 145ms)
 GET / 200 in 150ms (next.js: 11ms, proxy.ts: 21ms, application-code: 119ms)
 GET / 200 in 123ms (next.js: 4ms, proxy.ts: 4ms, application-code: 116ms)
 GET / 200 in 133ms (next.js: 36ms, proxy.ts: 28ms, application-code: 69ms)
 GET / 200 in 135ms (next.js: 26ms, proxy.ts: 4ms, application-code: 104ms)
 GET / 200 in 133ms (next.js: 19ms, proxy.ts: 27ms, application-code: 88ms)
 GET / 200 in 117ms (next.js: 6ms, proxy.ts: 4ms, application-code: 107ms)
 GET / 200 in 114ms (next.js: 26ms, proxy.ts: 5ms, application-code: 83ms)
 GET / 200 in 100ms (next.js: 3ms, proxy.ts: 3ms, application-code: 95ms)
 GET / 200 in 106ms (next.js: 10ms, proxy.ts: 22ms, application-code: 74ms)
 GET / 200 in 108ms (next.js: 3ms, proxy.ts: 22ms, application-code: 83ms)
 GET / 200 in 90ms (next.js: 19ms, proxy.ts: 5ms, application-code: 67ms)
 GET / 200 in 116ms (next.js: 11ms, proxy.ts: 3ms, application-code: 102ms)
 GET / 200 in 124ms (next.js: 2ms, proxy.ts: 3ms, application-code: 119ms)
 GET / 200 in 88ms (next.js: 3ms, proxy.ts: 4ms, application-code: 81ms)
 GET / 200 in 106ms (next.js: 16ms, proxy.ts: 3ms, application-code: 86ms)
 GET / 200 in 106ms (next.js: 15ms, proxy.ts: 14ms, application-code: 76ms)
 GET / 200 in 106ms (next.js: 35ms, proxy.ts: 15ms, application-code: 55ms)
 GET / 200 in 146ms (next.js: 3ms, proxy.ts: 4ms, application-code: 140ms)
 GET / 200 in 124ms (next.js: 6ms, proxy.ts: 6ms, application-code: 112ms)
 GET / 200 in 122ms (next.js: 31ms, proxy.ts: 6ms, application-code: 85ms)
 GET / 200 in 119ms (next.js: 27ms, proxy.ts: 32ms, application-code: 59ms)
 GET / 200 in 116ms (next.js: 37ms, proxy.ts: 54ms, application-code: 25ms)
 GET / 200 in 121ms (next.js: 19ms, proxy.ts: 54ms, application-code: 47ms)
 GET / 200 in 157ms (next.js: 11ms, proxy.ts: 3ms, application-code: 143ms)
 GET / 200 in 154ms (next.js: 6ms, proxy.ts: 33ms, application-code: 116ms)
 GET / 200 in 154ms (next.js: 54ms, proxy.ts: 33ms, application-code: 68ms)
 GET / 200 in 155ms (next.js: 38ms, proxy.ts: 33ms, application-code: 84ms)
 GET / 200 in 151ms (next.js: 75ms, proxy.ts: 28ms, application-code: 47ms)
 GET / 200 in 127ms (next.js: 90ms, proxy.ts: 4ms, application-code: 33ms)
 GET / 200 in 141ms (next.js: 5ms, proxy.ts: 4ms, application-code: 132ms)
 GET / 200 in 140ms (next.js: 27ms, proxy.ts: 4ms, application-code: 108ms)
 GET / 200 in 138ms (next.js: 67ms, proxy.ts: 4ms, application-code: 67ms)
 GET / 200 in 140ms (next.js: 45ms, proxy.ts: 5ms, application-code: 90ms)
 GET / 200 in 138ms (next.js: 21ms, proxy.ts: 67ms, application-code: 51ms)
 GET / 200 in 96ms (next.js: 22ms, proxy.ts: 43ms, application-code: 31ms)
 GET / 200 in 135ms (next.js: 44ms, proxy.ts: 4ms, application-code: 87ms)
 GET / 200 in 137ms (next.js: 4ms, proxy.ts: 4ms, application-code: 129ms)
 GET / 200 in 137ms (next.js: 59ms, proxy.ts: 5ms, application-code: 73ms)
 GET / 200 in 138ms (next.js: 24ms, proxy.ts: 4ms, application-code: 109ms)
 GET / 200 in 133ms (next.js: 19ms, proxy.ts: 81ms, application-code: 33ms)
 GET / 200 in 116ms (next.js: 1511µs, proxy.ts: 65ms, application-code: 49ms)
 GET / 200 in 106ms (next.js: 29ms, proxy.ts: 4ms, application-code: 73ms)
 GET / 200 in 108ms (next.js: 7ms, proxy.ts: 4ms, application-code: 97ms)
 GET / 200 in 104ms (next.js: 15ms, proxy.ts: 49ms, application-code: 40ms)
 GET / 200 in 106ms (next.js: 24ms, proxy.ts: 48ms, application-code: 34ms)
 GET / 200 in 109ms (next.js: 9ms, proxy.ts: 48ms, application-code: 52ms)
 GET / 200 in 65ms (next.js: 33ms, proxy.ts: 9ms, application-code: 23ms)
 GET / 200 in 92ms (next.js: 4ms, proxy.ts: 4ms, application-code: 84ms)
 GET / 200 in 90ms (next.js: 31ms, proxy.ts: 4ms, application-code: 54ms)
 GET / 200 in 92ms (next.js: 23ms, proxy.ts: 4ms, application-code: 65ms)
 GET / 200 in 91ms (next.js: 22ms, proxy.ts: 22ms, application-code: 46ms)
 GET / 200 in 99ms (next.js: 35ms, proxy.ts: 23ms, application-code: 41ms)
 GET / 200 in 77ms (next.js: 29ms, proxy.ts: 22ms, application-code: 26ms)
 GET / 200 in 99ms (next.js: 19ms, proxy.ts: 4ms, application-code: 76ms)
 GET / 200 in 100ms (next.js: 10ms, proxy.ts: 4ms, application-code: 85ms)
 GET / 200 in 88ms (next.js: 12ms, proxy.ts: 48ms, application-code: 28ms)
 GET / 200 in 92ms (next.js: 24ms, proxy.ts: 30ms, application-code: 38ms)
 GET / 200 in 88ms (next.js: 19ms, proxy.ts: 48ms, application-code: 21ms)
 GET / 200 in 100ms (next.js: 32ms, proxy.ts: 9ms, application-code: 58ms)
 GET / 200 in 59ms (next.js: 4ms, proxy.ts: 2ms, application-code: 52ms)
 GET / 200 in 57ms (next.js: 24ms, proxy.ts: 2ms, application-code: 30ms)
 GET / 200 in 57ms (next.js: 16ms, proxy.ts: 2ms, application-code: 39ms)
 GET / 200 in 57ms (next.js: 26ms, proxy.ts: 15ms, application-code: 16ms)
 GET / 200 in 72ms (next.js: 3ms, proxy.ts: 3ms, application-code: 66ms)
 GET / 200 in 36ms (next.js: 1096µs, proxy.ts: 1542µs, application-code: 34ms)
 GET / 200 in 31ms (next.js: 2ms, proxy.ts: 1882µs, application-code: 27ms)
 GET / 200 in 32ms (next.js: 1521µs, proxy.ts: 6ms, application-code: 25ms)
 GET / 200 in 30ms (next.js: 1584µs, proxy.ts: 1450µs, application-code: 27ms)
 GET / 200 in 145ms (next.js: 1943µs, proxy.ts: 2ms, application-code: 140ms)
 GET / 200 in 145ms (next.js: 20ms, proxy.ts: 2ms, application-code: 123ms)
 GET / 200 in 148ms (next.js: 7ms, proxy.ts: 3ms, application-code: 138ms)
 GET / 200 in 147ms (next.js: 22ms, proxy.ts: 7ms, application-code: 118ms)
 GET / 200 in 146ms (next.js: 42ms, proxy.ts: 7ms, application-code: 98ms)
 GET / 200 in 146ms (next.js: 60ms, proxy.ts: 6ms, application-code: 80ms)
 GET / 200 in 153ms (next.js: 20ms, proxy.ts: 3ms, application-code: 130ms)
 GET / 200 in 155ms (next.js: 2ms, proxy.ts: 3ms, application-code: 150ms)
 GET / 200 in 161ms (next.js: 73ms, proxy.ts: 4ms, application-code: 84ms)
 GET / 200 in 164ms (next.js: 53ms, proxy.ts: 3ms, application-code: 107ms)
 GET / 200 in 166ms (next.js: 4ms, proxy.ts: 4ms, application-code: 158ms)
 GET / 200 in 169ms (next.js: 31ms, proxy.ts: 4ms, application-code: 134ms)
 GET / 200 in 156ms (next.js: 3ms, proxy.ts: 3ms, application-code: 150ms)
 GET / 200 in 153ms (next.js: 29ms, proxy.ts: 2ms, application-code: 122ms)
 GET / 200 in 99ms (next.js: 21ms, proxy.ts: 4ms, application-code: 74ms)
 GET / 200 in 141ms (next.js: 4ms, proxy.ts: 5ms, application-code: 132ms)
 GET / 200 in 141ms (next.js: 44ms, proxy.ts: 4ms, application-code: 93ms)
 GET / 200 in 139ms (next.js: 19ms, proxy.ts: 44ms, application-code: 76ms)
 GET / 200 in 141ms (next.js: 19ms, proxy.ts: 2ms, application-code: 120ms)
 GET / 200 in 142ms (next.js: 3ms, proxy.ts: 2ms, application-code: 137ms)
 GET / 200 in 99ms (next.js: 35ms, proxy.ts: 4ms, application-code: 60ms)
 GET / 200 in 129ms (next.js: 20ms, proxy.ts: 34ms, application-code: 75ms)
 GET / 200 in 136ms (next.js: 4ms, proxy.ts: 6ms, application-code: 127ms)
 GET / 200 in 134ms (next.js: 40ms, proxy.ts: 36ms, application-code: 59ms)
 GET / 200 in 151ms (next.js: 2ms, proxy.ts: 3ms, application-code: 147ms)
 GET / 200 in 152ms (next.js: 19ms, proxy.ts: 3ms, application-code: 131ms)
 GET / 200 in 129ms (next.js: 5ms, proxy.ts: 6ms, application-code: 118ms)
 GET / 200 in 169ms (next.js: 18ms, proxy.ts: 5ms, application-code: 146ms)
 GET / 200 in 173ms (next.js: 33ms, proxy.ts: 6ms, application-code: 134ms)
 GET / 200 in 182ms (next.js: 36ms, proxy.ts: 17ms, application-code: 129ms)
 GET / 200 in 274ms (next.js: 9ms, proxy.ts: 3ms, application-code: 262ms)
 GET / 200 in 274ms (next.js: 26ms, proxy.ts: 3ms, application-code: 246ms)
 GET / 200 in 221ms (next.js: 11ms, proxy.ts: 16ms, application-code: 194ms)
 GET / 200 in 255ms (next.js: 68ms, proxy.ts: 5ms, application-code: 182ms)
 GET / 200 in 254ms (next.js: 84ms, proxy.ts: 67ms, application-code: 103ms)
 GET / 200 in 252ms (next.js: 105ms, proxy.ts: 66ms, application-code: 81ms)
 GET / 200 in 151ms (next.js: 2ms, proxy.ts: 2ms, application-code: 146ms)
 GET / 200 in 152ms (next.js: 22ms, proxy.ts: 3ms, application-code: 128ms)
 GET / 200 in 131ms (next.js: 5ms, proxy.ts: 32ms, application-code: 94ms)
 GET / 200 in 138ms (next.js: 28ms, proxy.ts: 4ms, application-code: 106ms)
 GET / 200 in 167ms (next.js: 41ms, proxy.ts: 28ms, application-code: 98ms)
 GET / 200 in 168ms (next.js: 21ms, proxy.ts: 28ms, application-code: 119ms)
 GET / 200 in 160ms (next.js: 3ms, proxy.ts: 2ms, application-code: 154ms)
 GET / 200 in 158ms (next.js: 6ms, proxy.ts: 36ms, application-code: 116ms)
 GET / 200 in 143ms (next.js: 4ms, proxy.ts: 49ms, application-code: 90ms)
 GET / 200 in 96ms (next.js: 17ms, proxy.ts: 23ms, application-code: 57ms)
 GET / 200 in 190ms (next.js: 32ms, proxy.ts: 39ms, application-code: 120ms)
 GET / 200 in 117ms (next.js: 2ms, proxy.ts: 22ms, application-code: 93ms)
 GET / 200 in 148ms (next.js: 1585µs, proxy.ts: 1654µs, application-code: 145ms)
 GET / 200 in 147ms (next.js: 4ms, proxy.ts: 28ms, application-code: 115ms)
 GET / 200 in 118ms (next.js: 27ms, proxy.ts: 22ms, application-code: 69ms)
 GET / 200 in 119ms (next.js: 43ms, proxy.ts: 26ms, application-code: 50ms)
 GET / 200 in 143ms (next.js: 4ms, proxy.ts: 21ms, application-code: 117ms)
 GET / 200 in 122ms (next.js: 51ms, proxy.ts: 3ms, application-code: 68ms)
 GET / 200 in 148ms (next.js: 2ms, proxy.ts: 1765µs, application-code: 144ms)
 GET / 200 in 147ms (next.js: 4ms, proxy.ts: 22ms, application-code: 121ms)
 GET / 200 in 132ms (next.js: 5ms, proxy.ts: 25ms, application-code: 101ms)
 GET / 200 in 106ms (next.js: 8ms, proxy.ts: 27ms, application-code: 71ms)
 GET / 200 in 127ms (next.js: 23ms, proxy.ts: 27ms, application-code: 78ms)
 GET / 200 in 127ms (next.js: 38ms, proxy.ts: 32ms, application-code: 57ms)
 GET / 200 in 98ms (next.js: 4ms, proxy.ts: 5ms, application-code: 89ms)
 GET / 200 in 91ms (next.js: 15ms, proxy.ts: 27ms, application-code: 50ms)
 GET / 200 in 95ms (next.js: 27ms, proxy.ts: 4ms, application-code: 64ms)
 GET / 200 in 65ms (next.js: 27ms, proxy.ts: 13ms, application-code: 25ms)
 GET / 200 in 67ms (next.js: 19ms, proxy.ts: 14ms, application-code: 34ms)
 GET / 200 in 65ms (next.js: 34ms, proxy.ts: 13ms, application-code: 18ms)
 GET / 200 in 97ms (next.js: 56ms, proxy.ts: 5ms, application-code: 36ms)
 GET / 200 in 99ms (next.js: 17ms, proxy.ts: 5ms, application-code: 77ms)
 GET / 200 in 99ms (next.js: 49ms, proxy.ts: 5ms, application-code: 44ms)
 GET / 200 in 103ms (next.js: 4ms, proxy.ts: 5ms, application-code: 94ms)
 GET / 200 in 103ms (next.js: 32ms, proxy.ts: 5ms, application-code: 66ms)
 GET / 200 in 107ms (next.js: 42ms, proxy.ts: 5ms, application-code: 59ms)
 GET / 200 in 140ms (next.js: 31ms, proxy.ts: 4ms, application-code: 105ms)
 GET / 200 in 141ms (next.js: 5ms, proxy.ts: 4ms, application-code: 132ms)
 GET / 200 in 140ms (next.js: 49ms, proxy.ts: 5ms, application-code: 86ms)
 GET / 200 in 138ms (next.js: 25ms, proxy.ts: 48ms, application-code: 65ms)
 GET / 200 in 136ms (next.js: 39ms, proxy.ts: 47ms, application-code: 50ms)
 GET / 200 in 112ms (next.js: 39ms, proxy.ts: 43ms, application-code: 30ms)
 GET / 200 in 99ms (next.js: 4ms, proxy.ts: 4ms, application-code: 92ms)
 GET / 200 in 99ms (next.js: 45ms, proxy.ts: 4ms, application-code: 50ms)
 GET / 200 in 101ms (next.js: 22ms, proxy.ts: 4ms, application-code: 75ms)
 GET / 200 in 98ms (next.js: 63ms, proxy.ts: 3ms, application-code: 32ms)
✓ Compiled in 134ms
 GET /admin 307 in 366ms (next.js: 53ms, proxy.ts: 25ms, application-code: 288ms)
 GET /admin/sales 200 in 91ms (next.js: 20ms, proxy.ts: 8ms, application-code: 63ms)
 GET /admin/sales/leads 200 in 39ms (next.js: 18ms, proxy.ts: 8ms, application-code: 13ms)
[browser] Detected `scroll-behavior: smooth` on the `<html>` element. To disable smooth scrolling during route transitions, add `data-scroll-behavior="smooth"` to your <html> element. Learn more: https://nextjs.org/docs/messages/missing-data-scroll-behavior
 GET /admin/sales/opportunities 200 in 41ms (next.js: 21ms, proxy.ts: 5ms, application-code: 15ms)
 GET /admin/sales/tasks 200 in 45ms (next.js: 26ms, proxy.ts: 6ms, application-code: 13ms)
 GET /admin/sales/subscriptions 200 in 45ms (next.js: 25ms, proxy.ts: 4ms, application-code: 15ms)
 GET /admin/sales/pricing 200 in 45ms (next.js: 20ms, proxy.ts: 5ms, application-code: 20ms)
 GET /admin/sales 200 in 27ms (next.js: 4ms, proxy.ts: 8ms, application-code: 15ms)
 GET /creator 200 in 908ms (next.js: 761ms, proxy.ts: 17ms, application-code: 130ms)
 GET /creator/spaces/fresh-collective/pathways 200 in 608ms (next.js: 532ms, proxy.ts: 8ms, application-code: 68ms)
[browser] Detected `scroll-behavior: smooth` on the `<html>` element. To disable smooth scrolling during route transitions, add `data-scroll-behavior="smooth"` to your <html> element. Learn more: https://nextjs.org/docs/messages/missing-data-scroll-behavior
 GET /creator/spaces/fresh-collective/events 200 in 541ms (next.js: 476ms, proxy.ts: 9ms, application-code: 55ms)
 GET /creator/spaces/fresh-collective/events/new 200 in 536ms (next.js: 511ms, proxy.ts: 2ms, application-code: 23ms)
 POST /api/creator/spaces/fresh-collective/events 404 in 108ms (next.js: 35ms, proxy.ts: 10ms, application-code: 63ms)
 POST /api/creator/spaces/fresh-collective/events 404 in 61ms (next.js: 17ms, proxy.ts: 7ms, application-code: 36ms)
 GET /creator/spaces/fresh-collective/community 200 in 668ms (next.js: 599ms, proxy.ts: 3ms, application-code: 66ms)
 POST /api/creator/spaces/fresh-collective/community 404 in 81ms (next.js: 11ms, proxy.ts: 12ms, application-code: 58ms)
 GET /creator/spaces/fresh-collective/pathways 200 in 174ms (next.js: 45ms, proxy.ts: 34ms, application-code: 96ms)
 GET /creator/spaces/fresh-collective 200 in 1114ms (next.js: 1073ms, proxy.ts: 3ms, application-code: 37ms)
 GET /creator/spaces/fresh-collective 200 in 69ms (next.js: 27ms, proxy.ts: 3ms, application-code: 38ms)
 GET /spaces/fresh-collective 200 in 765ms (next.js: 66ms, proxy.ts: 4ms, application-code: 696ms)
 GET /creator/spaces/fresh-collective/pathways 200 in 113ms (next.js: 34ms, proxy.ts: 8ms, application-code: 72ms)
 GET /creator/spaces/fresh-collective/pathways/growth 200 in 584ms (next.js: 543ms, proxy.ts: 6ms, application-code: 36ms)
 POST /api/creator/spaces/fresh-collective/pathways 404 in 65ms (next.js: 6ms, proxy.ts: 12ms, application-code: 47ms)
✓ Compiled in 148ms
 GET /admin/sales 200 in 264ms (next.js: 71ms, proxy.ts: 81ms, application-code: 112ms)
 GET /creator/spaces/fresh-collective/pathways 200 in 282ms (next.js: 145ms, proxy.ts: 83ms, application-code: 54ms)
 GET /admin/sales 200 in 64ms (next.js: 14ms, proxy.ts: 3ms, application-code: 47ms)
 GET /creator/spaces/fresh-collective/pathways 200 in 56ms (next.js: 5ms, proxy.ts: 18ms, application-code: 33ms)
✓ Compiled in 41ms
✓ Compiled in 63ms
 GET /admin/sales 200 in 213ms (next.js: 62ms, proxy.ts: 37ms, application-code: 114ms)
 GET /creator/spaces/fresh-collective/pathways 200 in 215ms (next.js: 120ms, proxy.ts: 35ms, application-code: 60ms)
 GET /admin/sales 200 in 67ms (next.js: 5ms, proxy.ts: 3ms, application-code: 58ms)
 GET /creator/spaces/fresh-collective/pathways 200 in 64ms (next.js: 3ms, proxy.ts: 20ms, application-code: 41ms)
✓ Compiled in 38ms
 GET /admin/sales 200 in 123ms (next.js: 55ms, proxy.ts: 36ms, application-code: 32ms)
 GET /creator/spaces/fresh-collective/pathways 200 in 149ms (next.js: 46ms, proxy.ts: 65ms, application-code: 38ms)
 GET /admin/sales 200 in 94ms (next.js: 2ms, proxy.ts: 57ms, application-code: 35ms)
 GET /creator/spaces/fresh-collective/pathways 200 in 44ms (next.js: 4ms, proxy.ts: 4ms, application-code: 36ms)
✓ Compiled in 31ms
✓ Compiled in 55ms
 GET /admin/sales 200 in 159ms (next.js: 43ms, proxy.ts: 30ms, application-code: 85ms)
 GET /creator/spaces/fresh-collective/pathways 200 in 179ms (next.js: 92ms, proxy.ts: 31ms, application-code: 55ms)
 GET /admin/sales 200 in 46ms (next.js: 1628µs, proxy.ts: 3ms, application-code: 42ms)
 GET /creator/spaces/fresh-collective/pathways 200 in 36ms (next.js: 4ms, proxy.ts: 2ms, application-code: 30ms)
✓ Compiled in 28ms
✓ Compiled in 87ms
 GET /admin/sales 200 in 197ms (next.js: 59ms, proxy.ts: 59ms, application-code: 80ms)
 GET /creator/spaces/fresh-collective/pathways 200 in 202ms (next.js: 108ms, proxy.ts: 56ms, application-code: 38ms)
 GET /admin/sales 200 in 68ms (next.js: 3ms, proxy.ts: 3ms, application-code: 62ms)
 GET /creator/spaces/fresh-collective/pathways 200 in 47ms (next.js: 3ms, proxy.ts: 4ms, application-code: 39ms)
 GET /creator/spaces/fresh-collective/pathways 200 in 378ms (next.js: 52ms, proxy.ts: 26ms, application-code: 300ms)
 GET /creator/spaces/fresh-collective/community 200 in 85ms (next.js: 40ms, proxy.ts: 12ms, application-code: 33ms)
[browser] Detected `scroll-behavior: smooth` on the `<html>` element. To disable smooth scrolling during route transitions, add `data-scroll-behavior="smooth"` to your <html> element. Learn more: https://nextjs.org/docs/messages/missing-data-scroll-behavior
 GET /creator/spaces/fresh-collective 200 in 90ms (next.js: 43ms, proxy.ts: 8ms, application-code: 39ms)
 GET /creator/spaces/fresh-collective/events 200 in 97ms (next.js: 40ms, proxy.ts: 15ms, application-code: 42ms)
 GET /creator/spaces/fresh-collective/events/ev000001-0000-4000-8000-000000000003 200 in 1476ms (next.js: 1434ms, proxy.ts: 5ms, application-code: 37ms)
 GET /creator/spaces/fresh-collective/events 200 in 137ms (next.js: 51ms, proxy.ts: 8ms, application-code: 78ms)
 GET /creator/spaces/fresh-collective/events 200 in 148ms (next.js: 70ms, proxy.ts: 15ms, application-code: 62ms)
 GET /creator/spaces/fresh-collective/pathways 200 in 72ms (next.js: 32ms, proxy.ts: 3ms, application-code: 37ms)
 GET /creator/spaces/fresh-collective/pathways/growth 200 in 94ms (next.js: 46ms, proxy.ts: 8ms, application-code: 40ms)
 GET /creator/spaces/fresh-collective/pathways/real-journey 200 in 55ms (next.js: 23ms, proxy.ts: 2ms, application-code: 30ms)
 GET /creator/spaces/fresh-collective/community 200 in 662ms (next.js: 114ms, proxy.ts: 37ms, application-code: 512ms)
 GET /admin/sales 200 in 215ms (next.js: 4ms, proxy.ts: 5ms, application-code: 206ms)
 GET /creator 200 in 69ms (next.js: 23ms, proxy.ts: 10ms, application-code: 36ms)
 GET /creator/spaces/fresh-collective/pathways 200 in 83ms (next.js: 25ms, proxy.ts: 2ms, application-code: 56ms)
 GET /creator/spaces/fresh-collective/pathways 200 in 331ms (next.js: 84ms, proxy.ts: 23ms, application-code: 223ms)
 GET /admin/sales 200 in 81ms (next.js: 7ms, proxy.ts: 10ms, application-code: 64ms)
✓ Compiled in 135ms
 GET /creator/spaces/fresh-collective/pathways 200 in 204ms (next.js: 82ms, proxy.ts: 16ms, application-code: 106ms)
 GET /creator/spaces/fresh-collective/community 200 in 77ms (next.js: 38ms, proxy.ts: 3ms, application-code: 36ms)
[browser] Detected `scroll-behavior: smooth` on the `<html>` element. To disable smooth scrolling during route transitions, add `data-scroll-behavior="smooth"` to your <html> element. Learn more: https://nextjs.org/docs/messages/missing-data-scroll-behavior
 GET /creator/spaces/fresh-collective/pathways 200 in 70ms (next.js: 28ms, proxy.ts: 3ms, application-code: 39ms)
 GET /creator/spaces/fresh-collective/pathways/growth 200 in 79ms (next.js: 32ms, proxy.ts: 7ms, application-code: 40ms)
 GET /creator/spaces/fresh-collective/pathways/growth 404 in 145ms (next.js: 36ms, proxy.ts: 7ms, application-code: 103ms)
 GET /creator/spaces/fresh-collective/pathways 200 in 70ms (next.js: 28ms, proxy.ts: 4ms, application-code: 37ms)
 GET /api/debug 404 in 152ms (next.js: 43ms, proxy.ts: 22ms, application-code: 87ms)
error Command failed with signal "SIGTERM".
info Visit https://yarnpkg.com/en/docs/cli/run for documentation about this command.

Frontend process ended.
Press Enter to close frontend window...[?25h

====================================
Starting FC Frontend
Mon May 11 03:58:28 PM AEST 2026
====================================

Frontend folder:
/home/lindsey/fc-production/frontend

Using package script:
dev

Detected yarn.lock
Running: yarn dev
yarn run v1.22.22
$ next dev
▲ Next.js 16.2.4 (Turbopack)
- Local:         http://localhost:3000
- Network:       http://172.16.186.128:3000
- Environments: .env
✓ Ready in 199ms

 GET / 200 in 812ms (next.js: 422ms, proxy.ts: 92ms, application-code: 298ms)
 GET /creator/spaces/fresh-collective/pathways 200 in 399ms (next.js: 254ms, proxy.ts: 14ms, application-code: 130ms)
 GET /creator/spaces/fresh-collective/pathways/growth 200 in 295ms (next.js: 254ms, proxy.ts: 10ms, application-code: 31ms)
 GET /admin/sales 200 in 88ms (next.js: 19ms, proxy.ts: 2ms, application-code: 67ms)
 GET /spaces/fresh-collective 200 in 386ms (next.js: 240ms, proxy.ts: 7ms, application-code: 139ms)
 GET /spaces/fresh-collective/pathways 200 in 281ms (next.js: 246ms, proxy.ts: 8ms, application-code: 27ms)
[browser] Detected `scroll-behavior: smooth` on the `<html>` element. To disable smooth scrolling during route transitions, add `data-scroll-behavior="smooth"` to your <html> element. Learn more: https://nextjs.org/docs/messages/missing-data-scroll-behavior
 GET /creator/spaces/fresh-collective/pathways 200 in 105ms (next.js: 28ms, proxy.ts: 6ms, application-code: 71ms)
 GET /creator/spaces/fresh-collective/pathways/real-journey 200 in 79ms (next.js: 37ms, proxy.ts: 4ms, application-code: 38ms)
 GET /creator/spaces/fresh-collective/pathways/real-journey 404 in 181ms (next.js: 34ms, proxy.ts: 7ms, application-code: 141ms)
 GET /creator/spaces/fresh-collective/pathways 200 in 70ms (next.js: 27ms, proxy.ts: 4ms, application-code: 39ms)
 GET / 200 in 91ms (next.js: 3ms, proxy.ts: 4ms, application-code: 84ms)
✓ Compiled in 111ms
 GET / 200 in 74ms (next.js: 5ms, proxy.ts: 5ms, application-code: 64ms)
 PATCH /api/creator/spaces/fresh-collective/pathways/real-journey/steps/welcome 404 in 43ms (next.js: 20ms, proxy.ts: 2ms, application-code: 20ms)
 GET /creator/spaces/fresh-collective/pathways/real-journey/steps/welcome 404 in 1157ms (next.js: 1072ms, proxy.ts: 3ms, application-code: 82ms)
 GET /creator/spaces/fresh-collective/pathways/real-journey/steps/welcome 404 in 160ms (next.js: 42ms, proxy.ts: 6ms, application-code: 112ms)
 GET /login?next=%2Fcreator%2Fspaces%2Ffresh-collective%2Fpathways%2Freal-journey%2Fsteps%2Fwelcome 200 in 74ms (next.js: 26ms, proxy.ts: 3ms, application-code: 45ms)
 GET /creator/spaces/fresh-collective/pathways/real-journey/steps/welcome 200 in 111ms (next.js: 31ms, proxy.ts: 5ms, application-code: 76ms)
✓ Finished filesystem cache database compaction in 16.5s
 GET /creator/spaces/fresh-collective/pathways 200 in 213ms (next.js: 59ms, proxy.ts: 10ms, application-code: 144ms)
 GET /creator/spaces/fresh-collective/pathways/growth 200 in 73ms (next.js: 31ms, proxy.ts: 9ms, application-code: 33ms)
[browser] Detected `scroll-behavior: smooth` on the `<html>` element. To disable smooth scrolling during route transitions, add `data-scroll-behavior="smooth"` to your <html> element. Learn more: https://nextjs.org/docs/messages/missing-data-scroll-behavior
 GET /creator/spaces/fresh-collective/pathways/growth 200 in 100ms (next.js: 41ms, proxy.ts: 4ms, application-code: 55ms)
 GET /creator/spaces/fresh-collective/pathways 200 in 75ms (next.js: 34ms, proxy.ts: 11ms, application-code: 30ms)
 GET / 200 in 77ms (next.js: 2ms, proxy.ts: 3ms, application-code: 71ms)
 GET /admin/sales 200 in 53ms (next.js: 4ms, proxy.ts: 3ms, application-code: 46ms)
 GET /dashboard 200 in 137ms (next.js: 28ms, proxy.ts: 6ms, application-code: 102ms)
[browser] Detected `scroll-behavior: smooth` on the `<html>` element. To disable smooth scrolling during route transitions, add `data-scroll-behavior="smooth"` to your <html> element. Learn more: https://nextjs.org/docs/messages/missing-data-scroll-behavior
 GET /spaces/fresh-collective 200 in 133ms (next.js: 41ms, proxy.ts: 10ms, application-code: 83ms)
 GET /spaces/fresh-collective 200 in 122ms (next.js: 37ms, proxy.ts: 11ms, application-code: 74ms)
 GET /spaces/fresh-collective/pathways 200 in 56ms (next.js: 29ms, proxy.ts: 3ms, application-code: 25ms)
 GET /spaces/fresh-collective/pathways/growth 200 in 261ms (next.js: 238ms, proxy.ts: 2ms, application-code: 21ms)
 GET /creator/spaces/fresh-collective/pathways/growth 200 in 77ms (next.js: 34ms, proxy.ts: 8ms, application-code: 36ms)
 GET /creator/spaces/fresh-collective/pathways/growth/steps/test-step 200 in 74ms (next.js: 31ms, proxy.ts: 6ms, application-code: 37ms)
 GET /creator/spaces/fresh-collective/pathways/growth/steps/test-step 200 in 83ms (next.js: 36ms, proxy.ts: 5ms, application-code: 42ms)
 GET /spaces/fresh-collective/pathways/growth 200 in 156ms (next.js: 29ms, proxy.ts: 4ms, application-code: 122ms)
 GET /spaces/fresh-collective/pathways/growth/test-step 200 in 285ms (next.js: 252ms, proxy.ts: 4ms, application-code: 30ms)
[browser] Detected `scroll-behavior: smooth` on the `<html>` element. To disable smooth scrolling during route transitions, add `data-scroll-behavior="smooth"` to your <html> element. Learn more: https://nextjs.org/docs/messages/missing-data-scroll-behavior
✓ Compiled in 149ms
 GET /admin/sales 200 in 171ms (next.js: 7ms, proxy.ts: 16ms, application-code: 148ms)
 GET /creator/spaces/fresh-collective/pathways/growth/steps/test-step 200 in 186ms (next.js: 122ms, proxy.ts: 13ms, application-code: 51ms)
 GET /spaces/fresh-collective/pathways/growth/test-step 200 in 229ms (next.js: 74ms, proxy.ts: 13ms, application-code: 141ms)
 GET /admin/sales 200 in 223ms (next.js: 7ms, proxy.ts: 15ms, application-code: 201ms)
 GET /admin/sales 200 in 218ms (next.js: 24ms, proxy.ts: 9ms, application-code: 185ms)
 GET /admin/sales 200 in 207ms (next.js: 13ms, proxy.ts: 7ms, application-code: 187ms)
 GET /admin/sales 200 in 228ms (next.js: 34ms, proxy.ts: 16ms, application-code: 177ms)
 GET /creator/spaces/fresh-collective/pathways/growth/steps/test-step 200 in 258ms (next.js: 32ms, proxy.ts: 19ms, application-code: 208ms)
 GET /spaces/fresh-collective/pathways/growth/test-step 200 in 269ms (next.js: 90ms, proxy.ts: 12ms, application-code: 166ms)
 GET /admin/sales 200 in 117ms (next.js: 4ms, proxy.ts: 7ms, application-code: 105ms)
 GET /admin/sales 200 in 116ms (next.js: 46ms, proxy.ts: 6ms, application-code: 64ms)
 GET /admin/sales 200 in 132ms (next.js: 6ms, proxy.ts: 6ms, application-code: 121ms)
 GET /creator/spaces/fresh-collective/pathways/growth/steps/test-step 200 in 176ms (next.js: 17ms, proxy.ts: 22ms, application-code: 138ms)
 GET /spaces/fresh-collective/pathways/growth/test-step 200 in 191ms (next.js: 69ms, proxy.ts: 7ms, application-code: 115ms)
 GET /spaces/fresh-collective/pathways/growth/test-step 200 in 194ms (next.js: 57ms, proxy.ts: 6ms, application-code: 131ms)
 GET /spaces/fresh-collective/pathways/growth/test-step 200 in 116ms (next.js: 6ms, proxy.ts: 6ms, application-code: 104ms)
 GET /spaces/fresh-collective/pathways/growth/test-step 200 in 116ms (next.js: 20ms, proxy.ts: 6ms, application-code: 90ms)
 GET /spaces/fresh-collective/pathways/growth/test-step 200 in 113ms (next.js: 37ms, proxy.ts: 4ms, application-code: 73ms)
 GET /spaces/fresh-collective/pathways/growth/test-step 200 in 92ms (next.js: 8ms, proxy.ts: 4ms, application-code: 80ms)
 GET /creator/spaces/fresh-collective/pathways/growth/steps/test-step 200 in 85ms (next.js: 53ms, proxy.ts: 1979µs, application-code: 31ms)
 GET /creator/spaces/fresh-collective/pathways/growth/steps/test-step 200 in 62ms (next.js: 20ms, proxy.ts: 6ms, application-code: 37ms)
 GET /creator/spaces/fresh-collective/pathways/growth/steps/test-step 200 in 30ms (next.js: 5ms, proxy.ts: 4ms, application-code: 21ms)
 GET /creator/spaces/fresh-collective/pathways/growth/steps/test-step 200 in 34ms (next.js: 5ms, proxy.ts: 1883µs, application-code: 27ms)
 GET /creator/spaces/fresh-collective/pathways/growth/steps/test-step 200 in 30ms (next.js: 3ms, proxy.ts: 4ms, application-code: 23ms)
✓ Compiled in 118ms
✓ Compiled in 130ms
 GET /admin/sales 200 in 349ms (next.js: 53ms, proxy.ts: 107ms, application-code: 189ms)
 GET /spaces/fresh-collective/pathways/growth/test-step 200 in 405ms (next.js: 205ms, proxy.ts: 101ms, application-code: 99ms)
 GET /creator/spaces/fresh-collective/pathways/growth/steps/test-step 200 in 379ms (next.js: 127ms, proxy.ts: 74ms, application-code: 177ms)
 GET /admin/sales 200 in 135ms (next.js: 4ms, proxy.ts: 4ms, application-code: 127ms)
 GET /admin/sales 200 in 141ms (next.js: 16ms, proxy.ts: 5ms, application-code: 121ms)
 GET /admin/sales 200 in 158ms (next.js: 9ms, proxy.ts: 20ms, application-code: 128ms)
 GET /admin/sales 200 in 145ms (next.js: 23ms, proxy.ts: 11ms, application-code: 111ms)
 GET /spaces/fresh-collective/pathways/growth/test-step 200 in 152ms (next.js: 56ms, proxy.ts: 11ms, application-code: 85ms)
 GET /creator/spaces/fresh-collective/pathways/growth/steps/test-step 200 in 101ms (next.js: 11ms, proxy.ts: 51ms, application-code: 39ms)
 GET /spaces/fresh-collective/pathways/growth/test-step 200 in 117ms (next.js: 4ms, proxy.ts: 5ms, application-code: 108ms)
 GET /creator/spaces/fresh-collective/pathways/growth/steps/test-step 200 in 111ms (next.js: 56ms, proxy.ts: 1747µs, application-code: 54ms)
 GET /creator/spaces/fresh-collective/pathways/growth/steps/test-step 200 in 80ms (next.js: 5ms, proxy.ts: 5ms, application-code: 70ms)
 GET /spaces/fresh-collective/pathways/growth/test-step 200 in 81ms (next.js: 43ms, proxy.ts: 5ms, application-code: 33ms)
 GET /creator/spaces/fresh-collective/pathways/growth/steps/test-step 200 in 92ms (next.js: 28ms, proxy.ts: 13ms, application-code: 52ms)
 GET /spaces/fresh-collective/pathways/growth/test-step 200 in 89ms (next.js: 5ms, proxy.ts: 5ms, application-code: 79ms)
 GET /admin/sales 200 in 118ms (next.js: 2ms, proxy.ts: 3ms, application-code: 112ms)
 GET /spaces/fresh-collective/pathways/growth/test-step 200 in 125ms (next.js: 38ms, proxy.ts: 3ms, application-code: 83ms)
 GET /creator/spaces/fresh-collective/pathways/growth/steps/test-step 200 in 110ms (next.js: 61ms, proxy.ts: 4ms, application-code: 44ms)
✓ Compiled in 34ms
 GET /admin/sales 200 in 135ms (next.js: 3ms, proxy.ts: 3ms, application-code: 129ms)
 GET /creator/spaces/fresh-collective/pathways/growth/steps/test-step 200 in 139ms (next.js: 48ms, proxy.ts: 3ms, application-code: 88ms)
 GET /spaces/fresh-collective/pathways/growth/test-step 200 in 138ms (next.js: 106ms, proxy.ts: 3ms, application-code: 29ms)
✓ Compiled in 90ms
 GET /admin/sales 200 in 139ms (next.js: 4ms, proxy.ts: 7ms, application-code: 128ms)
 GET /creator/spaces/fresh-collective/pathways/growth/steps/test-step 200 in 137ms (next.js: 43ms, proxy.ts: 5ms, application-code: 89ms)
 GET /spaces/fresh-collective/pathways/growth/test-step 200 in 142ms (next.js: 82ms, proxy.ts: 16ms, application-code: 45ms)
 GET /creator/spaces/fresh-collective/pathways/growth/steps/test-step 200 in 374ms (next.js: 48ms, proxy.ts: 17ms, application-code: 309ms)
 GET /creator/spaces/fresh-collective/pathways/growth/steps/test-step 200 in 157ms (next.js: 52ms, proxy.ts: 11ms, application-code: 94ms)
 GET /spaces/fresh-collective 200 in 226ms (next.js: 79ms, proxy.ts: 17ms, application-code: 130ms)
 GET /dashboard 200 in 55ms (next.js: 20ms, proxy.ts: 2ms, application-code: 32ms)
 GET / 200 in 198ms (next.js: 21ms, proxy.ts: 3ms, application-code: 174ms)
 GET / 200 in 21ms (next.js: 3ms, proxy.ts: 9ms, application-code: 8ms)
 GET /dashboard 200 in 35ms (next.js: 2ms, proxy.ts: 1488µs, application-code: 32ms)
[browser] Detected `scroll-behavior: smooth` on the `<html>` element. To disable smooth scrolling during route transitions, add `data-scroll-behavior="smooth"` to your <html> element. Learn more: https://nextjs.org/docs/messages/missing-data-scroll-behavior
 GET /dashboard 200 in 84ms (next.js: 3ms, proxy.ts: 4ms, application-code: 77ms)
 GET /spaces/fresh-collective 200 in 144ms (next.js: 31ms, proxy.ts: 3ms, application-code: 110ms)
 GET /spaces/fresh-collective/pathways/growth/test-step 200 in 87ms (next.js: 38ms, proxy.ts: 7ms, application-code: 42ms)
✓ Compiled in 271ms
 GET /admin/sales 200 in 231ms (next.js: 36ms, proxy.ts: 28ms, application-code: 168ms)
 GET /creator/spaces/fresh-collective/pathways/growth/steps/test-step 200 in 217ms (next.js: 167ms, proxy.ts: 20ms, application-code: 30ms)
 GET /spaces/fresh-collective/pathways/growth/test-step 200 in 217ms (next.js: 114ms, proxy.ts: 23ms, application-code: 81ms)
✓ Compiled in 39ms
 GET /admin/sales 200 in 153ms (next.js: 4ms, proxy.ts: 9ms, application-code: 140ms)
 GET /creator/spaces/fresh-collective/pathways/growth/steps/test-step 200 in 150ms (next.js: 110ms, proxy.ts: 6ms, application-code: 34ms)
 GET /spaces/fresh-collective/pathways/growth/test-step 200 in 158ms (next.js: 52ms, proxy.ts: 8ms, application-code: 98ms)
✓ Compiled in 30ms
 GET /admin/sales 200 in 116ms (next.js: 3ms, proxy.ts: 4ms, application-code: 109ms)
 GET /creator/spaces/fresh-collective/pathways/growth/steps/test-step 200 in 118ms (next.js: 37ms, proxy.ts: 4ms, application-code: 77ms)
 GET /spaces/fresh-collective/pathways/growth/test-step 200 in 116ms (next.js: 78ms, proxy.ts: 3ms, application-code: 34ms)
✓ Compiled in 210ms
 GET /admin/sales 200 in 239ms (next.js: 8ms, proxy.ts: 11ms, application-code: 220ms)
 GET /creator/spaces/fresh-collective/pathways/growth/steps/test-step 200 in 244ms (next.js: 76ms, proxy.ts: 9ms, application-code: 159ms)
 GET /spaces/fresh-collective/pathways/growth/test-step 200 in 246ms (next.js: 127ms, proxy.ts: 6ms, application-code: 113ms)
✓ Compiled in 73ms
 GET /admin/sales 200 in 113ms (next.js: 2ms, proxy.ts: 4ms, application-code: 107ms)
 GET /creator/spaces/fresh-collective/pathways/growth/steps/test-step 200 in 135ms (next.js: 82ms, proxy.ts: 2ms, application-code: 50ms)
 GET /spaces/fresh-collective/pathways/growth/test-step 200 in 144ms (next.js: 35ms, proxy.ts: 5ms, application-code: 103ms)
 GET /admin/sales 200 in 53ms (next.js: 1606µs, proxy.ts: 2ms, application-code: 49ms)
 GET /creator/spaces/fresh-collective/pathways/growth/steps/test-step 200 in 62ms (next.js: 6ms, proxy.ts: 6ms, application-code: 51ms)
 GET /spaces/fresh-collective/pathways/growth/test-step 200 in 68ms (next.js: 31ms, proxy.ts: 3ms, application-code: 34ms)
✓ Compiled in 29ms
 GET /admin/sales 200 in 117ms (next.js: 3ms, proxy.ts: 3ms, application-code: 111ms)
 GET /creator/spaces/fresh-collective/pathways/growth/steps/test-step 200 in 119ms (next.js: 84ms, proxy.ts: 3ms, application-code: 32ms)
 GET /spaces/fresh-collective/pathways/growth/test-step 200 in 123ms (next.js: 39ms, proxy.ts: 3ms, application-code: 80ms)
 GET /admin/sales 200 in 65ms (next.js: 4ms, proxy.ts: 3ms, application-code: 58ms)
 GET /creator/spaces/fresh-collective/pathways/growth/steps/test-step 200 in 62ms (next.js: 7ms, proxy.ts: 15ms, application-code: 40ms)
 GET /spaces/fresh-collective/pathways/growth/test-step 200 in 51ms (next.js: 19ms, proxy.ts: 7ms, application-code: 25ms)
✓ Compiled in 23ms
 GET /admin/sales 200 in 112ms (next.js: 4ms, proxy.ts: 4ms, application-code: 104ms)
 GET /creator/spaces/fresh-collective/pathways/growth/steps/test-step 200 in 114ms (next.js: 85ms, proxy.ts: 4ms, application-code: 25ms)
 GET /spaces/fresh-collective/pathways/growth/test-step 200 in 122ms (next.js: 38ms, proxy.ts: 4ms, application-code: 80ms)
 GET /admin/sales 200 in 67ms (next.js: 5ms, proxy.ts: 5ms, application-code: 57ms)
 GET /creator/spaces/fresh-collective/pathways/growth/steps/test-step 200 in 63ms (next.js: 17ms, proxy.ts: 4ms, application-code: 43ms)
 GET /spaces/fresh-collective/pathways/growth/test-step 200 in 63ms (next.js: 25ms, proxy.ts: 16ms, application-code: 22ms)
 GET /dashboard 200 in 131ms (next.js: 8ms, proxy.ts: 26ms, application-code: 97ms)
[browser] Detected `scroll-behavior: smooth` on the `<html>` element. To disable smooth scrolling during route transitions, add `data-scroll-behavior="smooth"` to your <html> element. Learn more: https://nextjs.org/docs/messages/missing-data-scroll-behavior
 GET / 200 in 158ms (next.js: 6ms, proxy.ts: 4ms, application-code: 149ms)
✓ Compiled in 182ms
 GET /admin/sales 200 in 226ms (next.js: 22ms, proxy.ts: 17ms, application-code: 187ms)
 GET /creator/spaces/fresh-collective/pathways/growth/steps/test-step 200 in 227ms (next.js: 139ms, proxy.ts: 27ms, application-code: 61ms)
 GET / 200 in 232ms (next.js: 56ms, proxy.ts: 21ms, application-code: 154ms)
 GET /admin/sales 200 in 115ms (next.js: 5ms, proxy.ts: 14ms, application-code: 97ms)
 GET /creator/spaces/fresh-collective/pathways/growth/steps/test-step 200 in 124ms (next.js: 80ms, proxy.ts: 9ms, application-code: 35ms)
 GET / 200 in 124ms (next.js: 21ms, proxy.ts: 10ms, application-code: 92ms)
✓ Compiled in 96ms
 GET /admin/sales 200 in 109ms (next.js: 6ms, proxy.ts: 4ms, application-code: 99ms)
 GET /creator/spaces/fresh-collective/pathways/growth/steps/test-step 200 in 112ms (next.js: 50ms, proxy.ts: 3ms, application-code: 59ms)
 GET / 200 in 115ms (next.js: 54ms, proxy.ts: 19ms, application-code: 42ms)
 GET /admin/sales 200 in 99ms (next.js: 4ms, proxy.ts: 5ms, application-code: 90ms)
 GET /creator/spaces/fresh-collective/pathways/growth/steps/test-step 200 in 102ms (next.js: 68ms, proxy.ts: 5ms, application-code: 29ms)
 GET / 200 in 103ms (next.js: 15ms, proxy.ts: 4ms, application-code: 84ms)
 GET /admin/sales 200 in 195ms (next.js: 6ms, proxy.ts: 7ms, application-code: 182ms)
 GET /creator/spaces/fresh-collective/pathways/growth/steps/test-step 200 in 205ms (next.js: 77ms, proxy.ts: 8ms, application-code: 120ms)
 GET /admin/sales 200 in 88ms (next.js: 5ms, proxy.ts: 6ms, application-code: 77ms)
 GET / 200 in 293ms (next.js: 16ms, proxy.ts: 8ms, application-code: 269ms)
 GET /creator/spaces/fresh-collective/pathways/growth/steps/test-step 200 in 77ms (next.js: 6ms, proxy.ts: 7ms, application-code: 64ms)
 GET / 200 in 57ms (next.js: 5ms, proxy.ts: 6ms, application-code: 46ms)
✓ Compiled in 39ms
 GET / 200 in 160ms (next.js: 9ms, proxy.ts: 15ms, application-code: 136ms)
 GET /admin/sales/leads 200 in 79ms (next.js: 39ms, proxy.ts: 11ms, application-code: 29ms)
[browser] Detected `scroll-behavior: smooth` on the `<html>` element. To disable smooth scrolling during route transitions, add `data-scroll-behavior="smooth"` to your <html> element. Learn more: https://nextjs.org/docs/messages/missing-data-scroll-behavior
 GET /admin/sales/opportunities 200 in 38ms (next.js: 20ms, proxy.ts: 3ms, application-code: 14ms)
 GET /admin/sales/tasks 200 in 36ms (next.js: 22ms, proxy.ts: 3ms, application-code: 11ms)
 GET /admin/sales/subscriptions 200 in 47ms (next.js: 26ms, proxy.ts: 4ms, application-code: 18ms)
 GET /admin/sales/pricing 200 in 33ms (next.js: 17ms, proxy.ts: 3ms, application-code: 13ms)
 GET /admin/sales/subscriptions 200 in 27ms (next.js: 4ms, proxy.ts: 4ms, application-code: 19ms)
✓ Compiled in 89ms
 GET /admin/sales/subscriptions 200 in 347ms (next.js: 10ms, proxy.ts: 30ms, application-code: 307ms)
 GET /creator/spaces/fresh-collective/pathways/growth/steps/test-step 200 in 378ms (next.js: 213ms, proxy.ts: 8ms, application-code: 157ms)
 GET /admin/sales/subscriptions 200 in 139ms (next.js: 5ms, proxy.ts: 12ms, application-code: 122ms)
 GET /admin/sales/subscriptions 200 in 145ms (next.js: 25ms, proxy.ts: 11ms, application-code: 108ms)
 GET /admin/sales/subscriptions 200 in 93ms (next.js: 5ms, proxy.ts: 9ms, application-code: 79ms)
 GET / 200 in 508ms (next.js: 11ms, proxy.ts: 62ms, application-code: 435ms)
 GET /creator/spaces/fresh-collective/pathways/growth/steps/test-step 200 in 145ms (next.js: 26ms, proxy.ts: 9ms, application-code: 109ms)
 GET /creator/spaces/fresh-collective/pathways/growth/steps/test-step 200 in 146ms (next.js: 46ms, proxy.ts: 9ms, application-code: 91ms)
 GET /admin/sales/subscriptions 200 in 102ms (next.js: 4ms, proxy.ts: 3ms, application-code: 94ms)
 GET /admin/sales/subscriptions 200 in 103ms (next.js: 25ms, proxy.ts: 3ms, application-code: 76ms)
 GET /admin/sales/subscriptions 200 in 175ms (next.js: 8ms, proxy.ts: 13ms, application-code: 154ms)
 GET /admin/sales/subscriptions 200 in 173ms (next.js: 26ms, proxy.ts: 10ms, application-code: 137ms)
 GET /creator/spaces/fresh-collective/pathways/growth/steps/test-step 200 in 237ms (next.js: 87ms, proxy.ts: 22ms, application-code: 129ms)
 GET /creator/spaces/fresh-collective/pathways/growth/steps/test-step 200 in 183ms (next.js: 61ms, proxy.ts: 24ms, application-code: 98ms)
 GET /creator/spaces/fresh-collective/pathways/growth/steps/test-step 200 in 176ms (next.js: 90ms, proxy.ts: 20ms, application-code: 67ms)
 GET /creator/spaces/fresh-collective/pathways/growth/steps/test-step 200 in 70ms (next.js: 5ms, proxy.ts: 25ms, application-code: 40ms)
 GET /creator/spaces/fresh-collective/pathways/growth/steps/test-step 200 in 50ms (next.js: 24ms, proxy.ts: 5ms, application-code: 20ms)
 GET / 200 in 268ms (next.js: 4ms, proxy.ts: 40ms, application-code: 224ms)
 GET / 200 in 55ms (next.js: 7ms, proxy.ts: 2ms, application-code: 45ms)
 GET / 200 in 122ms (next.js: 20ms, proxy.ts: 2ms, application-code: 100ms)
 GET / 200 in 124ms (next.js: 1610µs, proxy.ts: 2ms, application-code: 120ms)
 GET / 200 in 75ms (next.js: 2ms, proxy.ts: 3ms, application-code: 70ms)
 GET / 200 in 75ms (next.js: 21ms, proxy.ts: 3ms, application-code: 51ms)
 GET / 200 in 75ms (next.js: 41ms, proxy.ts: 3ms, application-code: 31ms)
✓ Compiled in 138ms
 GET /admin/sales/subscriptions 200 in 315ms (next.js: 209ms, proxy.ts: 70ms, application-code: 36ms)
 GET /creator/spaces/fresh-collective/pathways/growth/steps/test-step 200 in 321ms (next.js: 134ms, proxy.ts: 69ms, application-code: 118ms)
 GET / 200 in 320ms (next.js: 176ms, proxy.ts: 69ms, application-code: 75ms)
✓ Compiled in 0ms
 GET /admin/sales/subscriptions 200 in 178ms (next.js: 15ms, proxy.ts: 31ms, application-code: 132ms)
 GET /creator/spaces/fresh-collective/pathways/growth/steps/test-step 200 in 192ms (next.js: 126ms, proxy.ts: 28ms, application-code: 38ms)
 GET /admin/sales/subscriptions 200 in 87ms (next.js: 2ms, proxy.ts: 8ms, application-code: 76ms)
 GET / 200 in 275ms (next.js: 88ms, proxy.ts: 20ms, application-code: 167ms)
 GET /creator/spaces/fresh-collective/pathways/growth/steps/test-step 200 in 129ms (next.js: 29ms, proxy.ts: 6ms, application-code: 94ms)
 GET /admin/sales/subscriptions 200 in 128ms (next.js: 3ms, proxy.ts: 13ms, application-code: 111ms)
 GET /admin/sales/subscriptions 200 in 142ms (next.js: 19ms, proxy.ts: 14ms, application-code: 110ms)
 GET /admin/sales/subscriptions 200 in 106ms (next.js: 37ms, proxy.ts: 7ms, application-code: 62ms)
 GET /admin/sales/subscriptions 200 in 106ms (next.js: 45ms, proxy.ts: 8ms, application-code: 53ms)
 GET /admin/sales/subscriptions 200 in 81ms (next.js: 3ms, proxy.ts: 25ms, application-code: 53ms)
 GET /admin/sales/subscriptions 200 in 77ms (next.js: 1840µs, proxy.ts: 4ms, application-code: 71ms)
 GET /admin/sales/subscriptions 200 in 103ms (next.js: 16ms, proxy.ts: 3ms, application-code: 84ms)
 GET /admin/sales/subscriptions 200 in 115ms (next.js: 5ms, proxy.ts: 5ms, application-code: 106ms)
 GET /admin/sales/subscriptions 200 in 132ms (next.js: 20ms, proxy.ts: 5ms, application-code: 107ms)
 GET /admin/sales/subscriptions 200 in 131ms (next.js: 9ms, proxy.ts: 30ms, application-code: 91ms)
 GET / 200 in 275ms (next.js: 8ms, proxy.ts: 8ms, application-code: 258ms)
 GET /admin/sales/subscriptions 200 in 101ms (next.js: 14ms, proxy.ts: 9ms, application-code: 79ms)
 GET /admin/sales/subscriptions 200 in 110ms (next.js: 29ms, proxy.ts: 12ms, application-code: 68ms)
 GET /admin/sales/subscriptions 200 in 94ms (next.js: 3ms, proxy.ts: 5ms, application-code: 86ms)
 GET /admin/sales/subscriptions 200 in 109ms (next.js: 13ms, proxy.ts: 3ms, application-code: 92ms)
 GET /admin/sales/subscriptions 200 in 114ms (next.js: 7ms, proxy.ts: 28ms, application-code: 78ms)
 GET /admin/sales/subscriptions 200 in 97ms (next.js: 7ms, proxy.ts: 14ms, application-code: 76ms)
 GET /admin/sales/subscriptions 200 in 85ms (next.js: 5ms, proxy.ts: 7ms, application-code: 73ms)
 GET /admin/sales/subscriptions 200 in 83ms (next.js: 14ms, proxy.ts: 8ms, application-code: 61ms)
 GET / 200 in 184ms (next.js: 22ms, proxy.ts: 16ms, application-code: 146ms)
 GET / 200 in 187ms (next.js: 4ms, proxy.ts: 15ms, application-code: 168ms)
 GET / 200 in 155ms (next.js: 4ms, proxy.ts: 20ms, application-code: 131ms)
 GET / 200 in 137ms (next.js: 23ms, proxy.ts: 3ms, application-code: 111ms)
 GET / 200 in 96ms (next.js: 22ms, proxy.ts: 2ms, application-code: 72ms)
 GET / 200 in 157ms (next.js: 1802µs, proxy.ts: 2ms, application-code: 153ms)
 GET / 200 in 116ms (next.js: 1708µs, proxy.ts: 2ms, application-code: 112ms)
 GET / 200 in 135ms (next.js: 20ms, proxy.ts: 2ms, application-code: 112ms)
 GET / 200 in 140ms (next.js: 5ms, proxy.ts: 3ms, application-code: 132ms)
 GET / 200 in 137ms (next.js: 4ms, proxy.ts: 22ms, application-code: 110ms)
 GET / 200 in 136ms (next.js: 20ms, proxy.ts: 24ms, application-code: 92ms)
 GET / 200 in 121ms (next.js: 1790µs, proxy.ts: 2ms, application-code: 117ms)
 GET / 200 in 120ms (next.js: 20ms, proxy.ts: 3ms, application-code: 98ms)
 GET / 200 in 125ms (next.js: 2ms, proxy.ts: 3ms, application-code: 120ms)
 GET / 200 in 147ms (next.js: 3ms, proxy.ts: 1848µs, application-code: 142ms)
 GET / 200 in 126ms (next.js: 2ms, proxy.ts: 3ms, application-code: 120ms)
 GET / 200 in 125ms (next.js: 19ms, proxy.ts: 3ms, application-code: 103ms)
 GET / 200 in 150ms (next.js: 4ms, proxy.ts: 4ms, application-code: 142ms)
 GET / 200 in 149ms (next.js: 2ms, proxy.ts: 25ms, application-code: 121ms)
 GET / 200 in 148ms (next.js: 22ms, proxy.ts: 4ms, application-code: 122ms)
 GET / 200 in 142ms (next.js: 9ms, proxy.ts: 2ms, application-code: 130ms)
 GET / 200 in 140ms (next.js: 1727µs, proxy.ts: 28ms, application-code: 110ms)
 GET / 200 in 141ms (next.js: 16ms, proxy.ts: 28ms, application-code: 97ms)
 GET / 200 in 143ms (next.js: 1992µs, proxy.ts: 1627µs, application-code: 139ms)
 GET / 200 in 123ms (next.js: 3ms, proxy.ts: 4ms, application-code: 116ms)
 GET / 200 in 143ms (next.js: 18ms, proxy.ts: 3ms, application-code: 121ms)
 GET / 200 in 145ms (next.js: 3ms, proxy.ts: 4ms, application-code: 139ms)
 GET / 200 in 145ms (next.js: 19ms, proxy.ts: 3ms, application-code: 122ms)
 GET / 200 in 145ms (next.js: 42ms, proxy.ts: 3ms, application-code: 100ms)
 GET / 200 in 150ms (next.js: 2ms, proxy.ts: 2ms, application-code: 146ms)
 GET / 200 in 151ms (next.js: 3ms, proxy.ts: 21ms, application-code: 127ms)
 GET / 200 in 154ms (next.js: 1971µs, proxy.ts: 27ms, application-code: 125ms)
 GET / 200 in 156ms (next.js: 3ms, proxy.ts: 3ms, application-code: 150ms)
 GET / 200 in 156ms (next.js: 27ms, proxy.ts: 4ms, application-code: 125ms)
 GET / 200 in 157ms (next.js: 24ms, proxy.ts: 26ms, application-code: 107ms)
 GET / 200 in 156ms (next.js: 3ms, proxy.ts: 24ms, application-code: 129ms)
 GET / 200 in 165ms (next.js: 4ms, proxy.ts: 1860µs, application-code: 159ms)
 GET / 200 in 144ms (next.js: 2ms, proxy.ts: 23ms, application-code: 118ms)
 GET / 200 in 157ms (next.js: 3ms, proxy.ts: 3ms, application-code: 150ms)
 GET / 200 in 157ms (next.js: 27ms, proxy.ts: 4ms, application-code: 125ms)
 GET / 200 in 157ms (next.js: 34ms, proxy.ts: 28ms, application-code: 95ms)
 GET / 200 in 187ms (next.js: 2ms, proxy.ts: 4ms, application-code: 181ms)
 GET / 200 in 194ms (next.js: 15ms, proxy.ts: 10ms, application-code: 169ms)
 GET / 200 in 187ms (next.js: 5ms, proxy.ts: 35ms, application-code: 148ms)
 GET / 200 in 165ms (next.js: 3ms, proxy.ts: 3ms, application-code: 159ms)
 GET / 200 in 164ms (next.js: 29ms, proxy.ts: 3ms, application-code: 133ms)
 GET / 200 in 183ms (next.js: 23ms, proxy.ts: 27ms, application-code: 133ms)
 GET / 200 in 135ms (next.js: 4ms, proxy.ts: 3ms, application-code: 129ms)
 GET / 200 in 135ms (next.js: 14ms, proxy.ts: 3ms, application-code: 118ms)
 GET / 200 in 182ms (next.js: 9ms, proxy.ts: 33ms, application-code: 140ms)
 GET / 200 in 143ms (next.js: 3ms, proxy.ts: 23ms, application-code: 118ms)
 GET / 200 in 126ms (next.js: 29ms, proxy.ts: 5ms, application-code: 92ms)
 GET / 200 in 150ms (next.js: 2ms, proxy.ts: 45ms, application-code: 103ms)
 GET / 200 in 165ms (next.js: 1747µs, proxy.ts: 2ms, application-code: 162ms)
 GET / 200 in 166ms (next.js: 18ms, proxy.ts: 2ms, application-code: 145ms)
 GET / 200 in 166ms (next.js: 3ms, proxy.ts: 2ms, application-code: 160ms)
 GET / 200 in 165ms (next.js: 5ms, proxy.ts: 27ms, application-code: 134ms)
 GET / 200 in 165ms (next.js: 24ms, proxy.ts: 29ms, application-code: 112ms)
 GET / 200 in 149ms (next.js: 4ms, proxy.ts: 36ms, application-code: 108ms)
 GET / 200 in 128ms (next.js: 3ms, proxy.ts: 3ms, application-code: 122ms)
 GET / 200 in 126ms (next.js: 23ms, proxy.ts: 2ms, application-code: 101ms)
 GET / 200 in 145ms (next.js: 9ms, proxy.ts: 3ms, application-code: 132ms)
 GET / 200 in 141ms (next.js: 3ms, proxy.ts: 29ms, application-code: 109ms)
 GET / 200 in 142ms (next.js: 19ms, proxy.ts: 29ms, application-code: 95ms)
 GET / 200 in 148ms (next.js: 3ms, proxy.ts: 1830µs, application-code: 143ms)
 GET / 200 in 151ms (next.js: 1701µs, proxy.ts: 24ms, application-code: 126ms)
 GET / 200 in 135ms (next.js: 17ms, proxy.ts: 4ms, application-code: 114ms)
 GET / 200 in 155ms (next.js: 19ms, proxy.ts: 3ms, application-code: 133ms)
 GET / 200 in 156ms (next.js: 39ms, proxy.ts: 3ms, application-code: 113ms)
 GET / 200 in 157ms (next.js: 1535µs, proxy.ts: 3ms, application-code: 153ms)
 GET / 200 in 142ms (next.js: 3ms, proxy.ts: 23ms, application-code: 115ms)
 GET / 200 in 147ms (next.js: 3ms, proxy.ts: 4ms, application-code: 139ms)
 GET / 200 in 121ms (next.js: 7ms, proxy.ts: 21ms, application-code: 93ms)
 GET / 200 in 140ms (next.js: 3ms, proxy.ts: 3ms, application-code: 134ms)
 GET / 200 in 141ms (next.js: 27ms, proxy.ts: 3ms, application-code: 111ms)
 GET / 200 in 139ms (next.js: 20ms, proxy.ts: 26ms, application-code: 93ms)
 GET / 200 in 106ms (next.js: 3ms, proxy.ts: 5ms, application-code: 99ms)
 GET / 200 in 107ms (next.js: 23ms, proxy.ts: 5ms, application-code: 79ms)
 GET / 200 in 102ms (next.js: 20ms, proxy.ts: 22ms, application-code: 61ms)
 GET / 200 in 79ms (next.js: 1880µs, proxy.ts: 12ms, application-code: 66ms)
 GET / 200 in 83ms (next.js: 3ms, proxy.ts: 2ms, application-code: 78ms)
 GET / 200 in 80ms (next.js: 10ms, proxy.ts: 12ms, application-code: 58ms)
 GET / 200 in 86ms (next.js: 11ms, proxy.ts: 3ms, application-code: 73ms)
 GET / 200 in 88ms (next.js: 2ms, proxy.ts: 3ms, application-code: 82ms)
 GET / 200 in 88ms (next.js: 19ms, proxy.ts: 3ms, application-code: 67ms)
 GET /admin/sales/subscriptions 200 in 49ms (next.js: 22ms, proxy.ts: 4ms, application-code: 24ms)
 GET /admin/sales/subscriptions 200 in 53ms (next.js: 3ms, proxy.ts: 3ms, application-code: 46ms)
 GET /admin/sales/subscriptions 200 in 54ms (next.js: 21ms, proxy.ts: 3ms, application-code: 30ms)
 GET /admin/sales/subscriptions 200 in 55ms (next.js: 13ms, proxy.ts: 3ms, application-code: 38ms)
 GET /admin/sales/subscriptions 200 in 27ms (next.js: 1422µs, proxy.ts: 9ms, application-code: 16ms)
 GET / 200 in 142ms (next.js: 2ms, proxy.ts: 4ms, application-code: 136ms)
 GET / 200 in 154ms (next.js: 13ms, proxy.ts: 4ms, application-code: 136ms)
 GET /admin/sales/subscriptions 200 in 65ms (next.js: 3ms, proxy.ts: 3ms, application-code: 58ms)
 GET /admin/sales/subscriptions 200 in 80ms (next.js: 13ms, proxy.ts: 3ms, application-code: 64ms)
 GET /admin/sales/subscriptions 200 in 90ms (next.js: 25ms, proxy.ts: 4ms, application-code: 61ms)
 GET /admin/sales/subscriptions 200 in 83ms (next.js: 4ms, proxy.ts: 26ms, application-code: 53ms)
 GET /admin/sales/subscriptions 200 in 81ms (next.js: 3ms, proxy.ts: 5ms, application-code: 73ms)
 GET /admin/sales/subscriptions 200 in 91ms (next.js: 19ms, proxy.ts: 3ms, application-code: 70ms)
 GET /admin/sales/subscriptions 200 in 76ms (next.js: 3ms, proxy.ts: 15ms, application-code: 59ms)
 GET /admin/sales/subscriptions 200 in 85ms (next.js: 12ms, proxy.ts: 4ms, application-code: 69ms)
 GET /admin/sales/subscriptions 200 in 98ms (next.js: 19ms, proxy.ts: 11ms, application-code: 68ms)
 GET /admin/sales/subscriptions 200 in 91ms (next.js: 14ms, proxy.ts: 18ms, application-code: 60ms)
 GET /admin/sales/subscriptions 200 in 108ms (next.js: 2ms, proxy.ts: 4ms, application-code: 101ms)
 GET /admin/sales/subscriptions 200 in 121ms (next.js: 23ms, proxy.ts: 2ms, application-code: 96ms)
 GET /admin/sales/subscriptions 200 in 100ms (next.js: 4ms, proxy.ts: 18ms, application-code: 78ms)
 GET /admin/sales/subscriptions 200 in 106ms (next.js: 23ms, proxy.ts: 5ms, application-code: 78ms)
 GET /admin/sales/subscriptions 200 in 117ms (next.js: 22ms, proxy.ts: 22ms, application-code: 72ms)
 GET /admin/sales/subscriptions 200 in 105ms (next.js: 21ms, proxy.ts: 24ms, application-code: 60ms)
 GET /admin/sales/subscriptions 200 in 106ms (next.js: 2ms, proxy.ts: 3ms, application-code: 101ms)
 GET /admin/sales/subscriptions 200 in 120ms (next.js: 7ms, proxy.ts: 19ms, application-code: 95ms)
 GET /admin/sales/subscriptions 200 in 102ms (next.js: 6ms, proxy.ts: 17ms, application-code: 79ms)
 GET /admin/sales/subscriptions 200 in 107ms (next.js: 24ms, proxy.ts: 5ms, application-code: 78ms)
 GET /admin/sales/subscriptions 200 in 114ms (next.js: 25ms, proxy.ts: 22ms, application-code: 67ms)
 GET /admin/sales/subscriptions 200 in 102ms (next.js: 16ms, proxy.ts: 24ms, application-code: 62ms)
 GET /admin/sales/subscriptions 200 in 109ms (next.js: 4ms, proxy.ts: 4ms, application-code: 101ms)
 GET /admin/sales/subscriptions 200 in 119ms (next.js: 6ms, proxy.ts: 19ms, application-code: 95ms)
 GET /admin/sales/subscriptions 200 in 117ms (next.js: 9ms, proxy.ts: 16ms, application-code: 92ms)
 GET /admin/sales/subscriptions 200 in 104ms (next.js: 9ms, proxy.ts: 18ms, application-code: 76ms)
 GET /admin/sales/subscriptions 200 in 101ms (next.js: 27ms, proxy.ts: 18ms, application-code: 57ms)
 GET /admin/sales/subscriptions 200 in 99ms (next.js: 37ms, proxy.ts: 8ms, application-code: 54ms)
 GET /admin/sales/subscriptions 200 in 97ms (next.js: 2ms, proxy.ts: 3ms, application-code: 92ms)
 GET /admin/sales/subscriptions 200 in 113ms (next.js: 5ms, proxy.ts: 20ms, application-code: 87ms)
 GET /admin/sales/subscriptions 200 in 120ms (next.js: 7ms, proxy.ts: 15ms, application-code: 98ms)
 GET /admin/sales/subscriptions 200 in 111ms (next.js: 22ms, proxy.ts: 7ms, application-code: 82ms)
 GET /admin/sales/subscriptions 200 in 109ms (next.js: 22ms, proxy.ts: 18ms, application-code: 69ms)
 GET /admin/sales/subscriptions 200 in 122ms (next.js: 34ms, proxy.ts: 20ms, application-code: 68ms)
 GET /admin/sales/subscriptions 200 in 122ms (next.js: 5ms, proxy.ts: 3ms, application-code: 114ms)
 GET /admin/sales/subscriptions 200 in 124ms (next.js: 9ms, proxy.ts: 29ms, application-code: 87ms)
 GET /admin/sales/subscriptions 200 in 94ms (next.js: 7ms, proxy.ts: 17ms, application-code: 70ms)
 GET /admin/sales/subscriptions 200 in 98ms (next.js: 21ms, proxy.ts: 8ms, application-code: 69ms)
 GET /admin/sales/subscriptions 200 in 96ms (next.js: 31ms, proxy.ts: 6ms, application-code: 59ms)
 GET /admin/sales/subscriptions 200 in 108ms (next.js: 31ms, proxy.ts: 21ms, application-code: 56ms)
 GET /admin/sales/subscriptions 200 in 95ms (next.js: 3ms, proxy.ts: 3ms, application-code: 89ms)
 GET /admin/sales/subscriptions 200 in 112ms (next.js: 9ms, proxy.ts: 13ms, application-code: 90ms)
 GET /admin/sales/subscriptions 200 in 101ms (next.js: 7ms, proxy.ts: 19ms, application-code: 74ms)
 GET /admin/sales/subscriptions 200 in 103ms (next.js: 18ms, proxy.ts: 15ms, application-code: 69ms)
 GET /admin/sales/subscriptions 200 in 104ms (next.js: 5ms, proxy.ts: 15ms, application-code: 83ms)
 GET /admin/sales/subscriptions 200 in 131ms (next.js: 37ms, proxy.ts: 6ms, application-code: 88ms)
 GET /admin/sales/subscriptions 200 in 128ms (next.js: 7ms, proxy.ts: 3ms, application-code: 118ms)
 GET /admin/sales/subscriptions 200 in 142ms (next.js: 18ms, proxy.ts: 23ms, application-code: 102ms)
 GET /admin/sales/subscriptions 200 in 125ms (next.js: 36ms, proxy.ts: 15ms, application-code: 73ms)
 GET /admin/sales/subscriptions 200 in 127ms (next.js: 6ms, proxy.ts: 45ms, application-code: 76ms)
 GET /admin/sales/subscriptions 200 in 127ms (next.js: 16ms, proxy.ts: 45ms, application-code: 66ms)
 GET /admin/sales/subscriptions 200 in 87ms (next.js: 35ms, proxy.ts: 4ms, application-code: 47ms)
 GET /admin/sales/subscriptions 200 in 140ms (next.js: 4ms, proxy.ts: 3ms, application-code: 133ms)
 GET /admin/sales/subscriptions 200 in 141ms (next.js: 8ms, proxy.ts: 21ms, application-code: 112ms)
 GET /admin/sales/subscriptions 200 in 128ms (next.js: 35ms, proxy.ts: 9ms, application-code: 84ms)
 GET /admin/sales/subscriptions 200 in 136ms (next.js: 8ms, proxy.ts: 53ms, application-code: 76ms)
 GET /admin/sales/subscriptions 200 in 112ms (next.js: 17ms, proxy.ts: 30ms, application-code: 65ms)
 GET /admin/sales/subscriptions 200 in 109ms (next.js: 34ms, proxy.ts: 28ms, application-code: 47ms)
 GET /admin/sales/subscriptions 200 in 83ms (next.js: 3ms, proxy.ts: 1937µs, application-code: 78ms)
 GET /admin/sales/subscriptions 200 in 69ms (next.js: 6ms, proxy.ts: 8ms, application-code: 55ms)
 GET /admin/sales/subscriptions 200 in 66ms (next.js: 32ms, proxy.ts: 6ms, application-code: 28ms)
✓ Compiled in 56ms
 GET /admin/sales/subscriptions 200 in 242ms (next.js: 93ms, proxy.ts: 27ms, application-code: 122ms)
 GET /admin/sales/subscriptions 200 in 266ms (next.js: 144ms, proxy.ts: 30ms, application-code: 92ms)
 GET /admin/sales/subscriptions 200 in 268ms (next.js: 134ms, proxy.ts: 30ms, application-code: 104ms)
 GET /creator/spaces/fresh-collective/pathways/growth/steps/test-step 200 in 214ms (next.js: 65ms, proxy.ts: 2ms, application-code: 147ms)
 GET /admin/sales/subscriptions 200 in 65ms (next.js: 3ms, proxy.ts: 5ms, application-code: 58ms)
 GET /admin/sales/subscriptions 200 in 85ms (next.js: 4ms, proxy.ts: 3ms, application-code: 78ms)
 GET /creator/spaces/fresh-collective/pathways/growth/steps/test-step 200 in 163ms (next.js: 25ms, proxy.ts: 4ms, application-code: 134ms)
 GET /creator/spaces/fresh-collective/pathways/growth/steps/test-step 200 in 164ms (next.js: 41ms, proxy.ts: 4ms, application-code: 119ms)
 GET / 200 in 236ms (next.js: 30ms, proxy.ts: 5ms, application-code: 201ms)
 GET /creator/spaces/fresh-collective/pathways/growth/steps/test-step 200 in 224ms (next.js: 6ms, proxy.ts: 3ms, application-code: 215ms)
 GET /creator/spaces/fresh-collective/pathways/growth/steps/test-step 200 in 224ms (next.js: 27ms, proxy.ts: 3ms, application-code: 194ms)
 GET /creator/spaces/fresh-collective/pathways/growth/steps/test-step 200 in 228ms (next.js: 11ms, proxy.ts: 6ms, application-code: 211ms)
 GET /creator/spaces/fresh-collective/pathways/growth/steps/test-step 200 in 272ms (next.js: 69ms, proxy.ts: 3ms, application-code: 200ms)
 GET /creator/spaces/fresh-collective/pathways/growth/steps/test-step 200 in 273ms (next.js: 101ms, proxy.ts: 4ms, application-code: 168ms)
 GET /creator/spaces/fresh-collective/pathways/growth/steps/test-step 200 in 251ms (next.js: 107ms, proxy.ts: 5ms, application-code: 139ms)
 GET /creator/spaces/fresh-collective/pathways/growth/steps/test-step 200 in 263ms (next.js: 51ms, proxy.ts: 34ms, application-code: 178ms)
 GET /creator/spaces/fresh-collective/pathways/growth/steps/test-step 200 in 219ms (next.js: 15ms, proxy.ts: 12ms, application-code: 193ms)
 GET /creator/spaces/fresh-collective/pathways/growth/steps/test-step 200 in 231ms (next.js: 41ms, proxy.ts: 4ms, application-code: 186ms)
 GET /creator/spaces/fresh-collective/pathways/growth/steps/test-step 200 in 237ms (next.js: 85ms, proxy.ts: 3ms, application-code: 149ms)
 GET /creator/spaces/fresh-collective/pathways/growth/steps/test-step 200 in 246ms (next.js: 154ms, proxy.ts: 3ms, application-code: 89ms)
 GET / 200 in 400ms (next.js: 10ms, proxy.ts: 31ms, application-code: 360ms)
 GET /creator/spaces/fresh-collective/pathways/growth/steps/test-step 200 in 169ms (next.js: 5ms, proxy.ts: 5ms, application-code: 160ms)
 GET /creator/spaces/fresh-collective/pathways/growth/steps/test-step 200 in 200ms (next.js: 23ms, proxy.ts: 8ms, application-code: 169ms)
 GET /creator/spaces/fresh-collective/pathways/growth/steps/test-step 200 in 221ms (next.js: 50ms, proxy.ts: 16ms, application-code: 155ms)
 GET /creator/spaces/fresh-collective/pathways/growth/steps/test-step 200 in 215ms (next.js: 75ms, proxy.ts: 11ms, application-code: 129ms)
 GET /creator/spaces/fresh-collective/pathways/growth/steps/test-step 200 in 208ms (next.js: 68ms, proxy.ts: 41ms, application-code: 99ms)
 GET /creator/spaces/fresh-collective/pathways/growth/steps/test-step 200 in 171ms (next.js: 39ms, proxy.ts: 64ms, application-code: 68ms)
 GET /creator/spaces/fresh-collective/pathways/growth/steps/test-step 200 in 190ms (next.js: 3ms, proxy.ts: 64ms, application-code: 123ms)
 GET /creator/spaces/fresh-collective/pathways/growth/steps/test-step 200 in 226ms (next.js: 11ms, proxy.ts: 5ms, application-code: 210ms)
 GET /creator/spaces/fresh-collective/pathways/growth/steps/test-step 200 in 247ms (next.js: 44ms, proxy.ts: 4ms, application-code: 198ms)
 GET /creator/spaces/fresh-collective/pathways/growth/steps/test-step 200 in 248ms (next.js: 63ms, proxy.ts: 5ms, application-code: 180ms)
 GET /creator/spaces/fresh-collective/pathways/growth/steps/test-step 200 in 251ms (next.js: 78ms, proxy.ts: 58ms, application-code: 115ms)
 GET /creator/spaces/fresh-collective/pathways/growth/steps/test-step 200 in 223ms (next.js: 85ms, proxy.ts: 53ms, application-code: 86ms)
 GET /creator/spaces/fresh-collective/pathways/growth/steps/test-step 200 in 294ms (next.js: 47ms, proxy.ts: 79ms, application-code: 169ms)
 GET /creator/spaces/fresh-collective/pathways/growth/steps/test-step 200 in 243ms (next.js: 11ms, proxy.ts: 8ms, application-code: 225ms)
 GET /creator/spaces/fresh-collective/pathways/growth/steps/test-step 200 in 270ms (next.js: 73ms, proxy.ts: 4ms, application-code: 193ms)
 GET /creator/spaces/fresh-collective/pathways/growth/steps/test-step 200 in 270ms (next.js: 93ms, proxy.ts: 3ms, application-code: 173ms)
 GET /creator/spaces/fresh-collective/pathways/growth/steps/test-step 200 in 233ms (next.js: 20ms, proxy.ts: 75ms, application-code: 139ms)
 GET /creator/spaces/fresh-collective/pathways/growth/steps/test-step 200 in 224ms (next.js: 49ms, proxy.ts: 68ms, application-code: 107ms)
 GET /creator/spaces/fresh-collective/pathways/growth/steps/test-step 200 in 279ms (next.js: 55ms, proxy.ts: 38ms, application-code: 186ms)
 GET /creator/spaces/fresh-collective/pathways/growth/steps/test-step 200 in 231ms (next.js: 47ms, proxy.ts: 9ms, application-code: 176ms)
 GET /creator/spaces/fresh-collective/pathways/growth/steps/test-step 200 in 245ms (next.js: 84ms, proxy.ts: 7ms, application-code: 153ms)
 GET /creator/spaces/fresh-collective/pathways/growth/steps/test-step 200 in 245ms (next.js: 100ms, proxy.ts: 7ms, application-code: 138ms)
 GET /creator/spaces/fresh-collective/pathways/growth/steps/test-step 200 in 173ms (next.js: 20ms, proxy.ts: 57ms, application-code: 95ms)
 GET /creator/spaces/fresh-collective/pathways/growth/steps/test-step 200 in 169ms (next.js: 39ms, proxy.ts: 58ms, application-code: 72ms)
 GET /creator/spaces/fresh-collective/pathways/growth/steps/test-step 200 in 234ms (next.js: 12ms, proxy.ts: 57ms, application-code: 165ms)
 GET /creator/spaces/fresh-collective/pathways/growth/steps/test-step 200 in 262ms (next.js: 9ms, proxy.ts: 5ms, application-code: 249ms)
 GET /creator/spaces/fresh-collective/pathways/growth/steps/test-step 200 in 324ms (next.js: 56ms, proxy.ts: 4ms, application-code: 264ms)
 GET /creator/spaces/fresh-collective/pathways/growth/steps/test-step 200 in 325ms (next.js: 85ms, proxy.ts: 5ms, application-code: 235ms)
 GET /creator/spaces/fresh-collective/pathways/growth/steps/test-step 200 in 284ms (next.js: 64ms, proxy.ts: 35ms, application-code: 185ms)
 GET /creator/spaces/fresh-collective/pathways/growth/steps/test-step 200 in 281ms (next.js: 53ms, proxy.ts: 78ms, application-code: 150ms)
 GET /creator/spaces/fresh-collective/pathways/growth/steps/test-step 200 in 279ms (next.js: 44ms, proxy.ts: 99ms, application-code: 135ms)
 GET /creator/spaces/fresh-collective/pathways/growth/steps/test-step 200 in 168ms (next.js: 11ms, proxy.ts: 8ms, application-code: 149ms)
 GET /creator/spaces/fresh-collective/pathways/growth/steps/test-step 200 in 187ms (next.js: 39ms, proxy.ts: 5ms, application-code: 143ms)
 GET /creator/spaces/fresh-collective/pathways/growth/steps/test-step 200 in 186ms (next.js: 60ms, proxy.ts: 4ms, application-code: 122ms)
 GET /creator/spaces/fresh-collective/pathways/growth/steps/test-step 200 in 157ms (next.js: 58ms, proxy.ts: 6ms, application-code: 93ms)
 GET /creator/spaces/fresh-collective/pathways/growth/steps/test-step 200 in 159ms (next.js: 85ms, proxy.ts: 4ms, application-code: 70ms)
 GET /creator/spaces/fresh-collective/pathways/growth/steps/test-step 200 in 190ms (next.js: 7ms, proxy.ts: 56ms, application-code: 127ms)
 GET /creator/spaces/fresh-collective/pathways/growth/steps/test-step 200 in 175ms (next.js: 14ms, proxy.ts: 4ms, application-code: 158ms)
 GET /creator/spaces/fresh-collective/pathways/growth/steps/test-step 200 in 224ms (next.js: 64ms, proxy.ts: 4ms, application-code: 157ms)
 GET /creator/spaces/fresh-collective/pathways/growth/steps/test-step 200 in 224ms (next.js: 46ms, proxy.ts: 6ms, application-code: 172ms)
 GET /creator/spaces/fresh-collective/pathways/growth/steps/test-step 200 in 187ms (next.js: 51ms, proxy.ts: 7ms, application-code: 128ms)
 GET /creator/spaces/fresh-collective/pathways/growth/steps/test-step 200 in 185ms (next.js: 42ms, proxy.ts: 47ms, application-code: 96ms)
 GET /creator/spaces/fresh-collective/pathways/growth/steps/test-step 200 in 223ms (next.js: 38ms, proxy.ts: 61ms, application-code: 124ms)
 GET /creator/spaces/fresh-collective/pathways/growth/steps/test-step 200 in 174ms (next.js: 12ms, proxy.ts: 5ms, application-code: 158ms)
 GET /creator/spaces/fresh-collective/pathways/growth/steps/test-step 200 in 196ms (next.js: 50ms, proxy.ts: 4ms, application-code: 141ms)
 GET /creator/spaces/fresh-collective/pathways/growth/steps/test-step 200 in 196ms (next.js: 66ms, proxy.ts: 6ms, application-code: 124ms)
 GET /creator/spaces/fresh-collective/pathways/growth/steps/test-step 200 in 195ms (next.js: 57ms, proxy.ts: 42ms, application-code: 97ms)
 GET /creator/spaces/fresh-collective/pathways/growth/steps/test-step 200 in 190ms (next.js: 73ms, proxy.ts: 7ms, application-code: 110ms)
 GET /creator/spaces/fresh-collective/pathways/growth/steps/test-step 200 in 189ms (next.js: 13ms, proxy.ts: 52ms, application-code: 125ms)
 GET /creator/spaces/fresh-collective/pathways/growth/steps/test-step 200 in 169ms (next.js: 11ms, proxy.ts: 3ms, application-code: 155ms)
 GET /creator/spaces/fresh-collective/pathways/growth/steps/test-step 200 in 169ms (next.js: 46ms, proxy.ts: 5ms, application-code: 118ms)
 GET /creator/spaces/fresh-collective/pathways/growth/steps/test-step 200 in 168ms (next.js: 65ms, proxy.ts: 5ms, application-code: 98ms)
 GET /creator/spaces/fresh-collective/pathways/growth/steps/test-step 200 in 223ms (next.js: 55ms, proxy.ts: 4ms, application-code: 165ms)
 GET /creator/spaces/fresh-collective/pathways/growth/steps/test-step 200 in 222ms (next.js: 76ms, proxy.ts: 4ms, application-code: 142ms)
 GET /creator/spaces/fresh-collective/pathways/growth/steps/test-step 200 in 299ms (next.js: 83ms, proxy.ts: 25ms, application-code: 190ms)
 GET /creator/spaces/fresh-collective/pathways/growth/steps/test-step 200 in 238ms (next.js: 11ms, proxy.ts: 94ms, application-code: 133ms)
 GET /creator/spaces/fresh-collective/pathways/growth/steps/test-step 200 in 176ms (next.js: 38ms, proxy.ts: 34ms, application-code: 104ms)
 GET /creator/spaces/fresh-collective/pathways/growth/steps/test-step 200 in 175ms (next.js: 60ms, proxy.ts: 33ms, application-code: 82ms)
 GET /creator/spaces/fresh-collective/pathways/growth/steps/test-step 200 in 173ms (next.js: 67ms, proxy.ts: 30ms, application-code: 75ms)
 GET /creator/spaces/fresh-collective/pathways/growth/steps/test-step 200 in 176ms (next.js: 54ms, proxy.ts: 30ms, application-code: 91ms)
 GET /creator/spaces/fresh-collective/pathways/growth/steps/test-step 200 in 185ms (next.js: 9ms, proxy.ts: 2ms, application-code: 174ms)
 GET /creator/spaces/fresh-collective/pathways/growth/steps/test-step 200 in 218ms (next.js: 10ms, proxy.ts: 32ms, application-code: 177ms)
 GET /creator/spaces/fresh-collective/pathways/growth/steps/test-step 200 in 216ms (next.js: 38ms, proxy.ts: 8ms, application-code: 171ms)
 GET /creator/spaces/fresh-collective/pathways/growth/steps/test-step 200 in 220ms (next.js: 53ms, proxy.ts: 8ms, application-code: 159ms)
 GET /creator/spaces/fresh-collective/pathways/growth/steps/test-step 200 in 220ms (next.js: 84ms, proxy.ts: 30ms, application-code: 106ms)
 GET /creator/spaces/fresh-collective/pathways/growth/steps/test-step 200 in 223ms (next.js: 107ms, proxy.ts: 32ms, application-code: 84ms)
 GET /creator/spaces/fresh-collective/pathways/growth/steps/test-step 200 in 146ms (next.js: 6ms, proxy.ts: 4ms, application-code: 135ms)
 GET /creator/spaces/fresh-collective/pathways/growth/steps/test-step 200 in 175ms (next.js: 22ms, proxy.ts: 13ms, application-code: 139ms)
 GET /creator/spaces/fresh-collective/pathways/growth/steps/test-step 200 in 169ms (next.js: 47ms, proxy.ts: 9ms, application-code: 113ms)
 GET /creator/spaces/fresh-collective/pathways/growth/steps/test-step 200 in 166ms (next.js: 63ms, proxy.ts: 7ms, application-code: 95ms)
 GET /creator/spaces/fresh-collective/pathways/growth/steps/test-step 200 in 174ms (next.js: 59ms, proxy.ts: 33ms, application-code: 82ms)
 GET /creator/spaces/fresh-collective/pathways/growth/steps/test-step 200 in 176ms (next.js: 103ms, proxy.ts: 10ms, application-code: 63ms)
 GET /creator/spaces/fresh-collective/pathways/growth/steps/test-step 200 in 155ms (next.js: 64ms, proxy.ts: 14ms, application-code: 77ms)
 GET /creator/spaces/fresh-collective/pathways/growth/steps/test-step 200 in 163ms (next.js: 105ms, proxy.ts: 4ms, application-code: 54ms)
 GET /creator/spaces/fresh-collective/pathways/growth/steps/test-step 200 in 225ms (next.js: 129ms, proxy.ts: 56ms, application-code: 40ms)
✓ Compiled in 182ms
 GET /admin/sales/subscriptions 200 in 277ms (next.js: 29ms, proxy.ts: 30ms, application-code: 218ms)
 GET /creator/spaces/fresh-collective/pathways/growth/steps/test-step 200 in 339ms (next.js: 177ms, proxy.ts: 28ms, application-code: 134ms)
 GET /admin/sales/subscriptions 200 in 61ms (next.js: 3ms, proxy.ts: 17ms, application-code: 41ms)
 GET / 200 in 345ms (next.js: 69ms, proxy.ts: 38ms, application-code: 238ms)
 GET /creator/spaces/fresh-collective/pathways/growth/steps/test-step 200 in 227ms (next.js: 88ms, proxy.ts: 26ms, application-code: 113ms)
 GET / 200 in 230ms (next.js: 15ms, proxy.ts: 33ms, application-code: 182ms)
 GET /admin/sales/subscriptions 200 in 124ms (next.js: 4ms, proxy.ts: 8ms, application-code: 112ms)
 GET /creator/spaces/fresh-collective/pathways/growth/steps/test-step 200 in 131ms (next.js: 90ms, proxy.ts: 8ms, application-code: 33ms)
 GET / 200 in 140ms (next.js: 27ms, proxy.ts: 6ms, application-code: 108ms)
 GET /admin/sales/subscriptions 200 in 117ms (next.js: 31ms, proxy.ts: 4ms, application-code: 82ms)
 GET /creator/spaces/fresh-collective/pathways/growth/steps/test-step 200 in 119ms (next.js: 71ms, proxy.ts: 10ms, application-code: 38ms)
 GET / 200 in 125ms (next.js: 10ms, proxy.ts: 5ms, application-code: 111ms)
 GET /admin/sales/subscriptions 200 in 91ms (next.js: 4ms, proxy.ts: 3ms, application-code: 83ms)
 GET /creator/spaces/fresh-collective/pathways/growth/steps/test-step 200 in 96ms (next.js: 40ms, proxy.ts: 4ms, application-code: 52ms)
 GET / 200 in 100ms (next.js: 57ms, proxy.ts: 4ms, application-code: 39ms)
 GET /admin/sales/subscriptions 200 in 89ms (next.js: 3ms, proxy.ts: 7ms, application-code: 80ms)
 GET /creator/spaces/fresh-collective/pathways/growth/steps/test-step 200 in 90ms (next.js: 57ms, proxy.ts: 3ms, application-code: 30ms)
 GET / 200 in 99ms (next.js: 14ms, proxy.ts: 6ms, application-code: 79ms)
 GET / 200 in 442ms (next.js: 9ms, proxy.ts: 27ms, application-code: 406ms)
 GET / 200 in 110ms (next.js: 6ms, proxy.ts: 3ms, application-code: 101ms)
✓ Compiled in 211ms
 GET /admin/sales/subscriptions 200 in 260ms (next.js: 29ms, proxy.ts: 15ms, application-code: 216ms)
 GET /creator/spaces/fresh-collective/pathways/growth/steps/test-step 200 in 277ms (next.js: 198ms, proxy.ts: 24ms, application-code: 55ms)
 GET / 200 in 271ms (next.js: 50ms, proxy.ts: 15ms, application-code: 206ms)
 GET /admin/sales/subscriptions 200 in 105ms (next.js: 36ms, proxy.ts: 7ms, application-code: 63ms)
 GET /creator/spaces/fresh-collective/pathways/growth/steps/test-step 200 in 118ms (next.js: 76ms, proxy.ts: 9ms, application-code: 32ms)
 GET / 200 in 126ms (next.js: 7ms, proxy.ts: 13ms, application-code: 105ms)
✓ Compiled in 161ms
 GET /admin/sales/subscriptions 200 in 159ms (next.js: 11ms, proxy.ts: 13ms, application-code: 136ms)
 GET /creator/spaces/fresh-collective/pathways/growth/steps/test-step 200 in 164ms (next.js: 112ms, proxy.ts: 14ms, application-code: 38ms)
 GET / 200 in 178ms (next.js: 38ms, proxy.ts: 10ms, application-code: 129ms)
✓ Compiled in 77ms
 GET / 200 in 437ms (next.js: 14ms, proxy.ts: 67ms, application-code: 356ms)
 GET /spaces 200 in 2.2s (next.js: 2.0s, proxy.ts: 12ms, application-code: 151ms)
[browser] Detected `scroll-behavior: smooth` on the `<html>` element. To disable smooth scrolling during route transitions, add `data-scroll-behavior="smooth"` to your <html> element. Learn more: https://nextjs.org/docs/messages/missing-data-scroll-behavior
 GET /about 200 in 91ms (next.js: 33ms, proxy.ts: 15ms, application-code: 43ms)
✓ Compiled in 195ms
 GET /admin/sales/subscriptions 200 in 116ms (next.js: 66ms, proxy.ts: 16ms, application-code: 34ms)
 GET /about 200 in 242ms (next.js: 26ms, proxy.ts: 24ms, application-code: 191ms)
 GET /creator/spaces/fresh-collective/pathways/growth/steps/test-step 200 in 226ms (next.js: 151ms, proxy.ts: 29ms, application-code: 46ms)
✓ Compiled in 356ms
 GET /about 200 in 240ms (next.js: 8ms, proxy.ts: 12ms, application-code: 220ms)
 GET /admin/sales/subscriptions 200 in 243ms (next.js: 43ms, proxy.ts: 9ms, application-code: 191ms)
 GET /creator/spaces/fresh-collective/pathways/growth/steps/test-step 200 in 239ms (next.js: 172ms, proxy.ts: 10ms, application-code: 58ms)
 GET /admin/sales/subscriptions 200 in 152ms (next.js: 49ms, proxy.ts: 59ms, application-code: 44ms)
 GET /about 200 in 156ms (next.js: 18ms, proxy.ts: 51ms, application-code: 87ms)
 GET /creator/spaces/fresh-collective/pathways/growth/steps/test-step 200 in 168ms (next.js: 75ms, proxy.ts: 53ms, application-code: 39ms)
 GET /admin/sales/subscriptions 200 in 91ms (next.js: 9ms, proxy.ts: 7ms, application-code: 76ms)
 GET /about 200 in 91ms (next.js: 22ms, proxy.ts: 8ms, application-code: 60ms)
 GET /creator/spaces/fresh-collective/pathways/growth/steps/test-step 200 in 87ms (next.js: 42ms, proxy.ts: 7ms, application-code: 39ms)
 GET / 200 in 185ms (next.js: 35ms, proxy.ts: 25ms, application-code: 125ms)
 GET /spaces 200 in 54ms (next.js: 10ms, proxy.ts: 3ms, application-code: 42ms)
 GET /about 200 in 54ms (next.js: 3ms, proxy.ts: 3ms, application-code: 48ms)
 GET / 200 in 152ms (next.js: 6ms, proxy.ts: 26ms, application-code: 120ms)
 GET / 200 in 536ms (next.js: 20ms, proxy.ts: 24ms, application-code: 493ms)
✓ Compiled in 456ms
 GET /admin/sales/subscriptions 200 in 517ms (next.js: 345ms, proxy.ts: 31ms, application-code: 140ms)
 GET /creator/spaces/fresh-collective/pathways/growth/steps/test-step 200 in 547ms (next.js: 439ms, proxy.ts: 37ms, application-code: 70ms)
 GET / 200 in 550ms (next.js: 29ms, proxy.ts: 32ms, application-code: 489ms)
 GET / 200 in 278ms (next.js: 19ms, proxy.ts: 14ms, application-code: 246ms)
 GET / 200 in 11ms (next.js: 3ms, proxy.ts: 3ms, application-code: 5ms)
 GET / 200 in 66ms (next.js: 2ms, proxy.ts: 4ms, application-code: 59ms)

====================================
Starting FC Frontend
 GET / 200 in 120ms (next.js: 3ms, proxy.ts: 27ms, application-code: 91ms)
Tue May 12 07:39:31 PM AEST 2026
====================================

Frontend folder:
/home/lindsey/fc-production/frontend

Using package script:
dev

Detected yarn.lock
Running: yarn dev
yarn run v1.22.22
$ next dev
⚠ Port 3000 is in use by an unknown process, using available port 3001 instead.
▲ Next.js 16.2.4 (Turbopack)
- Local:         http://localhost:3001
- Network:       http://172.16.186.128:3001
- Environments: .env
✓ Ready in 349ms
⨯ Another next dev server is already running.

- Local:        http://localhost:3000
- PID:          349711
- Dir:          /home/lindsey/fc-production/frontend
- Log:          .next/dev/logs/next-development.log

Run kill 349711 to stop it.
[?25h
error Command failed with exit code 1.
info Visit https://yarnpkg.com/en/docs/cli/run for documentation about this command.

Frontend process ended.
Press Enter to close frontend window... GET /admin/sales/subscriptions 307 in 147ms (next.js: 10ms, proxy.ts: 11ms, application-code: 126ms)
 GET / 200 in 120ms (next.js: 1955µs, proxy.ts: 2ms, application-code: 116ms)
✓ Compiled in 64ms
 GET / 200 in 127ms (next.js: 9ms, proxy.ts: 18ms, application-code: 101ms)
[browser] Uncaught Error: Internal Next.js error: Router action dispatched before initialization.
    at dispatchAppRouterAction (file:///home/lindsey/fc-production/frontend/.next/dev/static/chunks/0r9g_next_dist_client_12gpkjl._.js:916:37)
    at hmrRefresh/< (file:///home/lindsey/fc-production/frontend/.next/dev/static/chunks/0r9g_next_dist_client_12gpkjl._.js:11800:61)
    at startTransition (file:///home/lindsey/fc-production/frontend/.next/dev/static/chunks/0r9g_next_dist_compiled_0op9aht._.js:1279:31)
    at hmrRefresh (file:///home/lindsey/fc-production/frontend/.next/dev/static/chunks/0r9g_next_dist_client_12gpkjl._.js:11799:40)
    at processMessage/< (file:///home/lindsey/fc-production/frontend/.next/dev/static/chunks/0r9g_next_dist_client_12gpkjl._.js:13967:64)
    at startTransition (file:///home/lindsey/fc-production/frontend/.next/dev/static/chunks/0r9g_next_dist_compiled_0op9aht._.js:1279:31)
    at processMessage (file:///home/lindsey/fc-production/frontend/.next/dev/static/chunks/0r9g_next_dist_client_12gpkjl._.js:13966:44)
    at handleMessage (file:///home/lindsey/fc-production/frontend/.next/dev/static/chunks/0r9g_next_dist_client_12gpkjl._.js:13335:52)
 GET / 200 in 61ms (next.js: 4ms, proxy.ts: 5ms, application-code: 51ms)
[browser] Uncaught Error: Internal Next.js error: Router action dispatched before initialization.
    at dispatchAppRouterAction (file:///home/lindsey/fc-production/frontend/.next/dev/static/chunks/0r9g_next_dist_client_12gpkjl._.js:916:37)
    at hmrRefresh/< (file:///home/lindsey/fc-production/frontend/.next/dev/static/chunks/0r9g_next_dist_client_12gpkjl._.js:11800:61)
    at startTransition (file:///home/lindsey/fc-production/frontend/.next/dev/static/chunks/0r9g_next_dist_compiled_0op9aht._.js:1279:31)
    at hmrRefresh (file:///home/lindsey/fc-production/frontend/.next/dev/static/chunks/0r9g_next_dist_client_12gpkjl._.js:11799:40)
    at processMessage/< (file:///home/lindsey/fc-production/frontend/.next/dev/static/chunks/0r9g_next_dist_client_12gpkjl._.js:13967:64)
    at startTransition (file:///home/lindsey/fc-production/frontend/.next/dev/static/chunks/0r9g_next_dist_compiled_0op9aht._.js:1279:31)
    at processMessage (file:///home/lindsey/fc-production/frontend/.next/dev/static/chunks/0r9g_next_dist_client_12gpkjl._.js:13966:44)
    at handleMessage (file:///home/lindsey/fc-production/frontend/.next/dev/static/chunks/0r9g_next_dist_client_12gpkjl._.js:13335:52)
 GET / 200 in 257ms (next.js: 32ms, proxy.ts: 26ms, application-code: 199ms)
✓ Compiled in 107ms
 GET / 200 in 228ms (next.js: 14ms, proxy.ts: 36ms, application-code: 178ms)
[browser] Uncaught Error: Internal Next.js error: Router action dispatched before initialization.
    at dispatchAppRouterAction (file:///home/lindsey/fc-production/frontend/.next/dev/static/chunks/0r9g_next_dist_client_12gpkjl._.js:916:37)
    at hmrRefresh/< (file:///home/lindsey/fc-production/frontend/.next/dev/static/chunks/0r9g_next_dist_client_12gpkjl._.js:11800:61)
    at startTransition (file:///home/lindsey/fc-production/frontend/.next/dev/static/chunks/0r9g_next_dist_compiled_0op9aht._.js:1279:31)
    at hmrRefresh (file:///home/lindsey/fc-production/frontend/.next/dev/static/chunks/0r9g_next_dist_client_12gpkjl._.js:11799:40)
    at processMessage/< (file:///home/lindsey/fc-production/frontend/.next/dev/static/chunks/0r9g_next_dist_client_12gpkjl._.js:13967:64)
    at startTransition (file:///home/lindsey/fc-production/frontend/.next/dev/static/chunks/0r9g_next_dist_compiled_0op9aht._.js:1279:31)
    at processMessage (file:///home/lindsey/fc-production/frontend/.next/dev/static/chunks/0r9g_next_dist_client_12gpkjl._.js:13966:44)
    at handleMessage (file:///home/lindsey/fc-production/frontend/.next/dev/static/chunks/0r9g_next_dist_client_12gpkjl._.js:13335:52)
 GET / 200 in 82ms (next.js: 3ms, proxy.ts: 8ms, application-code: 71ms)
[browser] Uncaught Error: Internal Next.js error: Router action dispatched before initialization.
    at dispatchAppRouterAction (file:///home/lindsey/fc-production/frontend/.next/dev/static/chunks/0r9g_next_dist_client_12gpkjl._.js:916:37)
    at hmrRefresh/< (file:///home/lindsey/fc-production/frontend/.next/dev/static/chunks/0r9g_next_dist_client_12gpkjl._.js:11800:61)
    at startTransition (file:///home/lindsey/fc-production/frontend/.next/dev/static/chunks/0r9g_next_dist_compiled_0op9aht._.js:1279:31)
    at hmrRefresh (file:///home/lindsey/fc-production/frontend/.next/dev/static/chunks/0r9g_next_dist_client_12gpkjl._.js:11799:40)
    at processMessage/< (file:///home/lindsey/fc-production/frontend/.next/dev/static/chunks/0r9g_next_dist_client_12gpkjl._.js:13967:64)
    at startTransition (file:///home/lindsey/fc-production/frontend/.next/dev/static/chunks/0r9g_next_dist_compiled_0op9aht._.js:1279:31)
    at processMessage (file:///home/lindsey/fc-production/frontend/.next/dev/static/chunks/0r9g_next_dist_client_12gpkjl._.js:13966:44)
    at handleMessage (file:///home/lindsey/fc-production/frontend/.next/dev/static/chunks/0r9g_next_dist_client_12gpkjl._.js:13335:52)
✓ Compiled in 91ms
 GET / 200 in 349ms (next.js: 26ms, proxy.ts: 9ms, application-code: 314ms)
[browser] Uncaught Error: Internal Next.js error: Router action dispatched before initialization.
    at dispatchAppRouterAction (file:///home/lindsey/fc-production/frontend/.next/dev/static/chunks/0r9g_next_dist_client_12gpkjl._.js:916:37)
    at hmrRefresh/< (file:///home/lindsey/fc-production/frontend/.next/dev/static/chunks/0r9g_next_dist_client_12gpkjl._.js:11800:61)
    at startTransition (file:///home/lindsey/fc-production/frontend/.next/dev/static/chunks/0r9g_next_dist_compiled_0op9aht._.js:1279:31)
    at hmrRefresh (file:///home/lindsey/fc-production/frontend/.next/dev/static/chunks/0r9g_next_dist_client_12gpkjl._.js:11799:40)
    at processMessage/< (file:///home/lindsey/fc-production/frontend/.next/dev/static/chunks/0r9g_next_dist_client_12gpkjl._.js:13967:64)
    at startTransition (file:///home/lindsey/fc-production/frontend/.next/dev/static/chunks/0r9g_next_dist_compiled_0op9aht._.js:1279:31)
    at processMessage (file:///home/lindsey/fc-production/frontend/.next/dev/static/chunks/0r9g_next_dist_client_12gpkjl._.js:13966:44)
    at handleMessage (file:///home/lindsey/fc-production/frontend/.next/dev/static/chunks/0r9g_next_dist_client_12gpkjl._.js:13335:52)
 GET / 200 in 57ms (next.js: 4ms, proxy.ts: 8ms, application-code: 46ms)
[browser] Uncaught Error: Internal Next.js error: Router action dispatched before initialization.
    at dispatchAppRouterAction (file:///home/lindsey/fc-production/frontend/.next/dev/static/chunks/0r9g_next_dist_client_12gpkjl._.js:916:37)
    at hmrRefresh/< (file:///home/lindsey/fc-production/frontend/.next/dev/static/chunks/0r9g_next_dist_client_12gpkjl._.js:11800:61)
    at startTransition (file:///home/lindsey/fc-production/frontend/.next/dev/static/chunks/0r9g_next_dist_compiled_0op9aht._.js:1279:31)
    at hmrRefresh (file:///home/lindsey/fc-production/frontend/.next/dev/static/chunks/0r9g_next_dist_client_12gpkjl._.js:11799:40)
    at processMessage/< (file:///home/lindsey/fc-production/frontend/.next/dev/static/chunks/0r9g_next_dist_client_12gpkjl._.js:13967:64)
    at startTransition (file:///home/lindsey/fc-production/frontend/.next/dev/static/chunks/0r9g_next_dist_compiled_0op9aht._.js:1279:31)
    at processMessage (file:///home/lindsey/fc-production/frontend/.next/dev/static/chunks/0r9g_next_dist_client_12gpkjl._.js:13966:44)
    at handleMessage (file:///home/lindsey/fc-production/frontend/.next/dev/static/chunks/0r9g_next_dist_client_12gpkjl._.js:13335:52)
⨯ TypeError: fetch failed
    at ignore-listed frames {
  digest: '3453656071',
  [cause]: Error: connect ECONNREFUSED 127.0.0.1:8000
      at <unknown> (Error: connect ECONNREFUSED 127.0.0.1:8000) {
    errno: -111,
    code: 'ECONNREFUSED',
    syscall: 'connect',
    address: '127.0.0.1',
    port: 8000
  }
}
⨯ TypeError: fetch failed
    at async (src/lib/serverApi.ts:107:15)
    at async DashboardPage (src/app/dashboard/page.tsx:41:5)
  105 |
  106 | export const getContinue = cache(async () => {
> 107 |   const res = await fetchWithSession('/api/me/continue')
      |               ^
  108 |   if (!res.ok) return null
  109 |   return res.json()
  110 | }) {
  digest: '2633981691',
  [cause]: Error: connect ECONNREFUSED 127.0.0.1:8000
      at <unknown> (Error: connect ECONNREFUSED 127.0.0.1:8000) {
    errno: -111,
    code: 'ECONNREFUSED',
    syscall: 'connect',
    address: '127.0.0.1',
    port: 8000
  }
}
 GET /dashboard 500 in 312ms (next.js: 107ms, proxy.ts: 18ms, application-code: 186ms)
[browser] Uncaught TypeError: fetch failed
[browser] Uncaught TypeError: Performance.measure: Given attribute end cannot be negative
 GET /admin 307 in 185ms (next.js: 52ms, proxy.ts: 9ms, application-code: 125ms)
⨯ TypeError: fetch failed
    at ignore-listed frames {
  digest: '3453656071',
  [cause]: Error: connect ECONNREFUSED 127.0.0.1:8000
      at <unknown> (Error: connect ECONNREFUSED 127.0.0.1:8000) {
    errno: -111,
    code: 'ECONNREFUSED',
    syscall: 'connect',
    address: '127.0.0.1',
    port: 8000
  }
}
⨯ TypeError: fetch failed
    at async (src/lib/serverApi.ts:107:15)
    at async DashboardPage (src/app/dashboard/page.tsx:41:5)
  105 |
  106 | export const getContinue = cache(async () => {
> 107 |   const res = await fetchWithSession('/api/me/continue')
      |               ^
  108 |   if (!res.ok) return null
  109 |   return res.json()
  110 | }) {
  digest: '2633981691',
  [cause]: Error: connect ECONNREFUSED 127.0.0.1:8000
      at <unknown> (Error: connect ECONNREFUSED 127.0.0.1:8000) {
    errno: -111,
    code: 'ECONNREFUSED',
    syscall: 'connect',
    address: '127.0.0.1',
    port: 8000
  }
}
 GET /dashboard 500 in 80ms (next.js: 2ms, proxy.ts: 7ms, application-code: 71ms)
[browser] Uncaught TypeError: fetch failed
[browser] Uncaught TypeError: Performance.measure: Given attribute end cannot be negative
✓ Compiled in 65ms
 GET / 200 in 111ms (next.js: 38ms, proxy.ts: 12ms, application-code: 60ms)
✓ Compiled in 90ms
 GET / 200 in 211ms (next.js: 26ms, proxy.ts: 21ms, application-code: 164ms)
 GET / 200 in 83ms (next.js: 3ms, proxy.ts: 4ms, application-code: 76ms)
 GET / 200 in 94ms (next.js: 2ms, proxy.ts: 6ms, application-code: 85ms)
✓ Compiled in 88ms
 GET / 200 in 186ms (next.js: 13ms, proxy.ts: 12ms, application-code: 162ms)
 GET / 200 in 217ms (next.js: 31ms, proxy.ts: 11ms, application-code: 175ms)
✓ Compiled in 73ms
 GET / 200 in 154ms (next.js: 17ms, proxy.ts: 25ms, application-code: 113ms)
✓ Compiled in 53ms
 GET / 200 in 104ms (next.js: 10ms, proxy.ts: 11ms, application-code: 83ms)
 GET / 200 in 49ms (next.js: 2ms, proxy.ts: 6ms, application-code: 40ms)
✓ Compiled in 68ms
 GET / 200 in 131ms (next.js: 11ms, proxy.ts: 13ms, application-code: 107ms)
[browser] Updating a style property during rerender (background) when a conflicting property is set (backgroundClip) can lead to styling bugs. To avoid this, don't mix shorthand and non-shorthand properties for the same value; instead, replace the shorthand with separate values. 
 GET / 200 in 210ms (next.js: 28ms, proxy.ts: 11ms, application-code: 171ms)
✓ Compiled in 164ms
 GET / 200 in 206ms (next.js: 20ms, proxy.ts: 26ms, application-code: 160ms)
✓ Compiled in 61ms
 GET / 200 in 94ms (next.js: 6ms, proxy.ts: 4ms, application-code: 85ms)
 GET / 200 in 68ms (next.js: 3ms, proxy.ts: 4ms, application-code: 61ms)
 GET / 200 in 77ms (next.js: 6ms, proxy.ts: 3ms, application-code: 69ms)
 GET / 200 in 111ms (next.js: 9ms, proxy.ts: 3ms, application-code: 99ms)
 GET / 200 in 79ms (next.js: 11ms, proxy.ts: 16ms, application-code: 52ms)
TypeError: fetch failed
    at ignore-listed frames {
  [cause]: Error: connect ECONNREFUSED 127.0.0.1:8000
      at <unknown> (Error: connect ECONNREFUSED 127.0.0.1:8000) {
    errno: -111,
    code: 'ECONNREFUSED',
    syscall: 'connect',
    address: '127.0.0.1',
    port: 8000
  }
}
 GET /spaces 200 in 173ms (next.js: 18ms, proxy.ts: 21ms, application-code: 134ms)
[browser] Detected `scroll-behavior: smooth` on the `<html>` element. To disable smooth scrolling during route transitions, add `data-scroll-behavior="smooth"` to your <html> element. Learn more: https://nextjs.org/docs/messages/missing-data-scroll-behavior
✓ Compiled in 82ms
 GET / 200 in 96ms (next.js: 8ms, proxy.ts: 15ms, application-code: 73ms)
 GET / 200 in 57ms (next.js: 2ms, proxy.ts: 9ms, application-code: 46ms)
 GET / 200 in 99ms (next.js: 16ms, proxy.ts: 5ms, application-code: 78ms)
✓ Compiled in 71ms
 GET / 200 in 80ms (next.js: 7ms, proxy.ts: 4ms, application-code: 69ms)
✓ Compiled in 55ms
 GET / 200 in 67ms (next.js: 4ms, proxy.ts: 5ms, application-code: 58ms)
 GET / 200 in 73ms (next.js: 4ms, proxy.ts: 4ms, application-code: 65ms)
 GET / 200 in 65ms (next.js: 6ms, proxy.ts: 3ms, application-code: 56ms)
✓ Compiled in 64ms
 GET / 200 in 146ms (next.js: 14ms, proxy.ts: 15ms, application-code: 117ms)
 GET / 200 in 61ms (next.js: 8ms, proxy.ts: 5ms, application-code: 48ms)
✓ Compiled in 88ms
 GET / 200 in 152ms (next.js: 5ms, proxy.ts: 11ms, application-code: 136ms)
✓ Compiled in 81ms
 GET / 200 in 102ms (next.js: 2ms, proxy.ts: 4ms, application-code: 95ms)
✓ Compiled in 63ms
 GET / 200 in 63ms (next.js: 2ms, proxy.ts: 3ms, application-code: 57ms)
✓ Compiled in 64ms
 GET / 200 in 93ms (next.js: 6ms, proxy.ts: 6ms, application-code: 81ms)
✓ Compiled in 201ms
✓ Compiled in 96ms
✓ Compiled in 47ms
✓ Compiled in 139ms
 GET / 200 in 73ms (next.js: 5ms, proxy.ts: 21ms, application-code: 48ms)
 GET / 200 in 146ms (next.js: 11ms, proxy.ts: 9ms, application-code: 126ms)
 GET / 200 in 137ms (next.js: 9ms, proxy.ts: 11ms, application-code: 117ms)
 GET / 200 in 245ms (next.js: 6ms, proxy.ts: 9ms, application-code: 231ms)
✓ Compiled in 120ms
 GET / 200 in 90ms (next.js: 5ms, proxy.ts: 8ms, application-code: 77ms)
 GET / 200 in 69ms (next.js: 5ms, proxy.ts: 4ms, application-code: 61ms)
 GET / 200 in 84ms (next.js: 17ms, proxy.ts: 6ms, application-code: 61ms)
 GET / 200 in 82ms (next.js: 3ms, proxy.ts: 9ms, application-code: 70ms)
 GET / 200 in 102ms (next.js: 15ms, proxy.ts: 6ms, application-code: 81ms)
 GET / 200 in 104ms (next.js: 4ms, proxy.ts: 10ms, application-code: 89ms)
 GET / 200 in 103ms (next.js: 19ms, proxy.ts: 4ms, application-code: 80ms)
 GET / 200 in 119ms (next.js: 7ms, proxy.ts: 7ms, application-code: 106ms)
 GET / 200 in 305ms (next.js: 7ms, proxy.ts: 16ms, application-code: 282ms)
TypeError: fetch failed
    at ignore-listed frames {
  [cause]: Error: connect ECONNREFUSED 127.0.0.1:8000
      at <unknown> (Error: connect ECONNREFUSED 127.0.0.1:8000) {
    errno: -111,
    code: 'ECONNREFUSED',
    syscall: 'connect',
    address: '127.0.0.1',
    port: 8000
  }
}
 GET /spaces 200 in 302ms (next.js: 38ms, proxy.ts: 109ms, application-code: 155ms)
[browser] Detected `scroll-behavior: smooth` on the `<html>` element. To disable smooth scrolling during route transitions, add `data-scroll-behavior="smooth"` to your <html> element. Learn more: https://nextjs.org/docs/messages/missing-data-scroll-behavior
⨯ TypeError: fetch failed
    at async (src/lib/serverApi.ts:27:15)
    at async SpaceLayout (src/app/spaces/[slug]/layout.tsx:13:17)
  25 |
  26 | export const getSpace = cache(async (slug: string) => {
> 27 |   const res = await fetchWithSession(`/api/spaces/${slug}`)
     |               ^
  28 |   if (!res.ok) return null
  29 |   return res.json()
  30 | }) {
  digest: '3702295794',
  [cause]: Error: connect ECONNREFUSED 127.0.0.1:8000
      at <unknown> (Error: connect ECONNREFUSED 127.0.0.1:8000) {
    errno: -111,
    code: 'ECONNREFUSED',
    syscall: 'connect',
    address: '127.0.0.1',
    port: 8000
  }
}
⨯ TypeError: fetch failed
    at async (src/lib/serverApi.ts:95:15)
    at async SpacePage (src/app/spaces/[slug]/page.tsx:37:7)
  93 |
  94 | export const getSpacePathwaysProgress = cache(async (slug: string) => {
> 95 |   const res = await fetchWithSession(`/api/spaces/${slug}/pathways-progress`)
     |               ^
  96 |   if (!res.ok) return []
  97 |   return res.json()
  98 | }) {
  digest: '1209121494',
  [cause]: Error: connect ECONNREFUSED 127.0.0.1:8000
      at <unknown> (Error: connect ECONNREFUSED 127.0.0.1:8000) {
    errno: -111,
    code: 'ECONNREFUSED',
    syscall: 'connect',
    address: '127.0.0.1',
    port: 8000
  }
}
 GET /spaces/fresh-collective 200 in 178ms (next.js: 109ms, proxy.ts: 8ms, application-code: 60ms)
[browser] Uncaught TypeError: Performance.measure: Given attribute end cannot be negative
[browser] Uncaught TypeError: fetch failed
    at <anonymous> (src/lib/serverApi.ts:27:15)
    at SpaceLayout (src/app/spaces/[slug]/layout.tsx:13:17)
  25 |
  26 | export const getSpace = cache(async (slug: string) => {
> 27 |   const res = await fetchWithSession(`/api/spaces/${slug}`)
     |               ^
  28 |   if (!res.ok) return null
  29 |   return res.json()
  30 | })
 GET / 200 in 151ms (next.js: 5ms, proxy.ts: 6ms, application-code: 139ms)
⨯ TypeError: fetch failed
    at ignore-listed frames {
  digest: '3453656071',
  [cause]: Error: connect ECONNREFUSED 127.0.0.1:8000
      at <unknown> (Error: connect ECONNREFUSED 127.0.0.1:8000) {
    errno: -111,
    code: 'ECONNREFUSED',
    syscall: 'connect',
    address: '127.0.0.1',
    port: 8000
  }
}
⨯ TypeError: fetch failed
    at async (src/lib/serverApi.ts:107:15)
    at async DashboardPage (src/app/dashboard/page.tsx:41:5)
  105 |
  106 | export const getContinue = cache(async () => {
> 107 |   const res = await fetchWithSession('/api/me/continue')
      |               ^
  108 |   if (!res.ok) return null
  109 |   return res.json()
  110 | }) {
  digest: '2633981691',
  [cause]: Error: connect ECONNREFUSED 127.0.0.1:8000
      at <unknown> (Error: connect ECONNREFUSED 127.0.0.1:8000) {
    errno: -111,
    code: 'ECONNREFUSED',
    syscall: 'connect',
    address: '127.0.0.1',
    port: 8000
  }
}
 GET /dashboard 200 in 65ms (next.js: 9ms, proxy.ts: 3ms, application-code: 54ms)
[browser] Uncaught TypeError: fetch failed
[browser] Uncaught TypeError: Performance.measure: Given attribute end cannot be negative
 GET / 200 in 101ms (next.js: 3ms, proxy.ts: 8ms, application-code: 90ms)
✓ Compiled in 162ms
 GET / 200 in 260ms (next.js: 10ms, proxy.ts: 18ms, application-code: 231ms)
✓ Compiled in 120ms
 GET / 200 in 129ms (next.js: 11ms, proxy.ts: 8ms, application-code: 109ms)
✓ Compiled in 89ms
 GET / 200 in 144ms (next.js: 7ms, proxy.ts: 17ms, application-code: 120ms)
 GET / 200 in 61ms (next.js: 7ms, proxy.ts: 5ms, application-code: 50ms)
 GET / 200 in 70ms (next.js: 3ms, proxy.ts: 23ms, application-code: 45ms)
 GET / 200 in 80ms (next.js: 6ms, proxy.ts: 4ms, application-code: 69ms)
 GET / 200 in 176ms (next.js: 5ms, proxy.ts: 4ms, application-code: 167ms)
 GET / 200 in 52ms (next.js: 4ms, proxy.ts: 4ms, application-code: 45ms)
TypeError: fetch failed
    at ignore-listed frames {
  [cause]: Error: connect ECONNREFUSED 127.0.0.1:8000
      at <unknown> (Error: connect ECONNREFUSED 127.0.0.1:8000) {
    errno: -111,
    code: 'ECONNREFUSED',
    syscall: 'connect',
    address: '127.0.0.1',
    port: 8000
  }
}
 GET /spaces 200 in 187ms (next.js: 35ms, proxy.ts: 23ms, application-code: 129ms)
[browser] Detected `scroll-behavior: smooth` on the `<html>` element. To disable smooth scrolling during route transitions, add `data-scroll-behavior="smooth"` to your <html> element. Learn more: https://nextjs.org/docs/messages/missing-data-scroll-behavior
⨯ TypeError: fetch failed
    at ignore-listed frames {
  digest: '3453656071',
  [cause]: Error: connect ECONNREFUSED 127.0.0.1:8000
      at <unknown> (Error: connect ECONNREFUSED 127.0.0.1:8000) {
    errno: -111,
    code: 'ECONNREFUSED',
    syscall: 'connect',
    address: '127.0.0.1',
    port: 8000
  }
}
⨯ TypeError: fetch failed
    at async (src/lib/serverApi.ts:107:15)
    at async DashboardPage (src/app/dashboard/page.tsx:41:5)
  105 |
  106 | export const getContinue = cache(async () => {
> 107 |   const res = await fetchWithSession('/api/me/continue')
      |               ^
  108 |   if (!res.ok) return null
  109 |   return res.json()
  110 | }) {
  digest: '2633981691',
  [cause]: Error: connect ECONNREFUSED 127.0.0.1:8000
      at <unknown> (Error: connect ECONNREFUSED 127.0.0.1:8000) {
    errno: -111,
    code: 'ECONNREFUSED',
    syscall: 'connect',
    address: '127.0.0.1',
    port: 8000
  }
}
 GET /dashboard 200 in 99ms (next.js: 13ms, proxy.ts: 3ms, application-code: 84ms)
[browser] Uncaught TypeError: fetch failed
[browser] Uncaught TypeError: Performance.measure: Given attribute end cannot be negative
 GET / 200 in 171ms (next.js: 6ms, proxy.ts: 3ms, application-code: 163ms)

Frontend process ended.
Press Enter to close frontend window...[?25h

====================================
Starting FC Frontend
Thu May 14 09:30:47 AM AEST 2026
====================================

Frontend folder:
/home/lindsey/fc-production/frontend

Using package script:
dev

Detected yarn.lock
Running: yarn dev
yarn run v1.22.22
$ next dev
▲ Next.js 16.2.4 (Turbopack)
- Local:         http://localhost:3000
- Network:       http://172.16.186.128:3000
- Environments: .env
✓ Ready in 379ms

 GET / 200 in 1897ms (next.js: 1201ms, proxy.ts: 154ms, application-code: 542ms)
 GET / 200 in 660ms (next.js: 5ms, proxy.ts: 19ms, application-code: 636ms)
 GET / 200 in 137ms (next.js: 11ms, proxy.ts: 17ms, application-code: 110ms)

Frontend process ended.
Press Enter to close frontend window...[?25h

====================================
Starting FC Frontend
Thu May 14 11:27:47 AM AEST 2026
====================================

Frontend folder:
/home/lindsey/fc-production/frontend

Using package script:
dev

Detected yarn.lock
Running: yarn dev
yarn run v1.22.22
$ next dev
▲ Next.js 16.2.4 (Turbopack)
- Local:         http://localhost:3000
- Network:       http://172.16.186.128:3000
- Environments: .env
✓ Ready in 262ms

 GET / 200 in 1346ms (next.js: 903ms, proxy.ts: 109ms, application-code: 334ms)
 GET / 200 in 99ms (next.js: 4ms, proxy.ts: 8ms, application-code: 87ms)
 GET / 200 in 119ms (next.js: 5ms, proxy.ts: 12ms, application-code: 102ms)
 GET / 200 in 74ms (next.js: 8ms, proxy.ts: 9ms, application-code: 57ms)
✓ Compiled in 295ms
 GET / 200 in 131ms (next.js: 10ms, proxy.ts: 20ms, application-code: 101ms)
 GET / 200 in 42ms (next.js: 8ms, proxy.ts: 3ms, application-code: 31ms)
 GET / 200 in 81ms (next.js: 9ms, proxy.ts: 4ms, application-code: 68ms)
 GET / 200 in 36ms (next.js: 3ms, proxy.ts: 5ms, application-code: 29ms)
 GET / 200 in 163ms (next.js: 7ms, proxy.ts: 18ms, application-code: 137ms)
 GET / 200 in 100ms (next.js: 9ms, proxy.ts: 8ms, application-code: 83ms)
error Command failed with signal "SIGTERM".
info Visit https://yarnpkg.com/en/docs/cli/run for documentation about this command.

Frontend process ended.
Press Enter to close frontend window...[?25h

====================================
Starting FC Frontend
Thu May 14 09:01:41 PM AEST 2026
====================================

Frontend folder:
/home/lindsey/fc-production/frontend

Using package script:
dev

Detected yarn.lock
Running: yarn dev
yarn run v1.22.22
$ next dev
▲ Next.js 16.2.4 (Turbopack)
- Local:         http://localhost:3000
- Network:       http://172.16.186.128:3000
- Environments: .env
✓ Ready in 427ms

 GET / 200 in 1997ms (next.js: 754ms, proxy.ts: 127ms, application-code: 1116ms)
 GET /dashboard 200 in 2.2s (next.js: 1751ms, proxy.ts: 123ms, application-code: 348ms)
 GET /creator-studio 200 in 999ms (next.js: 877ms, proxy.ts: 13ms, application-code: 109ms)
[browser] Detected `scroll-behavior: smooth` on the `<html>` element. To disable smooth scrolling during route transitions, add `data-scroll-behavior="smooth"` to your <html> element. Learn more: https://nextjs.org/docs/messages/missing-data-scroll-behavior
 GET /creator-studio/pathways 200 in 802ms (next.js: 674ms, proxy.ts: 14ms, application-code: 115ms)
 GET /creator-studio/gatherings 200 in 276ms (next.js: 235ms, proxy.ts: 13ms, application-code: 28ms)
 GET /creator-studio/resources 200 in 291ms (next.js: 257ms, proxy.ts: 5ms, application-code: 29ms)
 GET /creator-studio/community 200 in 393ms (next.js: 303ms, proxy.ts: 9ms, application-code: 80ms)
 GET /creator-studio/setup 200 in 364ms (next.js: 317ms, proxy.ts: 6ms, application-code: 42ms)
 GET /creator-studio/settings 200 in 259ms (next.js: 226ms, proxy.ts: 4ms, application-code: 28ms)
 GET /creator-studio 200 in 76ms (next.js: 10ms, proxy.ts: 9ms, application-code: 57ms)
 GET /creator-studio/pathways 200 in 97ms (next.js: 12ms, proxy.ts: 13ms, application-code: 72ms)
 GET /creator-studio/gatherings 200 in 47ms (next.js: 4ms, proxy.ts: 5ms, application-code: 38ms)
 GET /creator/spaces/fresh-collective/events/new 200 in 528ms (next.js: 457ms, proxy.ts: 5ms, application-code: 66ms)
 GET /creator-studio 200 in 41ms (next.js: 3ms, proxy.ts: 4ms, application-code: 34ms)
 GET /creator-studio/pathways 200 in 70ms (next.js: 4ms, proxy.ts: 10ms, application-code: 56ms)
 GET /creator-studio 200 in 56ms (next.js: 3ms, proxy.ts: 3ms, application-code: 50ms)
 GET /creator-studio 200 in 32ms (next.js: 12ms, proxy.ts: 11ms, application-code: 10ms)
 GET /creator-studio 200 in 70ms (next.js: 3ms, proxy.ts: 2ms, application-code: 65ms)
 GET /creator-studio/pathways 200 in 60ms (next.js: 8ms, proxy.ts: 6ms, application-code: 45ms)
 GET /creator-studio/gatherings 200 in 47ms (next.js: 5ms, proxy.ts: 5ms, application-code: 37ms)
 GET /creator-studio/resources 200 in 50ms (next.js: 9ms, proxy.ts: 4ms, application-code: 37ms)
 GET /creator-studio/community 200 in 66ms (next.js: 10ms, proxy.ts: 13ms, application-code: 43ms)
 GET /creator-studio/setup 200 in 89ms (next.js: 10ms, proxy.ts: 6ms, application-code: 73ms)
 GET /creator-studio/settings 200 in 73ms (next.js: 7ms, proxy.ts: 15ms, application-code: 51ms)
✓ Compiled in 722ms
 GET /creator-studio/settings 200 in 52ms (next.js: 7ms, proxy.ts: 6ms, application-code: 39ms)
 GET /creator-studio/settings 200 in 26ms (next.js: 1853µs, proxy.ts: 4ms, application-code: 19ms)
✓ Compiled in 154ms
 GET /creator-studio/settings 200 in 29ms (next.js: 2ms, proxy.ts: 1827µs, application-code: 25ms)
✓ Compiled in 36ms
 GET /creator-studio/settings 200 in 27ms (next.js: 2ms, proxy.ts: 2ms, application-code: 23ms)
✓ Compiled in 33ms
✓ Compiled in 92ms
 GET /creator-studio/settings 200 in 97ms (next.js: 17ms, proxy.ts: 18ms, application-code: 62ms)
 GET /creator-studio/settings 200 in 32ms (next.js: 5ms, proxy.ts: 5ms, application-code: 21ms)
✓ Compiled in 39ms
 GET /creator-studio/settings 200 in 52ms (next.js: 19ms, proxy.ts: 5ms, application-code: 29ms)
✓ Compiled in 106ms
 GET /creator-studio 200 in 107ms (next.js: 24ms, proxy.ts: 11ms, application-code: 72ms)
 GET /creator-studio/pathways 200 in 38ms (next.js: 6ms, proxy.ts: 1729µs, application-code: 30ms)
 GET /creator-studio/gatherings 200 in 45ms (next.js: 8ms, proxy.ts: 3ms, application-code: 34ms)
 GET /creator-studio/resources 200 in 42ms (next.js: 6ms, proxy.ts: 2ms, application-code: 34ms)
 GET /creator-studio/community 200 in 53ms (next.js: 11ms, proxy.ts: 6ms, application-code: 36ms)
 GET /creator-studio/setup 200 in 55ms (next.js: 5ms, proxy.ts: 1911µs, application-code: 48ms)
 GET /creator-studio/settings 200 in 40ms (next.js: 6ms, proxy.ts: 6ms, application-code: 28ms)
 GET /creator-studio/pathways 200 in 103ms (next.js: 12ms, proxy.ts: 12ms, application-code: 79ms)
 GET /creator/spaces/fresh-collective/pathways 200 in 451ms (next.js: 404ms, proxy.ts: 4ms, application-code: 44ms)
 GET /dashboard 200 in 47ms (next.js: 6ms, proxy.ts: 3ms, application-code: 38ms)
 GET /creator-studio 200 in 41ms (next.js: 2ms, proxy.ts: 2ms, application-code: 37ms)
 GET / 200 in 270ms (next.js: 9ms, proxy.ts: 27ms, application-code: 234ms)
 GET /for-creators 200 in 113ms (next.js: 42ms, proxy.ts: 2ms, application-code: 69ms)
[browser] Detected `scroll-behavior: smooth` on the `<html>` element. To disable smooth scrolling during route transitions, add `data-scroll-behavior="smooth"` to your <html> element. Learn more: https://nextjs.org/docs/messages/missing-data-scroll-behavior
 GET /dashboard 200 in 42ms (next.js: 5ms, proxy.ts: 1929µs, application-code: 36ms)
 GET /dashboard 200 in 431ms (next.js: 295ms, proxy.ts: 71ms, application-code: 64ms)
 GET /dashboard 200 in 58ms (next.js: 2ms, proxy.ts: 29ms, application-code: 27ms)
 GET /dashboard 200 in 27ms (next.js: 1462µs, proxy.ts: 1970µs, application-code: 24ms)
 GET /dashboard 200 in 127ms (next.js: 7ms, proxy.ts: 4ms, application-code: 116ms)
 GET /dashboard 200 in 127ms (next.js: 16ms, proxy.ts: 7ms, application-code: 104ms)
 GET /dashboard 200 in 94ms (next.js: 4ms, proxy.ts: 9ms, application-code: 81ms)
 GET /dashboard 200 in 105ms (next.js: 18ms, proxy.ts: 9ms, application-code: 78ms)
 GET /dashboard 200 in 102ms (next.js: 30ms, proxy.ts: 5ms, application-code: 67ms)
 GET /dashboard 200 in 101ms (next.js: 34ms, proxy.ts: 17ms, application-code: 50ms)
 GET /dashboard 200 in 97ms (next.js: 1744µs, proxy.ts: 2ms, application-code: 93ms)
 GET /dashboard 200 in 97ms (next.js: 17ms, proxy.ts: 2ms, application-code: 79ms)
 GET /dashboard 200 in 79ms (next.js: 5ms, proxy.ts: 4ms, application-code: 70ms)
 GET /dashboard 200 in 80ms (next.js: 15ms, proxy.ts: 5ms, application-code: 61ms)
 GET /dashboard 200 in 88ms (next.js: 28ms, proxy.ts: 5ms, application-code: 55ms)
 GET /dashboard 200 in 91ms (next.js: 30ms, proxy.ts: 14ms, application-code: 48ms)
 GET /dashboard 200 in 91ms (next.js: 2ms, proxy.ts: 2ms, application-code: 86ms)
 GET /dashboard 200 in 91ms (next.js: 13ms, proxy.ts: 2ms, application-code: 76ms)
 GET /dashboard 200 in 82ms (next.js: 4ms, proxy.ts: 7ms, application-code: 71ms)
 GET /dashboard 200 in 82ms (next.js: 14ms, proxy.ts: 6ms, application-code: 62ms)
 GET /dashboard 200 in 88ms (next.js: 24ms, proxy.ts: 3ms, application-code: 61ms)
 GET /dashboard 200 in 90ms (next.js: 32ms, proxy.ts: 13ms, application-code: 45ms)
 GET /dashboard 200 in 90ms (next.js: 1829µs, proxy.ts: 2ms, application-code: 86ms)
 GET /dashboard 200 in 90ms (next.js: 16ms, proxy.ts: 2ms, application-code: 72ms)
 GET /dashboard 200 in 83ms (next.js: 4ms, proxy.ts: 5ms, application-code: 75ms)
 GET /dashboard 200 in 82ms (next.js: 13ms, proxy.ts: 4ms, application-code: 65ms)
 GET /dashboard 200 in 91ms (next.js: 28ms, proxy.ts: 4ms, application-code: 60ms)
 GET /dashboard 200 in 92ms (next.js: 38ms, proxy.ts: 3ms, application-code: 52ms)
 GET /dashboard 200 in 94ms (next.js: 3ms, proxy.ts: 3ms, application-code: 89ms)
 GET /dashboard 200 in 96ms (next.js: 18ms, proxy.ts: 3ms, application-code: 75ms)
 GET /dashboard 200 in 82ms (next.js: 4ms, proxy.ts: 8ms, application-code: 71ms)
 GET /dashboard 200 in 80ms (next.js: 14ms, proxy.ts: 7ms, application-code: 60ms)
 GET /dashboard 200 in 78ms (next.js: 24ms, proxy.ts: 4ms, application-code: 50ms)
 GET /dashboard 200 in 89ms (next.js: 29ms, proxy.ts: 13ms, application-code: 46ms)
 GET /dashboard 200 in 85ms (next.js: 1821µs, proxy.ts: 2ms, application-code: 81ms)
 GET /dashboard 200 in 102ms (next.js: 8ms, proxy.ts: 12ms, application-code: 83ms)
 GET /dashboard 200 in 101ms (next.js: 4ms, proxy.ts: 15ms, application-code: 82ms)
 GET /dashboard 200 in 90ms (next.js: 12ms, proxy.ts: 5ms, application-code: 73ms)
 GET /dashboard 200 in 88ms (next.js: 27ms, proxy.ts: 3ms, application-code: 58ms)
 GET /dashboard 200 in 99ms (next.js: 22ms, proxy.ts: 27ms, application-code: 50ms)
 GET /dashboard 200 in 80ms (next.js: 2ms, proxy.ts: 5ms, application-code: 73ms)
 GET /dashboard 200 in 87ms (next.js: 3ms, proxy.ts: 15ms, application-code: 69ms)
 GET /dashboard 200 in 73ms (next.js: 7ms, proxy.ts: 14ms, application-code: 52ms)
 GET /dashboard 200 in 78ms (next.js: 14ms, proxy.ts: 8ms, application-code: 56ms)
 GET /dashboard 200 in 78ms (next.js: 20ms, proxy.ts: 8ms, application-code: 49ms)
 GET /dashboard 200 in 84ms (next.js: 25ms, proxy.ts: 13ms, application-code: 46ms)
 GET /dashboard 200 in 104ms (next.js: 4ms, proxy.ts: 1954µs, application-code: 99ms)
 GET /dashboard 200 in 103ms (next.js: 17ms, proxy.ts: 1885µs, application-code: 84ms)
 GET /dashboard 200 in 94ms (next.js: 10ms, proxy.ts: 16ms, application-code: 68ms)
 GET /dashboard 200 in 126ms (next.js: 20ms, proxy.ts: 7ms, application-code: 98ms)
 GET /dashboard 200 in 126ms (next.js: 27ms, proxy.ts: 8ms, application-code: 91ms)
 GET /dashboard 200 in 138ms (next.js: 28ms, proxy.ts: 18ms, application-code: 92ms)
 GET /dashboard 200 in 124ms (next.js: 8ms, proxy.ts: 4ms, application-code: 113ms)
 GET /dashboard 200 in 123ms (next.js: 52ms, proxy.ts: 4ms, application-code: 67ms)
 GET /dashboard 200 in 121ms (next.js: 19ms, proxy.ts: 51ms, application-code: 51ms)
 GET /dashboard 200 in 77ms (next.js: 15ms, proxy.ts: 17ms, application-code: 45ms)
 GET /dashboard 200 in 77ms (next.js: 21ms, proxy.ts: 18ms, application-code: 39ms)
 GET /dashboard 200 in 74ms (next.js: 1186µs, proxy.ts: 26ms, application-code: 46ms)
 GET /dashboard 200 in 106ms (next.js: 7ms, proxy.ts: 3ms, application-code: 96ms)
 GET /dashboard 200 in 106ms (next.js: 15ms, proxy.ts: 7ms, application-code: 83ms)
 GET /dashboard 200 in 106ms (next.js: 15ms, proxy.ts: 17ms, application-code: 74ms)
 GET /dashboard 200 in 90ms (next.js: 13ms, proxy.ts: 32ms, application-code: 45ms)
 GET /dashboard 200 in 91ms (next.js: 5ms, proxy.ts: 32ms, application-code: 54ms)
 GET /dashboard 200 in 87ms (next.js: 9ms, proxy.ts: 27ms, application-code: 51ms)
 GET /dashboard 200 in 93ms (next.js: 4ms, proxy.ts: 3ms, application-code: 86ms)
 GET /dashboard 200 in 92ms (next.js: 13ms, proxy.ts: 3ms, application-code: 76ms)
 GET /dashboard 200 in 89ms (next.js: 4ms, proxy.ts: 31ms, application-code: 54ms)
 GET /dashboard 200 in 61ms (next.js: 15ms, proxy.ts: 5ms, application-code: 42ms)
 GET /dashboard 200 in 64ms (next.js: 29ms, proxy.ts: 5ms, application-code: 29ms)
 GET /dashboard 200 in 63ms (next.js: 14ms, proxy.ts: 29ms, application-code: 21ms)
 GET /dashboard 200 in 89ms (next.js: 11ms, proxy.ts: 8ms, application-code: 70ms)
 GET /dashboard 200 in 89ms (next.js: 25ms, proxy.ts: 9ms, application-code: 56ms)
 GET /dashboard 200 in 90ms (next.js: 4ms, proxy.ts: 8ms, application-code: 78ms)
 GET /dashboard 200 in 85ms (next.js: 40ms, proxy.ts: 5ms, application-code: 40ms)
 GET /dashboard 200 in 84ms (next.js: 31ms, proxy.ts: 24ms, application-code: 28ms)
 GET /dashboard 200 in 83ms (next.js: 16ms, proxy.ts: 51ms, application-code: 16ms)
 GET /dashboard 200 in 81ms (next.js: 4ms, proxy.ts: 4ms, application-code: 74ms)
 GET /dashboard 200 in 81ms (next.js: 10ms, proxy.ts: 4ms, application-code: 67ms)
 GET /dashboard 200 in 81ms (next.js: 17ms, proxy.ts: 4ms, application-code: 60ms)
 GET /dashboard 200 in 82ms (next.js: 38ms, proxy.ts: 4ms, application-code: 40ms)
 GET /dashboard 200 in 81ms (next.js: 20ms, proxy.ts: 34ms, application-code: 27ms)
 GET /dashboard 200 in 86ms (next.js: 17ms, proxy.ts: 46ms, application-code: 22ms)
 GET /dashboard 200 in 98ms (next.js: 8ms, proxy.ts: 4ms, application-code: 87ms)
 GET /dashboard 200 in 98ms (next.js: 24ms, proxy.ts: 7ms, application-code: 66ms)
 GET /dashboard 200 in 99ms (next.js: 17ms, proxy.ts: 7ms, application-code: 75ms)
 GET /dashboard 200 in 96ms (next.js: 36ms, proxy.ts: 17ms, application-code: 43ms)
 GET /dashboard 200 in 94ms (next.js: 20ms, proxy.ts: 41ms, application-code: 33ms)
 GET /dashboard 200 in 84ms (next.js: 24ms, proxy.ts: 35ms, application-code: 25ms)
 GET /dashboard 200 in 105ms (next.js: 5ms, proxy.ts: 5ms, application-code: 96ms)
 GET /dashboard 200 in 103ms (next.js: 17ms, proxy.ts: 4ms, application-code: 82ms)
 GET /dashboard 200 in 103ms (next.js: 24ms, proxy.ts: 4ms, application-code: 75ms)
 GET /dashboard 200 in 102ms (next.js: 32ms, proxy.ts: 15ms, application-code: 56ms)
 GET /dashboard 200 in 101ms (next.js: 45ms, proxy.ts: 15ms, application-code: 41ms)
 GET /dashboard 200 in 90ms (next.js: 23ms, proxy.ts: 43ms, application-code: 23ms)
 GET /dashboard 200 in 96ms (next.js: 4ms, proxy.ts: 3ms, application-code: 89ms)
 GET /dashboard 200 in 99ms (next.js: 21ms, proxy.ts: 4ms, application-code: 74ms)
 GET /dashboard 200 in 99ms (next.js: 31ms, proxy.ts: 4ms, application-code: 64ms)
 GET /dashboard 200 in 98ms (next.js: 26ms, proxy.ts: 20ms, application-code: 51ms)
 GET /dashboard 200 in 97ms (next.js: 33ms, proxy.ts: 20ms, application-code: 45ms)
 GET /dashboard 200 in 81ms (next.js: 29ms, proxy.ts: 25ms, application-code: 27ms)
 GET /dashboard 200 in 92ms (next.js: 5ms, proxy.ts: 7ms, application-code: 81ms)
 GET /dashboard 200 in 88ms (next.js: 17ms, proxy.ts: 4ms, application-code: 66ms)
 GET /dashboard 200 in 88ms (next.js: 24ms, proxy.ts: 4ms, application-code: 60ms)
 GET /dashboard 200 in 86ms (next.js: 31ms, proxy.ts: 15ms, application-code: 41ms)
 GET /dashboard 200 in 87ms (next.js: 37ms, proxy.ts: 15ms, application-code: 34ms)
 GET /dashboard 200 in 73ms (next.js: 26ms, proxy.ts: 29ms, application-code: 17ms)
 GET /dashboard 200 in 45ms (next.js: 2ms, proxy.ts: 3ms, application-code: 39ms)
 GET /dashboard 200 in 43ms (next.js: 14ms, proxy.ts: 3ms, application-code: 27ms)
 GET /dashboard 200 in 43ms (next.js: 27ms, proxy.ts: 3ms, application-code: 13ms)
✓ Compiled in 181ms
✓ Compiled in 81ms
 GET /dashboard 200 in 78ms (next.js: 4ms, proxy.ts: 14ms, application-code: 60ms)
 GET /dashboard 200 in 31ms (next.js: 1240µs, proxy.ts: 4ms, application-code: 26ms)
✓ Compiled in 39ms
 GET /dashboard 200 in 24ms (next.js: 1111µs, proxy.ts: 1700µs, application-code: 21ms)
✓ Compiled in 35ms
 GET /dashboard 200 in 25ms (next.js: 1615µs, proxy.ts: 2ms, application-code: 21ms)
✓ Compiled in 40ms
 GET /dashboard 200 in 21ms (next.js: 1281µs, proxy.ts: 1718µs, application-code: 18ms)
✓ Compiled in 27ms
 GET /dashboard 200 in 19ms (next.js: 1165µs, proxy.ts: 2ms, application-code: 16ms)
✓ Compiled in 21ms
 GET /dashboard 200 in 27ms (next.js: 1674µs, proxy.ts: 4ms, application-code: 21ms)
✓ Compiled in 24ms
 GET /creator-studio/cretor 404 in 198ms (next.js: 98ms, proxy.ts: 40ms, application-code: 60ms)
 GET /creator-studio/creator 404 in 48ms (next.js: 9ms, proxy.ts: 8ms, application-code: 31ms)
 GET /creator-studio/create 200 in 1021ms (next.js: 820ms, proxy.ts: 8ms, application-code: 193ms)
✓ Compiled in 252ms
 GET /creator-studio/create 200 in 164ms (next.js: 12ms, proxy.ts: 24ms, application-code: 128ms)
✓ Compiled in 287ms
 GET /creator-studio 200 in 199ms (next.js: 58ms, proxy.ts: 9ms, application-code: 132ms)
[browser] Detected `scroll-behavior: smooth` on the `<html>` element. To disable smooth scrolling during route transitions, add `data-scroll-behavior="smooth"` to your <html> element. Learn more: https://nextjs.org/docs/messages/missing-data-scroll-behavior
 GET /creator/spaces/fresh-collective/pathways 200 in 127ms (next.js: 61ms, proxy.ts: 4ms, application-code: 62ms)
✓ Compiled in 237ms
 GET /creator-studio/pathways 200 in 135ms (next.js: 33ms, proxy.ts: 23ms, application-code: 78ms)
 GET /creator-studio/gatherings 200 in 69ms (next.js: 25ms, proxy.ts: 7ms, application-code: 37ms)
 GET /creator-studio/resources 200 in 87ms (next.js: 22ms, proxy.ts: 9ms, application-code: 57ms)
 GET /creator-studio/community 200 in 68ms (next.js: 22ms, proxy.ts: 10ms, application-code: 37ms)
 GET /creator-studio/setup 200 in 60ms (next.js: 18ms, proxy.ts: 2ms, application-code: 39ms)
 GET /creator-studio 200 in 44ms (next.js: 4ms, proxy.ts: 3ms, application-code: 38ms)
 GET /dashboard 200 in 55ms (next.js: 8ms, proxy.ts: 4ms, application-code: 43ms)
 GET /creator-studio 200 in 57ms (next.js: 5ms, proxy.ts: 6ms, application-code: 47ms)
 GET / 200 in 96ms (next.js: 29ms, proxy.ts: 4ms, application-code: 63ms)
 GET / 200 in 47ms (next.js: 2ms, proxy.ts: 1698µs, application-code: 43ms)
 GET /for-creators 200 in 67ms (next.js: 25ms, proxy.ts: 2ms, application-code: 39ms)
 GET /signup 200 in 1543ms (next.js: 1507ms, proxy.ts: 3ms, application-code: 33ms)
 GET /login 200 in 90ms (next.js: 36ms, proxy.ts: 4ms, application-code: 50ms)
 GET /login 200 in 59ms (next.js: 5ms, proxy.ts: 10ms, application-code: 44ms)
 GET /signup 200 in 34ms (next.js: 3ms, proxy.ts: 3ms, application-code: 27ms)
 GET /login 200 in 24ms (next.js: 1328µs, proxy.ts: 3ms, application-code: 19ms)
 GET /forgot-password 200 in 789ms (next.js: 757ms, proxy.ts: 5ms, application-code: 27ms)
 GET / 200 in 92ms (next.js: 4ms, proxy.ts: 20ms, application-code: 68ms)
 GET /login 200 in 59ms (next.js: 8ms, proxy.ts: 13ms, application-code: 38ms)
 GET /login?next=%2Fcreator-studio 200 in 161ms (next.js: 17ms, proxy.ts: 3ms, application-code: 141ms)
 GET /login?next=%2Fcreator%2Fspaces%2Ffresh-collective%2Fpathways 200 in 62ms (next.js: 3ms, proxy.ts: 4ms, application-code: 55ms)
 GET / 200 in 105ms (next.js: 7ms, proxy.ts: 11ms, application-code: 87ms)
[browser] Detected `scroll-behavior: smooth` on the `<html>` element. To disable smooth scrolling during route transitions, add `data-scroll-behavior="smooth"` to your <html> element. Learn more: https://nextjs.org/docs/messages/missing-data-scroll-behavior
 GET /for-creators 200 in 175ms (next.js: 20ms, proxy.ts: 10ms, application-code: 145ms)
 GET /signup 200 in 25ms (next.js: 1997µs, proxy.ts: 1868µs, application-code: 21ms)
 GET /login 200 in 21ms (next.js: 1525µs, proxy.ts: 1711µs, application-code: 18ms)
 GET / 200 in 56ms (next.js: 4ms, proxy.ts: 2ms, application-code: 50ms)
 GET /login 200 in 94ms (next.js: 9ms, proxy.ts: 9ms, application-code: 76ms)
 GET /dashboard 200 in 93ms (next.js: 5ms, proxy.ts: 8ms, application-code: 81ms)
 GET /dashboard 200 in 65ms (next.js: 3ms, proxy.ts: 4ms, application-code: 57ms)
 GET /settings 200 in 817ms (next.js: 792ms, proxy.ts: 3ms, application-code: 22ms)
 GET /settings/profile 200 in 531ms (next.js: 499ms, proxy.ts: 8ms, application-code: 24ms)
 GET /settings/profile 200 in 28ms (next.js: 3ms, proxy.ts: 3ms, application-code: 22ms)
 GET /settings/membership 200 in 1102ms (next.js: 987ms, proxy.ts: 14ms, application-code: 101ms)
 GET /settings/preferences 200 in 315ms (next.js: 290ms, proxy.ts: 9ms, application-code: 16ms)
 GET /settings/security 200 in 324ms (next.js: 268ms, proxy.ts: 3ms, application-code: 54ms)
 GET /dashboard 200 in 61ms (next.js: 4ms, proxy.ts: 8ms, application-code: 48ms)
 GET /spaces/fresh-collective 200 in 559ms (next.js: 390ms, proxy.ts: 9ms, application-code: 161ms)
 GET /dashboard 200 in 183ms (next.js: 19ms, proxy.ts: 13ms, application-code: 151ms)
 GET /creator-studio 200 in 70ms (next.js: 8ms, proxy.ts: 7ms, application-code: 55ms)
 GET /creator-studio 200 in 269ms (next.js: 180ms, proxy.ts: 13ms, application-code: 76ms)
 GET /creator-studio 200 in 23ms (next.js: 1101µs, proxy.ts: 3ms, application-code: 19ms)
 GET /creator-studio 200 in 109ms (next.js: 1749µs, proxy.ts: 3ms, application-code: 104ms)
 GET /creator-studio 200 in 109ms (next.js: 11ms, proxy.ts: 3ms, application-code: 95ms)
 GET /creator-studio 200 in 104ms (next.js: 17ms, proxy.ts: 4ms, application-code: 82ms)
 GET /creator-studio 200 in 105ms (next.js: 4ms, proxy.ts: 4ms, application-code: 97ms)
 GET /creator-studio 200 in 104ms (next.js: 32ms, proxy.ts: 4ms, application-code: 68ms)
 GET /creator-studio 200 in 105ms (next.js: 49ms, proxy.ts: 4ms, application-code: 52ms)
 GET /creator-studio 200 in 136ms (next.js: 3ms, proxy.ts: 3ms, application-code: 130ms)
 GET /creator-studio 200 in 136ms (next.js: 11ms, proxy.ts: 3ms, application-code: 122ms)
 GET /creator-studio 200 in 172ms (next.js: 12ms, proxy.ts: 6ms, application-code: 155ms)
 GET /creator-studio 200 in 172ms (next.js: 4ms, proxy.ts: 6ms, application-code: 163ms)
 GET /creator-studio 200 in 171ms (next.js: 25ms, proxy.ts: 5ms, application-code: 141ms)
 GET /creator-studio 200 in 173ms (next.js: 65ms, proxy.ts: 4ms, application-code: 105ms)
 GET /creator-studio 200 in 76ms (next.js: 3ms, proxy.ts: 11ms, application-code: 62ms)
 GET /creator-studio 200 in 27ms (next.js: 1782µs, proxy.ts: 8ms, application-code: 18ms)
 GET /creator-studio 200 in 14ms (next.js: 920µs, proxy.ts: 1332µs, application-code: 12ms)
 GET /creator-studio 200 in 114ms (next.js: 9ms, proxy.ts: 2ms, application-code: 103ms)
 GET /creator-studio 200 in 115ms (next.js: 1917µs, proxy.ts: 1851µs, application-code: 111ms)
 GET /creator-studio 200 in 110ms (next.js: 26ms, proxy.ts: 4ms, application-code: 80ms)
 GET /creator-studio 200 in 110ms (next.js: 34ms, proxy.ts: 4ms, application-code: 72ms)
 GET /creator-studio 200 in 111ms (next.js: 11ms, proxy.ts: 4ms, application-code: 96ms)
 GET /creator-studio 200 in 126ms (next.js: 4ms, proxy.ts: 4ms, application-code: 119ms)
 GET /creator-studio 200 in 100ms (next.js: 5ms, proxy.ts: 5ms, application-code: 90ms)
 GET /creator-studio 200 in 100ms (next.js: 22ms, proxy.ts: 5ms, application-code: 73ms)
 GET /creator-studio 200 in 63ms (next.js: 8ms, proxy.ts: 4ms, application-code: 51ms)
 GET /creator-studio 200 in 63ms (next.js: 16ms, proxy.ts: 4ms, application-code: 43ms)
 GET /creator-studio 200 in 63ms (next.js: 22ms, proxy.ts: 4ms, application-code: 37ms)
 GET /creator-studio 200 in 65ms (next.js: 8ms, proxy.ts: 32ms, application-code: 26ms)
 GET /creator-studio 200 in 15ms (next.js: 1847µs, proxy.ts: 1644µs, application-code: 11ms)
 GET /creator-studio 200 in 114ms (next.js: 13ms, proxy.ts: 5ms, application-code: 95ms)
 GET /creator-studio 200 in 133ms (next.js: 52ms, proxy.ts: 45ms, application-code: 37ms)
 GET /creator-studio 200 in 22ms (next.js: 1456µs, proxy.ts: 1808µs, application-code: 19ms)
 GET /creator-studio 200 in 83ms (next.js: 1928µs, proxy.ts: 2ms, application-code: 79ms)
 GET /creator-studio 200 in 98ms (next.js: 13ms, proxy.ts: 3ms, application-code: 83ms)
 GET /creator-studio 200 in 101ms (next.js: 5ms, proxy.ts: 8ms, application-code: 88ms)
 GET /creator-studio 200 in 103ms (next.js: 18ms, proxy.ts: 7ms, application-code: 78ms)
 GET /creator-studio 200 in 101ms (next.js: 32ms, proxy.ts: 6ms, application-code: 63ms)
 GET /creator-studio 200 in 99ms (next.js: 28ms, proxy.ts: 18ms, application-code: 53ms)
 GET /creator-studio 200 in 68ms (next.js: 3ms, proxy.ts: 3ms, application-code: 62ms)
 GET /creator-studio 200 in 91ms (next.js: 13ms, proxy.ts: 3ms, application-code: 75ms)
 GET /creator-studio 200 in 97ms (next.js: 4ms, proxy.ts: 4ms, application-code: 89ms)
 GET /creator-studio 200 in 97ms (next.js: 12ms, proxy.ts: 3ms, application-code: 81ms)
 GET /creator-studio 200 in 95ms (next.js: 28ms, proxy.ts: 4ms, application-code: 63ms)
 GET /creator-studio 200 in 94ms (next.js: 36ms, proxy.ts: 3ms, application-code: 55ms)
 GET /creator-studio 200 in 38ms (next.js: 2ms, proxy.ts: 3ms, application-code: 33ms)
 GET /creator-studio 200 in 37ms (next.js: 15ms, proxy.ts: 3ms, application-code: 19ms)
 GET /creator-studio 200 in 115ms (next.js: 83ms, proxy.ts: 4ms, application-code: 27ms)
 GET /creator-studio 200 in 51ms (next.js: 9ms, proxy.ts: 29ms, application-code: 13ms)
 GET /creator-studio 200 in 104ms (next.js: 9ms, proxy.ts: 3ms, application-code: 92ms)
 GET /creator-studio 200 in 104ms (next.js: 18ms, proxy.ts: 3ms, application-code: 83ms)
 GET /creator-studio 200 in 74ms (next.js: 4ms, proxy.ts: 4ms, application-code: 66ms)
 GET /creator-studio 200 in 74ms (next.js: 11ms, proxy.ts: 4ms, application-code: 58ms)
 GET /creator-studio 200 in 96ms (next.js: 21ms, proxy.ts: 4ms, application-code: 71ms)
 GET /creator-studio 200 in 102ms (next.js: 39ms, proxy.ts: 5ms, application-code: 58ms)
 GET /creator-studio 200 in 100ms (next.js: 4ms, proxy.ts: 3ms, application-code: 94ms)
 GET /creator-studio 200 in 101ms (next.js: 12ms, proxy.ts: 4ms, application-code: 85ms)
 GET /creator-studio 200 in 70ms (next.js: 3ms, proxy.ts: 10ms, application-code: 57ms)
 GET /creator-studio 200 in 69ms (next.js: 11ms, proxy.ts: 9ms, application-code: 49ms)
 GET /creator-studio 200 in 68ms (next.js: 23ms, proxy.ts: 8ms, application-code: 36ms)
 GET /creator-studio 200 in 65ms (next.js: 20ms, proxy.ts: 23ms, application-code: 21ms)
 GET /creator-studio 200 in 59ms (next.js: 10ms, proxy.ts: 4ms, application-code: 45ms)
 GET /creator-studio 200 in 60ms (next.js: 3ms, proxy.ts: 4ms, application-code: 53ms)
 GET /creator-studio 200 in 64ms (next.js: 16ms, proxy.ts: 4ms, application-code: 44ms)
 GET /creator-studio 200 in 64ms (next.js: 37ms, proxy.ts: 5ms, application-code: 23ms)
✓ Compiled in 347ms
 GET /creator-studio 200 in 417ms (next.js: 62ms, proxy.ts: 7ms, application-code: 347ms)
 GET /creator-studio 200 in 36ms (next.js: 3ms, proxy.ts: 3ms, application-code: 30ms)
✓ Compiled in 52ms
 GET /creator-studio 200 in 37ms (next.js: 3ms, proxy.ts: 9ms, application-code: 24ms)
✓ Compiled in 66ms
✓ Compiled in 38ms
 GET /creator-studio 200 in 40ms (next.js: 3ms, proxy.ts: 3ms, application-code: 34ms)
 GET /creator-studio 200 in 35ms (next.js: 1370µs, proxy.ts: 4ms, application-code: 30ms)
✓ Compiled in 43ms
 GET /creator-studio 200 in 34ms (next.js: 1660µs, proxy.ts: 3ms, application-code: 29ms)
✓ Compiled in 38ms
 GET /creator-studio 200 in 21ms (next.js: 1469µs, proxy.ts: 3ms, application-code: 17ms)
✓ Compiled in 46ms
 GET /creator-studio 200 in 23ms (next.js: 1186µs, proxy.ts: 3ms, application-code: 19ms)
✓ Compiled in 45ms
✓ Compiled in 44ms
 GET /creator-studio 200 in 36ms (next.js: 7ms, proxy.ts: 3ms, application-code: 27ms)
 GET /creator-studio 200 in 25ms (next.js: 2ms, proxy.ts: 3ms, application-code: 20ms)
✓ Compiled in 34ms
 GET /creator-studio 200 in 42ms (next.js: 5ms, proxy.ts: 10ms, application-code: 27ms)
✓ Compiled in 54ms
 GET /creator-studio 200 in 21ms (next.js: 1278µs, proxy.ts: 3ms, application-code: 17ms)
✓ Compiled in 31ms
✓ Compiled in 130ms
 GET /creator-studio 200 in 199ms (next.js: 77ms, proxy.ts: 57ms, application-code: 66ms)
 GET /creator-studio 200 in 96ms (next.js: 40ms, proxy.ts: 6ms, application-code: 49ms)
 GET /creator-studio 200 in 79ms (next.js: 11ms, proxy.ts: 12ms, application-code: 55ms)
✓ Compiled in 81ms
 GET /creator-studio 200 in 45ms (next.js: 2ms, proxy.ts: 4ms, application-code: 39ms)
✓ Compiled in 291ms
 GET /creator-studio 200 in 44ms (next.js: 9ms, proxy.ts: 8ms, application-code: 28ms)
✓ Compiled in 66ms
 GET /creator-studio 200 in 31ms (next.js: 7ms, proxy.ts: 3ms, application-code: 21ms)
✓ Compiled in 38ms
 GET /creator-studio 200 in 30ms (next.js: 1830µs, proxy.ts: 10ms, application-code: 18ms)
✓ Compiled in 44ms
 GET /creator-studio 200 in 224ms (next.js: 11ms, proxy.ts: 13ms, application-code: 200ms)
 GET /creator-studio/create 200 in 58ms (next.js: 25ms, proxy.ts: 7ms, application-code: 27ms)
[browser] Detected `scroll-behavior: smooth` on the `<html>` element. To disable smooth scrolling during route transitions, add `data-scroll-behavior="smooth"` to your <html> element. Learn more: https://nextjs.org/docs/messages/missing-data-scroll-behavior
 GET /creator-studio 200 in 171ms (next.js: 8ms, proxy.ts: 11ms, application-code: 152ms)
 GET /creator-studio/create 200 in 31ms (next.js: 5ms, proxy.ts: 3ms, application-code: 24ms)
[browser] Detected `scroll-behavior: smooth` on the `<html>` element. To disable smooth scrolling during route transitions, add `data-scroll-behavior="smooth"` to your <html> element. Learn more: https://nextjs.org/docs/messages/missing-data-scroll-behavior
 GET / 200 in 825ms (next.js: 48ms, proxy.ts: 11ms, application-code: 766ms)
 GET / 200 in 84ms (next.js: 4ms, proxy.ts: 6ms, application-code: 74ms)
 GET /creator-studio/create 200 in 231ms (next.js: 9ms, proxy.ts: 41ms, application-code: 181ms)
✓ Compiled in 118ms
✓ Compiled in 57ms
✓ Compiled in 62ms
✓ Compiled in 44ms
✓ Compiled in 34ms
✓ Compiled in 49ms
✓ Compiled in 42ms
✓ Compiled in 38ms
✓ Compiled in 197ms
✓ Compiled in 48ms
✓ Compiled in 43ms
✓ Compiled in 40ms
✓ Compiled in 39ms
✓ Compiled in 37ms
✓ Compiled in 39ms
✓ Compiled in 39ms
✓ Compiled in 30ms
✓ Compiled in 31ms
✓ Compiled in 31ms
✓ Compiled in 34ms
 GET /creator-studio/create 200 in 198ms (next.js: 44ms, proxy.ts: 29ms, application-code: 125ms)
 GET /creator-studio/create 200 in 153ms (next.js: 14ms, proxy.ts: 30ms, application-code: 109ms)
 GET /creator-studio 200 in 170ms (next.js: 47ms, proxy.ts: 11ms, application-code: 112ms)
[browser] Detected `scroll-behavior: smooth` on the `<html>` element. To disable smooth scrolling during route transitions, add `data-scroll-behavior="smooth"` to your <html> element. Learn more: https://nextjs.org/docs/messages/missing-data-scroll-behavior
 GET /creator-studio/pathways 200 in 82ms (next.js: 23ms, proxy.ts: 5ms, application-code: 54ms)
 GET /creator-studio/gatherings 200 in 65ms (next.js: 21ms, proxy.ts: 3ms, application-code: 41ms)
 GET /creator-studio/resources 200 in 57ms (next.js: 20ms, proxy.ts: 3ms, application-code: 35ms)
 GET /creator/spaces/fresh-collective/pathways/real-journey 200 in 512ms (next.js: 440ms, proxy.ts: 3ms, application-code: 70ms)
 GET /creator-studio/setup 200 in 106ms (next.js: 18ms, proxy.ts: 3ms, application-code: 85ms)
 GET /creator-studio 200 in 105ms (next.js: 8ms, proxy.ts: 9ms, application-code: 87ms)
 GET /creator-studio/create 200 in 37ms (next.js: 4ms, proxy.ts: 3ms, application-code: 30ms)
✓ Compiled in 214ms
✓ Compiled in 228ms
 GET /creator-studio 200 in 170ms (next.js: 41ms, proxy.ts: 25ms, application-code: 105ms)
 GET /creator-studio/pathways 200 in 45ms (next.js: 9ms, proxy.ts: 3ms, application-code: 34ms)
 GET /creator-studio/gatherings 200 in 43ms (next.js: 5ms, proxy.ts: 5ms, application-code: 33ms)
 GET /creator-studio/resources 200 in 53ms (next.js: 14ms, proxy.ts: 3ms, application-code: 35ms)
 GET /creator-studio/community 200 in 87ms (next.js: 36ms, proxy.ts: 4ms, application-code: 46ms)
 GET /creator-studio/setup 200 in 44ms (next.js: 4ms, proxy.ts: 2ms, application-code: 37ms)
 GET /creator-studio/settings 200 in 67ms (next.js: 22ms, proxy.ts: 3ms, application-code: 43ms)
 GET /creator-studio 200 in 41ms (next.js: 1772µs, proxy.ts: 3ms, application-code: 37ms)
 GET /creator-studio/create 200 in 26ms (next.js: 4ms, proxy.ts: 5ms, application-code: 17ms)
✓ Compiled in 107ms
 GET /creator-studio/create 200 in 89ms (next.js: 35ms, proxy.ts: 9ms, application-code: 45ms)
 GET /creator-studio/create 200 in 33ms (next.js: 1443µs, proxy.ts: 4ms, application-code: 27ms)
✓ Compiled in 34ms
 GET /creator-studio/create 200 in 28ms (next.js: 4ms, proxy.ts: 3ms, application-code: 22ms)
✓ Compiled in 45ms
 GET /creator-studio/create 200 in 25ms (next.js: 1383µs, proxy.ts: 4ms, application-code: 20ms)
✓ Compiled in 34ms
✓ Compiled in 49ms
 GET /creator-studio/create 200 in 44ms (next.js: 5ms, proxy.ts: 5ms, application-code: 34ms)
 GET /creator-studio/create 200 in 36ms (next.js: 2ms, proxy.ts: 8ms, application-code: 26ms)
✓ Compiled in 55ms
✓ Compiled in 228ms
 GET /creator-studio/create 200 in 83ms (next.js: 24ms, proxy.ts: 6ms, application-code: 53ms)
 GET / 200 in 241ms (next.js: 43ms, proxy.ts: 21ms, application-code: 177ms)
 GET / 200 in 9ms (next.js: 2ms, proxy.ts: 2ms, application-code: 4ms)
 GET / 200 in 413ms (next.js: 2ms, proxy.ts: 7ms, application-code: 404ms)
 GET / 200 in 416ms (next.js: 73ms, proxy.ts: 3ms, application-code: 340ms)
 GET /signup 200 in 56ms (next.js: 28ms, proxy.ts: 3ms, application-code: 25ms)
[browser] Detected `scroll-behavior: smooth` on the `<html>` element. To disable smooth scrolling during route transitions, add `data-scroll-behavior="smooth"` to your <html> element. Learn more: https://nextjs.org/docs/messages/missing-data-scroll-behavior
 GET /login 200 in 66ms (next.js: 42ms, proxy.ts: 3ms, application-code: 22ms)
 GET /dashboard 200 in 89ms (next.js: 25ms, proxy.ts: 3ms, application-code: 61ms)
 GET /dashboard 200 in 51ms (next.js: 2ms, proxy.ts: 10ms, application-code: 38ms)
 GET /creator-studio 200 in 160ms (next.js: 32ms, proxy.ts: 34ms, application-code: 94ms)
 GET /creator-studio/create 200 in 50ms (next.js: 9ms, proxy.ts: 9ms, application-code: 32ms)
 GET /creator-studio/create 200 in 125ms (next.js: 10ms, proxy.ts: 37ms, application-code: 78ms)
 GET /creator-studio/create 200 in 80ms (next.js: 13ms, proxy.ts: 11ms, application-code: 56ms)
 GET /creator-studio/create 200 in 58ms (next.js: 9ms, proxy.ts: 5ms, application-code: 45ms)
 GET /creator-studio 200 in 58ms (next.js: 13ms, proxy.ts: 3ms, application-code: 42ms)
 GET /creator-studio 200 in 61ms (next.js: 2ms, proxy.ts: 8ms, application-code: 50ms)
 GET /creator-studio 200 in 53ms (next.js: 2ms, proxy.ts: 8ms, application-code: 43ms)
 GET /creator/spaces/winters-playground 200 in 594ms (next.js: 406ms, proxy.ts: 14ms, application-code: 173ms)
 GET /creator/spaces/winters-playground/community 200 in 425ms (next.js: 355ms, proxy.ts: 15ms, application-code: 55ms)
 GET /creator/spaces/winters-playground/events 200 in 291ms (next.js: 261ms, proxy.ts: 7ms, application-code: 24ms)
 GET /creator/spaces/winters-playground/pathways 200 in 100ms (next.js: 66ms, proxy.ts: 3ms, application-code: 31ms)
 GET /dashboard 200 in 132ms (next.js: 18ms, proxy.ts: 22ms, application-code: 92ms)
 GET /spaces/fresh-collective 200 in 147ms (next.js: 72ms, proxy.ts: 8ms, application-code: 67ms)
 GET /spaces/fresh-collective 200 in 228ms (next.js: 37ms, proxy.ts: 3ms, application-code: 188ms)
 GET /dashboard 200 in 47ms (next.js: 3ms, proxy.ts: 4ms, application-code: 40ms)
[browser] Detected `scroll-behavior: smooth` on the `<html>` element. To disable smooth scrolling during route transitions, add `data-scroll-behavior="smooth"` to your <html> element. Learn more: https://nextjs.org/docs/messages/missing-data-scroll-behavior
 GET /creator-studio 200 in 60ms (next.js: 6ms, proxy.ts: 6ms, application-code: 47ms)
 GET /creator/spaces/fresh-collective/pathways 200 in 100ms (next.js: 47ms, proxy.ts: 6ms, application-code: 47ms)
 GET /creator/spaces/fresh-collective/events 200 in 90ms (next.js: 46ms, proxy.ts: 2ms, application-code: 42ms)
 GET /creator/spaces/fresh-collective/community 200 in 99ms (next.js: 41ms, proxy.ts: 6ms, application-code: 52ms)
 GET /creator/spaces/fresh-collective 200 in 113ms (next.js: 54ms, proxy.ts: 5ms, application-code: 54ms)
 GET /creator/spaces/fresh-collective/pathways 200 in 98ms (next.js: 44ms, proxy.ts: 8ms, application-code: 46ms)
 GET /creator 200 in 158ms (next.js: 65ms, proxy.ts: 13ms, application-code: 80ms)
 GET /creator 200 in 62ms (next.js: 4ms, proxy.ts: 6ms, application-code: 52ms)
 GET /dashboard 200 in 52ms (next.js: 3ms, proxy.ts: 3ms, application-code: 46ms)
 GET /creator-studio 200 in 55ms (next.js: 4ms, proxy.ts: 4ms, application-code: 48ms)
✓ Compiled in 220ms
 GET /creator-studio 200 in 68ms (next.js: 13ms, proxy.ts: 9ms, application-code: 45ms)
 GET /creator-studio 200 in 148ms (next.js: 18ms, proxy.ts: 3ms, application-code: 126ms)
 GET /creator-studio 200 in 252ms (next.js: 85ms, proxy.ts: 57ms, application-code: 110ms)
 GET /creator-studio 200 in 252ms (next.js: 131ms, proxy.ts: 57ms, application-code: 64ms)
 GET /creator-studio 200 in 27ms (next.js: 3ms, proxy.ts: 2ms, application-code: 23ms)
✓ Compiled in 46ms
✓ Compiled in 208ms
✓ Compiled in 245ms
 GET /creator-studio 200 in 202ms (next.js: 64ms, proxy.ts: 92ms, application-code: 46ms)
 GET /creator-studio 200 in 44ms (next.js: 4ms, proxy.ts: 2ms, application-code: 38ms)
 GET /creator-studio 200 in 45ms (next.js: 3ms, proxy.ts: 6ms, application-code: 36ms)
 GET /creator-studio 200 in 65ms (next.js: 6ms, proxy.ts: 7ms, application-code: 52ms)
 GET /creator-studio/settings 200 in 279ms (next.js: 29ms, proxy.ts: 66ms, application-code: 184ms)
 GET /creator-studio/settings 200 in 114ms (next.js: 14ms, proxy.ts: 9ms, application-code: 92ms)
 GET /creator-studio/settings 200 in 125ms (next.js: 7ms, proxy.ts: 14ms, application-code: 104ms)
 GET /creator-studio 200 in 71ms (next.js: 6ms, proxy.ts: 11ms, application-code: 54ms)
 GET /creator-studio/pathways 200 in 175ms (next.js: 62ms, proxy.ts: 20ms, application-code: 93ms)
 GET /creator-studio/gatherings 200 in 52ms (next.js: 18ms, proxy.ts: 3ms, application-code: 31ms)
 GET /creator-studio/resources 200 in 101ms (next.js: 28ms, proxy.ts: 6ms, application-code: 67ms)
 GET /creator-studio/community 200 in 62ms (next.js: 17ms, proxy.ts: 3ms, application-code: 42ms)
 GET /creator-studio/setup 200 in 52ms (next.js: 15ms, proxy.ts: 2ms, application-code: 35ms)
 GET /creator-studio/settings 200 in 34ms (next.js: 3ms, proxy.ts: 3ms, application-code: 28ms)
 GET /creator-studio/settings 200 in 46ms (next.js: 3ms, proxy.ts: 3ms, application-code: 40ms)
 GET /creator-studio/settings 200 in 47ms (next.js: 3ms, proxy.ts: 7ms, application-code: 37ms)
 GET /creator-studio 200 in 100ms (next.js: 6ms, proxy.ts: 8ms, application-code: 86ms)
 GET /creator-studio/settings 200 in 155ms (next.js: 46ms, proxy.ts: 13ms, application-code: 96ms)
 GET /creator-studio/settings 200 in 143ms (next.js: 28ms, proxy.ts: 43ms, application-code: 72ms)
 GET /creator-studio/pathways 200 in 46ms (next.js: 3ms, proxy.ts: 2ms, application-code: 41ms)
 GET /creator-studio 200 in 51ms (next.js: 5ms, proxy.ts: 3ms, application-code: 43ms)
 GET /creator-studio/settings 200 in 80ms (next.js: 29ms, proxy.ts: 10ms, application-code: 41ms)
 GET /creator-studio/settings 200 in 88ms (next.js: 10ms, proxy.ts: 15ms, application-code: 63ms)
 GET /creator-studio/pathways 200 in 40ms (next.js: 1828µs, proxy.ts: 3ms, application-code: 35ms)
 GET /creator-studio 200 in 166ms (next.js: 19ms, proxy.ts: 23ms, application-code: 124ms)
 GET /creator-studio 200 in 69ms (next.js: 6ms, proxy.ts: 3ms, application-code: 59ms)
 GET /creator-studio 200 in 79ms (next.js: 3ms, proxy.ts: 4ms, application-code: 72ms)
 GET /creator-studio 200 in 88ms (next.js: 2ms, proxy.ts: 3ms, application-code: 83ms)
✓ Compiled in 260ms
 GET /creator-studio 200 in 297ms (next.js: 144ms, proxy.ts: 95ms, application-code: 58ms)
 GET /creator-studio 200 in 33ms (next.js: 3ms, proxy.ts: 5ms, application-code: 25ms)
 GET /creator-studio 200 in 45ms (next.js: 1667µs, proxy.ts: 2ms, application-code: 41ms)
 GET /creator-studio 200 in 29ms (next.js: 2ms, proxy.ts: 3ms, application-code: 24ms)
 GET /creator-studio 200 in 51ms (next.js: 1386µs, proxy.ts: 3ms, application-code: 46ms)
 GET /creator-studio 200 in 28ms (next.js: 1589µs, proxy.ts: 3ms, application-code: 23ms)
 GET /creator-studio 200 in 58ms (next.js: 1964µs, proxy.ts: 4ms, application-code: 52ms)
 GET /creator-studio 200 in 36ms (next.js: 1587µs, proxy.ts: 6ms, application-code: 28ms)
 GET /creator-studio 200 in 28ms (next.js: 2ms, proxy.ts: 4ms, application-code: 22ms)
 GET /creator-studio 200 in 29ms (next.js: 1359µs, proxy.ts: 2ms, application-code: 25ms)
 GET /creator-studio 200 in 41ms (next.js: 8ms, proxy.ts: 6ms, application-code: 27ms)
 GET /creator-studio 200 in 38ms (next.js: 3ms, proxy.ts: 12ms, application-code: 23ms)
 GET /creator-studio 200 in 29ms (next.js: 2ms, proxy.ts: 1728µs, application-code: 25ms)
 GET /creator-studio 200 in 155ms (next.js: 4ms, proxy.ts: 9ms, application-code: 142ms)
 GET /creator-studio 200 in 154ms (next.js: 19ms, proxy.ts: 9ms, application-code: 126ms)
 GET /creator-studio 200 in 153ms (next.js: 16ms, proxy.ts: 4ms, application-code: 134ms)
 GET /creator-studio 200 in 160ms (next.js: 26ms, proxy.ts: 14ms, application-code: 120ms)
 GET /creator-studio 200 in 160ms (next.js: 23ms, proxy.ts: 31ms, application-code: 105ms)
 GET /creator-studio 200 in 151ms (next.js: 42ms, proxy.ts: 25ms, application-code: 83ms)
 GET /creator-studio 200 in 464ms (next.js: 4ms, proxy.ts: 3ms, application-code: 457ms)
 GET /creator-studio 200 in 464ms (next.js: 27ms, proxy.ts: 3ms, application-code: 434ms)
 GET /creator-studio 200 in 421ms (next.js: 5ms, proxy.ts: 4ms, application-code: 411ms)
 GET /creator-studio 200 in 476ms (next.js: 57ms, proxy.ts: 4ms, application-code: 415ms)
 GET /creator-studio 200 in 478ms (next.js: 100ms, proxy.ts: 26ms, application-code: 351ms)
 GET /creator-studio 200 in 479ms (next.js: 156ms, proxy.ts: 37ms, application-code: 286ms)
 GET /creator-studio 200 in 208ms (next.js: 24ms, proxy.ts: 6ms, application-code: 178ms)
 GET /creator-studio 200 in 210ms (next.js: 9ms, proxy.ts: 5ms, application-code: 196ms)
 GET /creator-studio 200 in 154ms (next.js: 8ms, proxy.ts: 16ms, application-code: 131ms)
 GET /creator-studio 200 in 187ms (next.js: 40ms, proxy.ts: 6ms, application-code: 140ms)
 GET /creator-studio 200 in 185ms (next.js: 30ms, proxy.ts: 33ms, application-code: 122ms)
 GET /creator-studio 200 in 185ms (next.js: 49ms, proxy.ts: 37ms, application-code: 98ms)
 GET /creator-studio 200 in 168ms (next.js: 3ms, proxy.ts: 3ms, application-code: 162ms)
 GET /creator-studio 200 in 168ms (next.js: 14ms, proxy.ts: 3ms, application-code: 152ms)
 GET /creator-studio 200 in 137ms (next.js: 7ms, proxy.ts: 8ms, application-code: 122ms)
 GET /creator-studio 200 in 165ms (next.js: 25ms, proxy.ts: 6ms, application-code: 134ms)
 GET /creator-studio 200 in 170ms (next.js: 31ms, proxy.ts: 23ms, application-code: 116ms)
 GET /creator-studio 200 in 174ms (next.js: 50ms, proxy.ts: 25ms, application-code: 99ms)
 GET /creator-studio 200 in 164ms (next.js: 6ms, proxy.ts: 6ms, application-code: 152ms)
 GET /creator-studio 200 in 164ms (next.js: 19ms, proxy.ts: 7ms, application-code: 138ms)
 GET /creator-studio 200 in 159ms (next.js: 13ms, proxy.ts: 48ms, application-code: 99ms)
 GET /creator-studio 200 in 146ms (next.js: 25ms, proxy.ts: 13ms, application-code: 109ms)
 GET /creator-studio 200 in 159ms (next.js: 22ms, proxy.ts: 23ms, application-code: 114ms)
 GET /creator-studio 200 in 170ms (next.js: 47ms, proxy.ts: 25ms, application-code: 97ms)
 GET /creator-studio 200 in 172ms (next.js: 6ms, proxy.ts: 3ms, application-code: 163ms)
 GET /creator-studio 200 in 173ms (next.js: 36ms, proxy.ts: 4ms, application-code: 133ms)
 GET /creator-studio 200 in 172ms (next.js: 7ms, proxy.ts: 61ms, application-code: 104ms)
 GET /creator-studio 200 in 115ms (next.js: 34ms, proxy.ts: 6ms, application-code: 75ms)
 GET /creator-studio 200 in 160ms (next.js: 23ms, proxy.ts: 33ms, application-code: 104ms)
 GET /creator-studio 200 in 138ms (next.js: 28ms, proxy.ts: 25ms, application-code: 85ms)
 GET /creator-studio 200 in 188ms (next.js: 6ms, proxy.ts: 4ms, application-code: 179ms)
 GET /creator-studio 200 in 188ms (next.js: 22ms, proxy.ts: 4ms, application-code: 162ms)
 GET /creator-studio 200 in 172ms (next.js: 10ms, proxy.ts: 35ms, application-code: 127ms)
 GET /creator-studio 200 in 147ms (next.js: 26ms, proxy.ts: 12ms, application-code: 108ms)
 GET /creator-studio 200 in 185ms (next.js: 11ms, proxy.ts: 55ms, application-code: 119ms)
 GET /creator-studio 200 in 166ms (next.js: 24ms, proxy.ts: 39ms, application-code: 103ms)
 GET /creator-studio 200 in 158ms (next.js: 4ms, proxy.ts: 5ms, application-code: 149ms)
 GET /creator-studio 200 in 157ms (next.js: 15ms, proxy.ts: 5ms, application-code: 138ms)
 GET /creator-studio 200 in 132ms (next.js: 6ms, proxy.ts: 21ms, application-code: 105ms)
 GET /creator-studio 200 in 128ms (next.js: 21ms, proxy.ts: 18ms, application-code: 88ms)
 GET /creator-studio 200 in 144ms (next.js: 16ms, proxy.ts: 40ms, application-code: 88ms)
 GET /creator-studio 200 in 143ms (next.js: 25ms, proxy.ts: 45ms, application-code: 74ms)
 GET /creator-studio 200 in 141ms (next.js: 5ms, proxy.ts: 10ms, application-code: 126ms)
 GET /creator-studio 200 in 141ms (next.js: 17ms, proxy.ts: 11ms, application-code: 113ms)
 GET /creator-studio 200 in 109ms (next.js: 10ms, proxy.ts: 9ms, application-code: 89ms)
 GET /creator-studio 200 in 109ms (next.js: 20ms, proxy.ts: 9ms, application-code: 80ms)
 GET /creator-studio 200 in 143ms (next.js: 8ms, proxy.ts: 31ms, application-code: 104ms)
 GET /creator-studio 200 in 143ms (next.js: 25ms, proxy.ts: 35ms, application-code: 83ms)
 GET /creator-studio 200 in 165ms (next.js: 4ms, proxy.ts: 4ms, application-code: 156ms)
 GET /creator-studio 200 in 169ms (next.js: 25ms, proxy.ts: 4ms, application-code: 140ms)
 GET /creator-studio 200 in 126ms (next.js: 3ms, proxy.ts: 8ms, application-code: 114ms)
 GET /creator-studio 200 in 145ms (next.js: 23ms, proxy.ts: 8ms, application-code: 114ms)
 GET /creator-studio 200 in 172ms (next.js: 23ms, proxy.ts: 51ms, application-code: 98ms)
 GET /creator-studio 200 in 154ms (next.js: 4ms, proxy.ts: 36ms, application-code: 114ms)
 GET /creator-studio 200 in 165ms (next.js: 3ms, proxy.ts: 3ms, application-code: 160ms)
 GET /creator-studio 200 in 165ms (next.js: 10ms, proxy.ts: 18ms, application-code: 136ms)
 GET /creator-studio 200 in 146ms (next.js: 10ms, proxy.ts: 28ms, application-code: 108ms)
 GET /creator-studio 200 in 140ms (next.js: 28ms, proxy.ts: 9ms, application-code: 104ms)
 GET /creator-studio 200 in 142ms (next.js: 4ms, proxy.ts: 33ms, application-code: 105ms)
 GET /creator-studio 200 in 142ms (next.js: 13ms, proxy.ts: 33ms, application-code: 96ms)
 GET /creator-studio 200 in 147ms (next.js: 4ms, proxy.ts: 3ms, application-code: 140ms)
 GET /creator-studio 200 in 146ms (next.js: 24ms, proxy.ts: 3ms, application-code: 119ms)
 GET /creator-studio 200 in 133ms (next.js: 15ms, proxy.ts: 25ms, application-code: 93ms)
 GET /creator-studio 200 in 125ms (next.js: 20ms, proxy.ts: 13ms, application-code: 92ms)
 GET /creator-studio 200 in 121ms (next.js: 13ms, proxy.ts: 23ms, application-code: 85ms)
 GET /creator-studio 200 in 122ms (next.js: 23ms, proxy.ts: 23ms, application-code: 75ms)
 GET /creator-studio 200 in 134ms (next.js: 4ms, proxy.ts: 6ms, application-code: 124ms)
 GET /creator-studio 200 in 130ms (next.js: 18ms, proxy.ts: 3ms, application-code: 109ms)
 GET /creator-studio 200 in 117ms (next.js: 13ms, proxy.ts: 20ms, application-code: 85ms)
 GET /creator-studio 200 in 135ms (next.js: 22ms, proxy.ts: 12ms, application-code: 102ms)
 GET /creator-studio 200 in 136ms (next.js: 12ms, proxy.ts: 17ms, application-code: 107ms)
 GET /creator-studio 200 in 136ms (next.js: 23ms, proxy.ts: 17ms, application-code: 96ms)
 GET /creator-studio 200 in 171ms (next.js: 19ms, proxy.ts: 3ms, application-code: 149ms)
 GET /creator-studio 200 in 170ms (next.js: 32ms, proxy.ts: 13ms, application-code: 124ms)
 GET /creator-studio 200 in 156ms (next.js: 7ms, proxy.ts: 45ms, application-code: 103ms)
 GET /creator-studio 200 in 115ms (next.js: 33ms, proxy.ts: 6ms, application-code: 75ms)
 GET /creator-studio 200 in 115ms (next.js: 5ms, proxy.ts: 21ms, application-code: 88ms)
 GET /creator-studio 200 in 121ms (next.js: 17ms, proxy.ts: 21ms, application-code: 83ms)
 GET /creator-studio 200 in 165ms (next.js: 4ms, proxy.ts: 5ms, application-code: 156ms)
 GET /creator-studio 200 in 165ms (next.js: 14ms, proxy.ts: 5ms, application-code: 146ms)
 GET /creator-studio 200 in 163ms (next.js: 6ms, proxy.ts: 54ms, application-code: 103ms)
 GET /creator-studio 200 in 126ms (next.js: 23ms, proxy.ts: 19ms, application-code: 84ms)
 GET /creator-studio 200 in 127ms (next.js: 34ms, proxy.ts: 18ms, application-code: 75ms)
 GET /creator-studio 200 in 129ms (next.js: 45ms, proxy.ts: 20ms, application-code: 63ms)
 GET /creator-studio 200 in 139ms (next.js: 5ms, proxy.ts: 3ms, application-code: 131ms)
 GET /creator-studio 200 in 138ms (next.js: 23ms, proxy.ts: 5ms, application-code: 110ms)
 GET /creator-studio 200 in 118ms (next.js: 18ms, proxy.ts: 27ms, application-code: 72ms)
 GET /creator-studio 200 in 119ms (next.js: 9ms, proxy.ts: 27ms, application-code: 83ms)
 GET /creator-studio 200 in 98ms (next.js: 34ms, proxy.ts: 12ms, application-code: 51ms)
 GET /creator-studio 200 in 128ms (next.js: 31ms, proxy.ts: 35ms, application-code: 62ms)
 GET /creator-studio 200 in 46ms (next.js: 2ms, proxy.ts: 1713µs, application-code: 42ms)
 GET /creator-studio 200 in 59ms (next.js: 6ms, proxy.ts: 4ms, application-code: 49ms)
 GET /creator/spaces/winters-playground 200 in 155ms (next.js: 78ms, proxy.ts: 7ms, application-code: 71ms)
 GET /creator/spaces/winters-playground/pathways 200 in 100ms (next.js: 59ms, proxy.ts: 3ms, application-code: 38ms)
✓ Compiled in 37ms
 GET /creator/spaces/winters-playground/pathways 200 in 62ms (next.js: 33ms, proxy.ts: 2ms, application-code: 26ms)
 GET /creator/spaces/winters-playground 200 in 104ms (next.js: 63ms, proxy.ts: 5ms, application-code: 36ms)
 GET /creator-studio 200 in 64ms (next.js: 5ms, proxy.ts: 4ms, application-code: 55ms)
 GET /creator-studio 200 in 34ms (next.js: 3ms, proxy.ts: 3ms, application-code: 28ms)
✓ Compiled in 97ms
 GET /creator-studio 200 in 45ms (next.js: 11ms, proxy.ts: 15ms, application-code: 19ms)
 GET /creator-studio 200 in 84ms (next.js: 3ms, proxy.ts: 4ms, application-code: 78ms)
 GET /creator-studio/collective 200 in 1496ms (next.js: 1332ms, proxy.ts: 6ms, application-code: 157ms)
 GET /api/uploads/covers/0e61c310c1a74f82b57afaa1346ad853_8_Things_Your_Human_Design_Can_Help_With.jpg 404 in 149ms (next.js: 34ms, application-code: 115ms)
 GET /creator-studio 200 in 117ms (next.js: 9ms, proxy.ts: 10ms, application-code: 97ms)
 GET /creator-studio/collective 200 in 63ms (next.js: 3ms, proxy.ts: 6ms, application-code: 54ms)
 GET /creator-studio/collective 200 in 82ms (next.js: 12ms, proxy.ts: 6ms, application-code: 64ms)
 GET /api/uploads/covers/0e61c310c1a74f82b57afaa1346ad853_8_Things_Your_Human_Design_Can_Help_With.jpg 404 in 32ms (next.js: 4ms, application-code: 28ms)
 GET /creator-studio/collective 200 in 89ms (next.js: 5ms, proxy.ts: 7ms, application-code: 77ms)
 GET /creator-studio/pathways 200 in 67ms (next.js: 26ms, proxy.ts: 7ms, application-code: 34ms)
 GET /creator-studio/gatherings 200 in 52ms (next.js: 15ms, proxy.ts: 2ms, application-code: 34ms)
 GET /creator-studio/resources 200 in 58ms (next.js: 18ms, proxy.ts: 4ms, application-code: 35ms)
 GET /creator-studio/community 200 in 73ms (next.js: 12ms, proxy.ts: 6ms, application-code: 55ms)
 GET /creator-studio/setup 200 in 54ms (next.js: 15ms, proxy.ts: 3ms, application-code: 37ms)
 GET /creator-studio/settings 200 in 42ms (next.js: 16ms, proxy.ts: 2ms, application-code: 24ms)
 GET /creator-studio/collective 200 in 52ms (next.js: 3ms, proxy.ts: 4ms, application-code: 46ms)
 GET /api/uploads/covers/0e61c310c1a74f82b57afaa1346ad853_8_Things_Your_Human_Design_Can_Help_With.jpg 404 in 25ms (next.js: 1786µs, application-code: 23ms)
 GET /creator-studio/pathways 200 in 44ms (next.js: 1948µs, proxy.ts: 3ms, application-code: 39ms)
 GET /creator-studio/gatherings 200 in 48ms (next.js: 5ms, proxy.ts: 4ms, application-code: 39ms)
 GET /creator-studio/resources 200 in 37ms (next.js: 3ms, proxy.ts: 3ms, application-code: 31ms)
 GET /creator-studio/community 200 in 54ms (next.js: 3ms, proxy.ts: 4ms, application-code: 47ms)
 GET /creator-studio/setup 200 in 41ms (next.js: 5ms, proxy.ts: 3ms, application-code: 34ms)
 GET /creator-studio/settings 200 in 51ms (next.js: 4ms, proxy.ts: 5ms, application-code: 42ms)
 GET /creator-studio/setup 200 in 41ms (next.js: 2ms, proxy.ts: 3ms, application-code: 35ms)
 GET /creator-studio/community 200 in 36ms (next.js: 1811µs, proxy.ts: 2ms, application-code: 32ms)
 GET /creator-studio/resources 200 in 31ms (next.js: 1647µs, proxy.ts: 2ms, application-code: 27ms)
 GET /creator-studio 200 in 55ms (next.js: 3ms, proxy.ts: 5ms, application-code: 47ms)
 GET /creator-studio/settings 200 in 201ms (next.js: 10ms, proxy.ts: 24ms, application-code: 167ms)
 GET /creator-studio/settings 200 in 191ms (next.js: 47ms, proxy.ts: 17ms, application-code: 127ms)
 GET /creator-studio/setup 200 in 74ms (next.js: 5ms, proxy.ts: 6ms, application-code: 62ms)
 GET /creator-studio/community 200 in 42ms (next.js: 3ms, proxy.ts: 3ms, application-code: 36ms)
 GET /creator-studio/resources 200 in 51ms (next.js: 4ms, proxy.ts: 4ms, application-code: 42ms)
 GET /creator-studio/pathways 200 in 46ms (next.js: 4ms, proxy.ts: 8ms, application-code: 34ms)
 GET /creator-studio/gatherings 200 in 76ms (next.js: 6ms, proxy.ts: 10ms, application-code: 59ms)
 GET /creator-studio/pathways 200 in 83ms (next.js: 10ms, proxy.ts: 4ms, application-code: 70ms)
 GET /creator-studio/collective 200 in 45ms (next.js: 3ms, proxy.ts: 3ms, application-code: 40ms)
 GET /api/uploads/covers/0e61c310c1a74f82b57afaa1346ad853_8_Things_Your_Human_Design_Can_Help_With.jpg 404 in 30ms (next.js: 2ms, application-code: 28ms)
 GET /creator-studio 200 in 60ms (next.js: 4ms, proxy.ts: 3ms, application-code: 53ms)
✓ Compiled in 152ms
 GET /creator-studio 200 in 170ms (next.js: 11ms, proxy.ts: 26ms, application-code: 133ms)
 GET /creator-studio/settings 200 in 225ms (next.js: 14ms, proxy.ts: 24ms, application-code: 187ms)
 GET /creator-studio/settings 200 in 92ms (next.js: 10ms, proxy.ts: 7ms, application-code: 76ms)
 GET /creator-studio 200 in 52ms (next.js: 3ms, proxy.ts: 4ms, application-code: 44ms)
 GET /creator-studio/collective 200 in 184ms (next.js: 49ms, proxy.ts: 23ms, application-code: 112ms)
 GET /creator-studio/collective 200 in 66ms (next.js: 5ms, proxy.ts: 3ms, application-code: 58ms)
 GET /api/uploads/covers/0e61c310c1a74f82b57afaa1346ad853_8_Things_Your_Human_Design_Can_Help_With.jpg 404 in 53ms (next.js: 6ms, application-code: 46ms)
 GET /creator-studio/collective 200 in 24ms (next.js: 1025µs, proxy.ts: 1569µs, application-code: 22ms)
✓ Compiled in 55ms
✓ Compiled in 83ms
 GET /creator-studio/pathways 200 in 41ms (next.js: 9ms, proxy.ts: 3ms, application-code: 30ms)
 GET /creator-studio/gatherings 200 in 39ms (next.js: 12ms, proxy.ts: 3ms, application-code: 24ms)
 GET /creator-studio/resources 200 in 74ms (next.js: 8ms, proxy.ts: 10ms, application-code: 56ms)
 GET /creator-studio/community 200 in 198ms (next.js: 7ms, proxy.ts: 11ms, application-code: 180ms)
 GET /creator-studio/collective 200 in 173ms (next.js: 34ms, proxy.ts: 30ms, application-code: 109ms)
 GET /creator-studio/collective 200 in 97ms (next.js: 11ms, proxy.ts: 9ms, application-code: 76ms)
 GET /creator-studio/resources 200 in 85ms (next.js: 7ms, proxy.ts: 8ms, application-code: 70ms)
 GET /creator-studio 200 in 174ms (next.js: 13ms, proxy.ts: 5ms, application-code: 156ms)
 GET /creator-studio/resources 200 in 57ms (next.js: 12ms, proxy.ts: 7ms, application-code: 39ms)
 GET /creator-studio 200 in 156ms (next.js: 6ms, proxy.ts: 7ms, application-code: 142ms)
 GET /creator-studio/collective 200 in 71ms (next.js: 11ms, proxy.ts: 9ms, application-code: 51ms)
 GET /api/uploads/covers/0e61c310c1a74f82b57afaa1346ad853_8_Things_Your_Human_Design_Can_Help_With.jpg 404 in 43ms (next.js: 3ms, application-code: 40ms)
 GET /creator-studio 200 in 47ms (next.js: 3ms, proxy.ts: 4ms, application-code: 41ms)

====================================
Starting FC Frontend
Fri May 15 01:03:53 PM AEST 2026
====================================

Frontend folder:
/home/lindsey/fc-production/frontend

Using package script:
dev

Detected yarn.lock
Running: yarn dev
yarn run v1.22.22
$ next dev
▲ Next.js 16.2.4 (Turbopack)
- Local:         http://localhost:3000
- Network:       http://172.16.186.128:3000
- Environments: .env
✓ Ready in 271ms

 GET / 200 in 1362ms (next.js: 429ms, proxy.ts: 91ms, application-code: 842ms)
 GET /creator-studio/resources 200 in 408ms (next.js: 56ms, proxy.ts: 19ms, application-code: 333ms)
[browser] Uncaught Error: Hydration failed because the server rendered text didn't match the client. As a result this tree will be regenerated on the client. This can happen if a SSR-ed Client Component used:

- A server/client branch `if (typeof window !== 'undefined')`.
- Variable input such as `Date.now()` or `Math.random()` which changes each time it's called.
- Date formatting in a user's locale which doesn't match the server.
- External changing data without sending a snapshot of it along with the HTML.
- Invalid HTML tag nesting.

It can also happen if the client has a browser extension installed which messes with the HTML before React loaded.

https://react.dev/link/hydration-mismatch

  ...
    <SegmentViewNode type="layout" pagePath="creator-st...">
      <SegmentTrieNode>
      <script>
      <script>
      <CreatorStudioLayout>
        <CreatorStudioShell user={{id:"cmoe3k...", ...}} spaces={[...]} activeSpace={{id:"e5fae0...", ...}}>
          <div className="flex min-h..." style={{...}}>
            <aside className="hidden w-[..." style={{position:"...", ...}}>
              <SidebarInner user={{id:"cmoe3k...", ...}} spaces={[...]} activeSpace={{id:"e5fae0...", ...}} ...>
                <div className="relative f..." style={{...}}>
                  <div>
                  <div className="relative z..." style={{...}}>
                    <LinkComponent>
                    <CollectiveSwitcher spaces={[...]} activeSpace={{id:"e5fae0...", ...}}>
                      <div className="mt-4">
                        <div className="rounded-xl..." style={{...}}>
                          <p>
                          <div className="space-y-0.5">
                            <button type="button" onClick={function onClick} className="flex w-ful...">
                              <span>
                              <span
                                className="shrink-0 rounded-full px-2 py-0.5 text-[9px] font-bold uppercase tracking-wide"
                                style={{background:"rgba(66,19...",color:"#8DE8E6"}}
                              >
+                               active
-                               Active
                            ...
                        ...
                  ...
            ...

 GET /creator-studio/resources 200 in 122ms (next.js: 6ms, proxy.ts: 19ms, application-code: 97ms)
 GET /creator-studio 200 in 80ms (next.js: 27ms, proxy.ts: 8ms, application-code: 46ms)
[browser] Detected `scroll-behavior: smooth` on the `<html>` element. To disable smooth scrolling during route transitions, add `data-scroll-behavior="smooth"` to your <html> element. Learn more: https://nextjs.org/docs/messages/missing-data-scroll-behavior
 GET /creator-studio 200 in 94ms (next.js: 7ms, proxy.ts: 42ms, application-code: 45ms)
✓ Compiled in 94ms
 GET /creator-studio/collective 200 in 125ms (next.js: 27ms, proxy.ts: 10ms, application-code: 88ms)
 GET /api/uploads/covers/0e61c310c1a74f82b57afaa1346ad853_8_Things_Your_Human_Design_Can_Help_With.jpg 404 in 94ms (next.js: 33ms, application-code: 61ms)
 GET /creator-studio/pathways 200 in 61ms (next.js: 20ms, proxy.ts: 5ms, application-code: 36ms)
 GET /creator-studio/collective 200 in 66ms (next.js: 3ms, proxy.ts: 11ms, application-code: 51ms)
 GET /creator-studio/pathways 200 in 56ms (next.js: 2ms, proxy.ts: 7ms, application-code: 47ms)
✓ Compiled in 212ms
✓ Compiled in 125ms
 GET /creator-studio 200 in 112ms (next.js: 16ms, proxy.ts: 12ms, application-code: 83ms)
 GET /creator-studio 200 in 316ms (next.js: 107ms, proxy.ts: 88ms, application-code: 121ms)
 GET /creator-studio 200 in 59ms (next.js: 3ms, proxy.ts: 3ms, application-code: 53ms)
✓ Compiled in 0ms
 GET /creator-studio 200 in 89ms (next.js: 3ms, proxy.ts: 28ms, application-code: 58ms)
 GET /creator-studio 200 in 166ms (next.js: 7ms, proxy.ts: 9ms, application-code: 151ms)
 GET /creator-studio 200 in 163ms (next.js: 30ms, proxy.ts: 7ms, application-code: 127ms)
 GET /creator-studio 200 in 163ms (next.js: 41ms, proxy.ts: 7ms, application-code: 115ms)
 GET /creator-studio 200 in 160ms (next.js: 69ms, proxy.ts: 5ms, application-code: 86ms)
 GET /creator-studio 200 in 160ms (next.js: 79ms, proxy.ts: 6ms, application-code: 75ms)
 GET /creator-studio 200 in 113ms (next.js: 5ms, proxy.ts: 51ms, application-code: 57ms)
 GET /creator-studio 200 in 138ms (next.js: 8ms, proxy.ts: 4ms, application-code: 126ms)
 GET /creator-studio 200 in 138ms (next.js: 27ms, proxy.ts: 6ms, application-code: 105ms)
 GET /creator-studio 200 in 134ms (next.js: 26ms, proxy.ts: 25ms, application-code: 83ms)
 GET /creator-studio 200 in 134ms (next.js: 34ms, proxy.ts: 25ms, application-code: 75ms)
 GET /creator-studio 200 in 134ms (next.js: 45ms, proxy.ts: 25ms, application-code: 64ms)
 GET /creator-studio 200 in 121ms (next.js: 15ms, proxy.ts: 48ms, application-code: 58ms)
 GET /creator-studio 200 in 129ms (next.js: 7ms, proxy.ts: 4ms, application-code: 118ms)
 GET /creator-studio 200 in 129ms (next.js: 31ms, proxy.ts: 8ms, application-code: 91ms)
 GET /creator-studio 200 in 126ms (next.js: 19ms, proxy.ts: 30ms, application-code: 77ms)
 GET /creator-studio 200 in 126ms (next.js: 27ms, proxy.ts: 30ms, application-code: 69ms)
 GET /creator-studio 200 in 126ms (next.js: 35ms, proxy.ts: 30ms, application-code: 61ms)
 GET /creator-studio 200 in 111ms (next.js: 8ms, proxy.ts: 55ms, application-code: 48ms)
 GET /creator-studio 200 in 119ms (next.js: 4ms, proxy.ts: 4ms, application-code: 111ms)
 GET /creator-studio 200 in 120ms (next.js: 20ms, proxy.ts: 5ms, application-code: 95ms)
 GET /creator-studio 200 in 117ms (next.js: 46ms, proxy.ts: 18ms, application-code: 52ms)
 GET /creator-studio 200 in 119ms (next.js: 35ms, proxy.ts: 18ms, application-code: 65ms)
 GET /creator-studio 200 in 119ms (next.js: 27ms, proxy.ts: 18ms, application-code: 74ms)
 GET /creator-studio 200 in 136ms (next.js: 12ms, proxy.ts: 66ms, application-code: 58ms)
 GET /creator-studio 200 in 159ms (next.js: 10ms, proxy.ts: 2ms, application-code: 146ms)
 GET /creator-studio 200 in 159ms (next.js: 17ms, proxy.ts: 36ms, application-code: 106ms)
 GET /creator-studio 200 in 158ms (next.js: 24ms, proxy.ts: 37ms, application-code: 97ms)
 GET /creator-studio 200 in 156ms (next.js: 33ms, proxy.ts: 40ms, application-code: 83ms)
 GET /creator-studio 200 in 158ms (next.js: 42ms, proxy.ts: 40ms, application-code: 75ms)
 GET /creator-studio 200 in 135ms (next.js: 10ms, proxy.ts: 69ms, application-code: 56ms)
 GET /creator-studio 200 in 146ms (next.js: 5ms, proxy.ts: 4ms, application-code: 137ms)
 GET /creator-studio 200 in 143ms (next.js: 10ms, proxy.ts: 18ms, application-code: 114ms)
 GET /creator-studio 200 in 143ms (next.js: 21ms, proxy.ts: 18ms, application-code: 104ms)
 GET /creator-studio 200 in 141ms (next.js: 47ms, proxy.ts: 22ms, application-code: 72ms)
 GET /creator-studio 200 in 125ms (next.js: 62ms, proxy.ts: 9ms, application-code: 54ms)
 GET /creator-studio 200 in 79ms (next.js: 10ms, proxy.ts: 47ms, application-code: 21ms)
 GET /creator-studio 200 in 194ms (next.js: 83ms, proxy.ts: 5ms, application-code: 106ms)
 GET /creator-studio 200 in 194ms (next.js: 102ms, proxy.ts: 5ms, application-code: 86ms)
 GET /creator-studio 200 in 195ms (next.js: 94ms, proxy.ts: 5ms, application-code: 96ms)
 GET /creator-studio 200 in 196ms (next.js: 113ms, proxy.ts: 5ms, application-code: 77ms)
 GET /creator-studio 200 in 196ms (next.js: 120ms, proxy.ts: 26ms, application-code: 51ms)
 GET /creator-studio 200 in 197ms (next.js: 130ms, proxy.ts: 26ms, application-code: 41ms)
 GET /creator-studio 200 in 111ms (next.js: 6ms, proxy.ts: 6ms, application-code: 99ms)
 GET /creator-studio 200 in 109ms (next.js: 16ms, proxy.ts: 6ms, application-code: 88ms)
 GET /creator-studio 200 in 109ms (next.js: 23ms, proxy.ts: 5ms, application-code: 81ms)
 GET /creator-studio 200 in 108ms (next.js: 43ms, proxy.ts: 5ms, application-code: 60ms)
 GET /creator-studio 200 in 107ms (next.js: 61ms, proxy.ts: 6ms, application-code: 41ms)
 GET /creator-studio 200 in 106ms (next.js: 67ms, proxy.ts: 16ms, application-code: 23ms)
 GET /creator-studio 200 in 132ms (next.js: 12ms, proxy.ts: 5ms, application-code: 116ms)
 GET /creator-studio 200 in 132ms (next.js: 27ms, proxy.ts: 6ms, application-code: 100ms)
 GET /creator-studio 200 in 133ms (next.js: 19ms, proxy.ts: 5ms, application-code: 109ms)
 GET /creator-studio 200 in 134ms (next.js: 49ms, proxy.ts: 6ms, application-code: 79ms)
 GET /creator-studio 200 in 134ms (next.js: 68ms, proxy.ts: 12ms, application-code: 54ms)
 GET /creator-studio 200 in 139ms (next.js: 53ms, proxy.ts: 12ms, application-code: 74ms)
 GET /creator-studio 200 in 106ms (next.js: 6ms, proxy.ts: 5ms, application-code: 95ms)
 GET /creator-studio 200 in 106ms (next.js: 28ms, proxy.ts: 6ms, application-code: 72ms)
 GET /creator-studio 200 in 106ms (next.js: 22ms, proxy.ts: 6ms, application-code: 79ms)
 GET /creator-studio 200 in 105ms (next.js: 48ms, proxy.ts: 6ms, application-code: 51ms)
 GET /creator-studio 200 in 104ms (next.js: 61ms, proxy.ts: 6ms, application-code: 36ms)
 GET /creator-studio 200 in 104ms (next.js: 22ms, proxy.ts: 61ms, application-code: 22ms)
 GET /creator-studio 200 in 127ms (next.js: 9ms, proxy.ts: 7ms, application-code: 111ms)
 GET /creator-studio 200 in 127ms (next.js: 17ms, proxy.ts: 7ms, application-code: 103ms)
 GET /creator-studio 200 in 126ms (next.js: 34ms, proxy.ts: 7ms, application-code: 85ms)
 GET /creator-studio 200 in 127ms (next.js: 25ms, proxy.ts: 7ms, application-code: 95ms)
 GET /creator-studio 200 in 126ms (next.js: 44ms, proxy.ts: 7ms, application-code: 76ms)
 GET /creator-studio 200 in 124ms (next.js: 82ms, proxy.ts: 7ms, application-code: 35ms)
 GET /creator-studio 200 in 114ms (next.js: 5ms, proxy.ts: 8ms, application-code: 101ms)
 GET /creator-studio 200 in 113ms (next.js: 24ms, proxy.ts: 8ms, application-code: 82ms)
 GET /creator-studio 200 in 114ms (next.js: 15ms, proxy.ts: 8ms, application-code: 91ms)
 GET /creator-studio 200 in 113ms (next.js: 47ms, proxy.ts: 8ms, application-code: 58ms)
 GET /creator-studio 200 in 114ms (next.js: 38ms, proxy.ts: 8ms, application-code: 67ms)
 GET /creator-studio 200 in 108ms (next.js: 84ms, proxy.ts: 2ms, application-code: 22ms)
 GET /creator-studio 200 in 125ms (next.js: 38ms, proxy.ts: 7ms, application-code: 80ms)
 GET /creator-studio 200 in 126ms (next.js: 15ms, proxy.ts: 5ms, application-code: 105ms)
 GET /creator-studio 200 in 126ms (next.js: 31ms, proxy.ts: 6ms, application-code: 89ms)
 GET /creator-studio 200 in 125ms (next.js: 45ms, proxy.ts: 8ms, application-code: 72ms)
 GET /creator-studio 200 in 124ms (next.js: 70ms, proxy.ts: 8ms, application-code: 46ms)
 GET /creator-studio 200 in 125ms (next.js: 70ms, proxy.ts: 29ms, application-code: 26ms)
 GET /creator-studio 200 in 123ms (next.js: 6ms, proxy.ts: 5ms, application-code: 112ms)
 GET /creator-studio 200 in 122ms (next.js: 17ms, proxy.ts: 5ms, application-code: 101ms)
 GET /creator-studio 200 in 123ms (next.js: 27ms, proxy.ts: 5ms, application-code: 90ms)
 GET /creator-studio 200 in 123ms (next.js: 54ms, proxy.ts: 6ms, application-code: 63ms)
 GET /creator-studio 200 in 123ms (next.js: 68ms, proxy.ts: 6ms, application-code: 49ms)
 GET /creator-studio 200 in 126ms (next.js: 29ms, proxy.ts: 68ms, application-code: 28ms)
 GET /creator-studio 200 in 185ms (next.js: 20ms, proxy.ts: 9ms, application-code: 156ms)
 GET /creator-studio 200 in 183ms (next.js: 36ms, proxy.ts: 10ms, application-code: 137ms)
 GET /creator-studio 200 in 180ms (next.js: 106ms, proxy.ts: 7ms, application-code: 67ms)
 GET /creator-studio 200 in 185ms (next.js: 96ms, proxy.ts: 11ms, application-code: 78ms)
 GET /creator-studio 200 in 177ms (next.js: 96ms, proxy.ts: 36ms, application-code: 45ms)
 GET /creator-studio 200 in 167ms (next.js: 30ms, proxy.ts: 112ms, application-code: 25ms)
 GET /creator-studio 200 in 128ms (next.js: 6ms, proxy.ts: 4ms, application-code: 118ms)
 GET /creator-studio 200 in 128ms (next.js: 30ms, proxy.ts: 6ms, application-code: 92ms)
 GET /creator-studio 200 in 128ms (next.js: 55ms, proxy.ts: 6ms, application-code: 68ms)
 GET /creator-studio 200 in 130ms (next.js: 47ms, proxy.ts: 6ms, application-code: 77ms)
 GET /creator-studio 200 in 127ms (next.js: 57ms, proxy.ts: 30ms, application-code: 40ms)
 GET /creator-studio 200 in 101ms (next.js: 17ms, proxy.ts: 58ms, application-code: 26ms)
 GET /creator-studio 200 in 114ms (next.js: 4ms, proxy.ts: 4ms, application-code: 106ms)
 GET /creator-studio 200 in 112ms (next.js: 7ms, proxy.ts: 15ms, application-code: 90ms)
 GET /creator-studio 200 in 112ms (next.js: 16ms, proxy.ts: 15ms, application-code: 81ms)
 GET /creator-studio 200 in 111ms (next.js: 39ms, proxy.ts: 17ms, application-code: 55ms)
 GET /creator-studio 200 in 112ms (next.js: 48ms, proxy.ts: 17ms, application-code: 47ms)
 GET /creator-studio 200 in 104ms (next.js: 39ms, proxy.ts: 40ms, application-code: 24ms)
 GET /creator-studio 200 in 129ms (next.js: 6ms, proxy.ts: 4ms, application-code: 118ms)
 GET /creator-studio 200 in 124ms (next.js: 10ms, proxy.ts: 29ms, application-code: 86ms)
 GET /creator-studio 200 in 125ms (next.js: 19ms, proxy.ts: 29ms, application-code: 77ms)
 GET /creator-studio 200 in 125ms (next.js: 33ms, proxy.ts: 32ms, application-code: 60ms)
 GET /creator-studio 200 in 125ms (next.js: 40ms, proxy.ts: 33ms, application-code: 52ms)
 GET /creator-studio 200 in 93ms (next.js: 38ms, proxy.ts: 30ms, application-code: 25ms)
 GET /creator-studio 200 in 32ms (next.js: 3ms, proxy.ts: 3ms, application-code: 26ms)
✓ Compiled in 183ms
✓ Compiled in 31ms
 GET /creator-studio 200 in 33ms (next.js: 4ms, proxy.ts: 3ms, application-code: 26ms)
✓ Compiled in 33ms
 GET /creator-studio 200 in 27ms (next.js: 1263µs, proxy.ts: 3ms, application-code: 23ms)
✓ Compiled in 70ms
 GET /creator-studio 200 in 52ms (next.js: 3ms, proxy.ts: 22ms, application-code: 27ms)
✓ Compiled in 143ms
 GET /creator-studio 200 in 25ms (next.js: 965µs, proxy.ts: 4ms, application-code: 20ms)
✓ Compiled in 32ms
 GET /creator-studio/people 200 in 1288ms (next.js: 1200ms, proxy.ts: 16ms, application-code: 71ms)
✓ Compiled in 170ms
 GET /creator-studio/people 200 in 248ms (next.js: 13ms, proxy.ts: 36ms, application-code: 199ms)
✓ Compiled in 85ms
✓ Compiled in 131ms
✓ Compiled in 119ms
✓ Compiled in 163ms
 GET /creator-studio/people 200 in 111ms (next.js: 7ms, proxy.ts: 61ms, application-code: 43ms)
 GET /creator-studio/people 200 in 23ms (next.js: 3ms, proxy.ts: 3ms, application-code: 18ms)
 GET /creator-studio/people 200 in 27ms (next.js: 1619µs, proxy.ts: 3ms, application-code: 23ms)
 GET /creator-studio/people 200 in 20ms (next.js: 2ms, proxy.ts: 3ms, application-code: 15ms)
 GET /creator-studio/people 200 in 24ms (next.js: 4ms, proxy.ts: 2ms, application-code: 18ms)
 GET /creator-studio/people 200 in 95ms (next.js: 7ms, proxy.ts: 4ms, application-code: 84ms)
 GET /creator-studio/collective 200 in 114ms (next.js: 17ms, proxy.ts: 17ms, application-code: 79ms)
[browser] Detected `scroll-behavior: smooth` on the `<html>` element. To disable smooth scrolling during route transitions, add `data-scroll-behavior="smooth"` to your <html> element. Learn more: https://nextjs.org/docs/messages/missing-data-scroll-behavior
 GET /api/uploads/covers/0e61c310c1a74f82b57afaa1346ad853_8_Things_Your_Human_Design_Can_Help_With.jpg 404 in 66ms (next.js: 16ms, application-code: 50ms)
 GET /creator-studio/people 200 in 48ms (next.js: 2ms, proxy.ts: 3ms, application-code: 43ms)
 GET /creator-studio/collective 200 in 66ms (next.js: 5ms, proxy.ts: 5ms, application-code: 56ms)
 GET /creator-studio/people 200 in 51ms (next.js: 2ms, proxy.ts: 3ms, application-code: 46ms)
✓ Compiled in 360ms

====================================
Starting FC Frontend
Fri May 15 02:08:26 PM AEST 2026
====================================

Frontend folder:
/home/lindsey/fc-production/frontend

Using package script:
dev

Detected yarn.lock
Running: yarn dev
yarn run v1.22.22
$ next dev
▲ Next.js 16.2.4 (Turbopack)
- Local:         http://localhost:3000
- Network:       http://172.16.186.128:3000
- Environments: .env
✓ Ready in 229ms

 GET / 200 in 1239ms (next.js: 128ms, proxy.ts: 121ms, application-code: 991ms)
 GET /creator-studio/people 200 in 186ms (next.js: 23ms, proxy.ts: 11ms, application-code: 152ms)

====================================
Starting FC Frontend
Fri May 15 02:11:39 PM AEST 2026
====================================

Frontend folder:
/home/lindsey/fc-production/frontend

Using package script:
dev

Detected yarn.lock
Running: yarn dev
yarn run v1.22.22
$ next dev
▲ Next.js 16.2.4 (Turbopack)
- Local:         http://localhost:3000
- Network:       http://172.16.186.128:3000
- Environments: .env
✓ Ready in 207ms

 GET / 200 in 1492ms (next.js: 120ms, proxy.ts: 115ms, application-code: 1256ms)
 GET /creator-studio/people 200 in 176ms (next.js: 16ms, proxy.ts: 7ms, application-code: 153ms)
✓ Compiled in 492ms
 GET /creator-studio/people 200 in 105ms (next.js: 16ms, proxy.ts: 20ms, application-code: 68ms)
 GET /creator-studio/pathways 200 in 121ms (next.js: 32ms, proxy.ts: 12ms, application-code: 77ms)
[browser] Detected `scroll-behavior: smooth` on the `<html>` element. To disable smooth scrolling during route transitions, add `data-scroll-behavior="smooth"` to your <html> element. Learn more: https://nextjs.org/docs/messages/missing-data-scroll-behavior
 GET /creator/spaces/fresh-collective/pathways/real-journey 200 in 327ms (next.js: 270ms, proxy.ts: 11ms, application-code: 47ms)
 GET /creator/spaces/fresh-collective/pathways 200 in 426ms (next.js: 306ms, proxy.ts: 7ms, application-code: 113ms)
 GET /creator/spaces/fresh-collective/pathways/real-journey 200 in 102ms (next.js: 36ms, proxy.ts: 4ms, application-code: 62ms)
 GET /spaces/fresh-collective 200 in 409ms (next.js: 253ms, proxy.ts: 5ms, application-code: 151ms)
 GET /spaces/fresh-collective/pathways/real-journey/recognise 200 in 325ms (next.js: 278ms, proxy.ts: 4ms, application-code: 43ms)
[browser] Detected `scroll-behavior: smooth` on the `<html>` element. To disable smooth scrolling during route transitions, add `data-scroll-behavior="smooth"` to your <html> element. Learn more: https://nextjs.org/docs/messages/missing-data-scroll-behavior
✓ Compiled in 53ms
 GET /creator/spaces/fresh-collective/pathways/real-journey 200 in 105ms (next.js: 49ms, proxy.ts: 14ms, application-code: 42ms)
 GET /creator/spaces/fresh-collective/pathways/real-journey 200 in 215ms (next.js: 74ms, proxy.ts: 64ms, application-code: 76ms)
 GET /creator/spaces/fresh-collective/pathways/real-journey 200 in 28ms (next.js: 3ms, proxy.ts: 4ms, application-code: 20ms)
 GET /creator/spaces/fresh-collective/pathways/real-journey 200 in 84ms (next.js: 31ms, proxy.ts: 9ms, application-code: 44ms)
 GET /creator/spaces/fresh-collective/pathways/real-journey 200 in 106ms (next.js: 5ms, proxy.ts: 3ms, application-code: 97ms)
 GET /creator/spaces/fresh-collective/pathways/real-journey 200 in 106ms (next.js: 27ms, proxy.ts: 4ms, application-code: 75ms)
 GET /creator/spaces/fresh-collective/pathways/real-journey 200 in 266ms (next.js: 18ms, proxy.ts: 17ms, application-code: 232ms)
 GET /creator/spaces/fresh-collective/pathways/real-journey 200 in 273ms (next.js: 80ms, proxy.ts: 12ms, application-code: 180ms)
 GET /creator/spaces/fresh-collective/pathways/real-journey 200 in 272ms (next.js: 47ms, proxy.ts: 15ms, application-code: 210ms)
 GET /creator/spaces/fresh-collective/pathways/real-journey 200 in 275ms (next.js: 108ms, proxy.ts: 5ms, application-code: 162ms)
 GET /creator/spaces/fresh-collective/pathways/real-journey 200 in 246ms (next.js: 158ms, proxy.ts: 4ms, application-code: 85ms)
 GET /creator/spaces/fresh-collective/pathways/real-journey 200 in 248ms (next.js: 179ms, proxy.ts: 4ms, application-code: 65ms)
 GET /creator/spaces/fresh-collective/pathways/real-journey 200 in 184ms (next.js: 10ms, proxy.ts: 9ms, application-code: 164ms)
 GET /creator/spaces/fresh-collective/pathways/real-journey 200 in 187ms (next.js: 56ms, proxy.ts: 10ms, application-code: 121ms)
 GET /creator/spaces/fresh-collective/pathways/real-journey 200 in 189ms (next.js: 22ms, proxy.ts: 9ms, application-code: 158ms)
 GET /creator/spaces/fresh-collective/pathways/real-journey 200 in 190ms (next.js: 78ms, proxy.ts: 10ms, application-code: 103ms)
 GET /creator/spaces/fresh-collective/pathways/real-journey 200 in 185ms (next.js: 114ms, proxy.ts: 4ms, application-code: 67ms)
 GET /creator/spaces/fresh-collective/pathways/real-journey 200 in 185ms (next.js: 134ms, proxy.ts: 4ms, application-code: 47ms)
 GET /creator/spaces/fresh-collective/pathways/real-journey 200 in 197ms (next.js: 17ms, proxy.ts: 8ms, application-code: 172ms)
 GET /creator/spaces/fresh-collective/pathways/real-journey 200 in 194ms (next.js: 35ms, proxy.ts: 8ms, application-code: 151ms)
 GET /creator/spaces/fresh-collective/pathways/real-journey 200 in 195ms (next.js: 64ms, proxy.ts: 8ms, application-code: 123ms)
 GET /creator/spaces/fresh-collective/pathways/real-journey 200 in 196ms (next.js: 112ms, proxy.ts: 8ms, application-code: 75ms)
 GET /creator/spaces/fresh-collective/pathways/real-journey 200 in 195ms (next.js: 130ms, proxy.ts: 10ms, application-code: 54ms)
 GET /creator/spaces/fresh-collective/pathways/real-journey 200 in 195ms (next.js: 156ms, proxy.ts: 9ms, application-code: 30ms)
 GET /creator/spaces/fresh-collective/pathways/real-journey 200 in 166ms (next.js: 23ms, proxy.ts: 8ms, application-code: 135ms)
 GET /creator/spaces/fresh-collective/pathways/real-journey 200 in 165ms (next.js: 38ms, proxy.ts: 9ms, application-code: 118ms)
 GET /creator/spaces/fresh-collective/pathways/real-journey 200 in 163ms (next.js: 45ms, proxy.ts: 19ms, application-code: 98ms)
 GET /creator/spaces/fresh-collective/pathways/real-journey 200 in 145ms (next.js: 74ms, proxy.ts: 5ms, application-code: 66ms)
 GET /creator/spaces/fresh-collective/pathways/real-journey 200 in 146ms (next.js: 62ms, proxy.ts: 5ms, application-code: 79ms)
 GET /creator/spaces/fresh-collective/pathways/real-journey 200 in 143ms (next.js: 114ms, proxy.ts: 4ms, application-code: 24ms)
 GET /creator/spaces/fresh-collective/pathways/real-journey 200 in 146ms (next.js: 29ms, proxy.ts: 8ms, application-code: 109ms)
 GET /creator/spaces/fresh-collective/pathways/real-journey 200 in 147ms (next.js: 16ms, proxy.ts: 8ms, application-code: 124ms)
 GET /creator/spaces/fresh-collective/pathways/real-journey 200 in 147ms (next.js: 40ms, proxy.ts: 8ms, application-code: 98ms)
 GET /creator/spaces/fresh-collective/pathways/real-journey 200 in 147ms (next.js: 54ms, proxy.ts: 9ms, application-code: 84ms)
 GET /creator/spaces/fresh-collective/pathways/real-journey 200 in 145ms (next.js: 77ms, proxy.ts: 14ms, application-code: 55ms)
 GET /creator/spaces/fresh-collective/pathways/real-journey 200 in 145ms (next.js: 89ms, proxy.ts: 12ms, application-code: 43ms)
 GET /creator/spaces/fresh-collective/pathways/real-journey 200 in 176ms (next.js: 38ms, proxy.ts: 6ms, application-code: 131ms)
 GET /creator/spaces/fresh-collective/pathways/real-journey 200 in 180ms (next.js: 55ms, proxy.ts: 5ms, application-code: 119ms)
 GET /creator/spaces/fresh-collective/pathways/real-journey 200 in 180ms (next.js: 67ms, proxy.ts: 6ms, application-code: 107ms)
 GET /creator/spaces/fresh-collective/pathways/real-journey 200 in 180ms (next.js: 81ms, proxy.ts: 6ms, application-code: 93ms)
 GET /creator/spaces/fresh-collective/pathways/real-journey 200 in 182ms (next.js: 114ms, proxy.ts: 6ms, application-code: 63ms)
 GET /creator/spaces/fresh-collective/pathways/real-journey 200 in 183ms (next.js: 135ms, proxy.ts: 6ms, application-code: 41ms)
 GET /creator/spaces/fresh-collective/pathways/real-journey 200 in 215ms (next.js: 18ms, proxy.ts: 10ms, application-code: 187ms)
 GET /creator/spaces/fresh-collective/pathways/real-journey 200 in 215ms (next.js: 46ms, proxy.ts: 11ms, application-code: 157ms)
 GET /creator/spaces/fresh-collective/pathways/real-journey 200 in 214ms (next.js: 68ms, proxy.ts: 11ms, application-code: 135ms)
 GET /creator/spaces/fresh-collective/pathways/real-journey 200 in 215ms (next.js: 30ms, proxy.ts: 11ms, application-code: 175ms)
 GET /creator/spaces/fresh-collective/pathways/real-journey 200 in 215ms (next.js: 102ms, proxy.ts: 10ms, application-code: 103ms)
 GET /creator/spaces/fresh-collective/pathways/real-journey 200 in 214ms (next.js: 123ms, proxy.ts: 9ms, application-code: 82ms)
 GET /creator/spaces/fresh-collective/pathways/real-journey 200 in 185ms (next.js: 31ms, proxy.ts: 4ms, application-code: 150ms)
 GET /creator/spaces/fresh-collective/pathways/real-journey 200 in 185ms (next.js: 46ms, proxy.ts: 4ms, application-code: 134ms)
 GET /creator/spaces/fresh-collective/pathways/real-journey 200 in 186ms (next.js: 76ms, proxy.ts: 4ms, application-code: 106ms)
 GET /creator/spaces/fresh-collective/pathways/real-journey 200 in 187ms (next.js: 97ms, proxy.ts: 5ms, application-code: 86ms)
 GET /creator/spaces/fresh-collective/pathways/real-journey 200 in 189ms (next.js: 142ms, proxy.ts: 4ms, application-code: 43ms)
 GET /creator/spaces/fresh-collective/pathways/real-journey 200 in 190ms (next.js: 131ms, proxy.ts: 4ms, application-code: 55ms)
 GET /creator/spaces/fresh-collective/pathways/real-journey 200 in 167ms (next.js: 12ms, proxy.ts: 6ms, application-code: 149ms)
 GET /creator/spaces/fresh-collective/pathways/real-journey 200 in 169ms (next.js: 43ms, proxy.ts: 6ms, application-code: 120ms)
 GET /creator/spaces/fresh-collective/pathways/real-journey 200 in 171ms (next.js: 66ms, proxy.ts: 5ms, application-code: 101ms)
 GET /creator/spaces/fresh-collective/pathways/real-journey 200 in 172ms (next.js: 79ms, proxy.ts: 6ms, application-code: 87ms)
 GET /creator/spaces/fresh-collective/pathways/real-journey 200 in 174ms (next.js: 72ms, proxy.ts: 35ms, application-code: 67ms)
 GET /creator/spaces/fresh-collective/pathways/real-journey 200 in 176ms (next.js: 88ms, proxy.ts: 35ms, application-code: 52ms)
 GET /creator/spaces/fresh-collective/pathways/real-journey 200 in 173ms (next.js: 37ms, proxy.ts: 10ms, application-code: 125ms)
 GET /creator/spaces/fresh-collective/pathways/real-journey 200 in 165ms (next.js: 57ms, proxy.ts: 6ms, application-code: 102ms)
 GET /creator/spaces/fresh-collective/pathways/real-journey 200 in 163ms (next.js: 75ms, proxy.ts: 5ms, application-code: 82ms)
 GET /creator/spaces/fresh-collective/pathways/real-journey 200 in 162ms (next.js: 90ms, proxy.ts: 5ms, application-code: 67ms)
 GET /creator/spaces/fresh-collective/pathways/real-journey 200 in 171ms (next.js: 64ms, proxy.ts: 49ms, application-code: 57ms)
 GET /creator/spaces/fresh-collective/pathways/real-journey 200 in 172ms (next.js: 63ms, proxy.ts: 66ms, application-code: 43ms)
 GET /creator/spaces/fresh-collective/pathways/real-journey 200 in 163ms (next.js: 25ms, proxy.ts: 14ms, application-code: 125ms)
 GET /creator/spaces/fresh-collective/pathways/real-journey 200 in 154ms (next.js: 52ms, proxy.ts: 8ms, application-code: 94ms)
 GET /creator/spaces/fresh-collective/pathways/real-journey 200 in 165ms (next.js: 14ms, proxy.ts: 14ms, application-code: 137ms)
 GET /creator/spaces/fresh-collective/pathways/real-journey 200 in 154ms (next.js: 73ms, proxy.ts: 9ms, application-code: 72ms)
 GET /creator/spaces/fresh-collective/pathways/real-journey 200 in 148ms (next.js: 57ms, proxy.ts: 44ms, application-code: 47ms)
 GET /creator/spaces/fresh-collective/pathways/real-journey 200 in 149ms (next.js: 111ms, proxy.ts: 4ms, application-code: 34ms)
 GET /creator/spaces/fresh-collective/pathways/real-journey 200 in 162ms (next.js: 52ms, proxy.ts: 4ms, application-code: 107ms)
 GET /creator/spaces/fresh-collective/pathways/real-journey 200 in 162ms (next.js: 63ms, proxy.ts: 4ms, application-code: 95ms)
 GET /creator/spaces/fresh-collective/pathways/real-journey 200 in 163ms (next.js: 35ms, proxy.ts: 4ms, application-code: 125ms)
 GET /creator/spaces/fresh-collective/pathways/real-journey 200 in 170ms (next.js: 87ms, proxy.ts: 5ms, application-code: 78ms)
 GET /creator/spaces/fresh-collective/pathways/real-journey 200 in 170ms (next.js: 112ms, proxy.ts: 6ms, application-code: 53ms)
 GET /creator/spaces/fresh-collective/pathways/real-journey 200 in 172ms (next.js: 131ms, proxy.ts: 4ms, application-code: 36ms)
 GET /creator/spaces/fresh-collective/pathways/real-journey 200 in 176ms (next.js: 14ms, proxy.ts: 13ms, application-code: 150ms)
 GET /creator/spaces/fresh-collective/pathways/real-journey 200 in 176ms (next.js: 28ms, proxy.ts: 13ms, application-code: 135ms)
 GET /creator/spaces/fresh-collective/pathways/real-journey 200 in 168ms (next.js: 62ms, proxy.ts: 6ms, application-code: 100ms)
 GET /creator/spaces/fresh-collective/pathways/real-journey 200 in 165ms (next.js: 84ms, proxy.ts: 4ms, application-code: 77ms)
 GET /creator/spaces/fresh-collective/pathways/real-journey 200 in 166ms (next.js: 109ms, proxy.ts: 5ms, application-code: 52ms)
 GET /creator/spaces/fresh-collective/pathways/real-journey 200 in 166ms (next.js: 120ms, proxy.ts: 8ms, application-code: 38ms)
 GET /creator/spaces/fresh-collective/pathways/real-journey 200 in 167ms (next.js: 33ms, proxy.ts: 4ms, application-code: 131ms)
 GET /creator/spaces/fresh-collective/pathways/real-journey 200 in 167ms (next.js: 45ms, proxy.ts: 4ms, application-code: 118ms)
 GET /creator/spaces/fresh-collective/pathways/real-journey 200 in 166ms (next.js: 82ms, proxy.ts: 4ms, application-code: 79ms)
 GET /creator/spaces/fresh-collective/pathways/real-journey 200 in 166ms (next.js: 97ms, proxy.ts: 5ms, application-code: 64ms)
 GET /creator/spaces/fresh-collective/pathways/real-journey 200 in 164ms (next.js: 114ms, proxy.ts: 7ms, application-code: 44ms)
 GET /creator/spaces/fresh-collective/pathways/real-journey 200 in 166ms (next.js: 60ms, proxy.ts: 76ms, application-code: 29ms)
 GET /creator/spaces/fresh-collective/pathways/real-journey 200 in 147ms (next.js: 9ms, proxy.ts: 2ms, application-code: 136ms)
 GET /creator/spaces/fresh-collective/pathways/real-journey 200 in 147ms (next.js: 23ms, proxy.ts: 2ms, application-code: 122ms)
 GET /creator/spaces/fresh-collective/pathways/real-journey 200 in 213ms (next.js: 48ms, proxy.ts: 4ms, application-code: 160ms)
 GET /creator/spaces/fresh-collective/pathways/real-journey 200 in 216ms (next.js: 59ms, proxy.ts: 5ms, application-code: 152ms)
 GET /creator/spaces/fresh-collective/pathways/real-journey 200 in 219ms (next.js: 53ms, proxy.ts: 44ms, application-code: 122ms)
 GET /creator/spaces/fresh-collective/pathways/real-journey 200 in 219ms (next.js: 65ms, proxy.ts: 46ms, application-code: 108ms)
 GET /creator/spaces/fresh-collective/pathways/real-journey 200 in 188ms (next.js: 44ms, proxy.ts: 4ms, application-code: 140ms)
 GET /creator/spaces/fresh-collective/pathways/real-journey 200 in 188ms (next.js: 58ms, proxy.ts: 10ms, application-code: 119ms)
 GET /creator/spaces/fresh-collective/pathways/real-journey 200 in 179ms (next.js: 30ms, proxy.ts: 46ms, application-code: 103ms)
 GET /creator/spaces/fresh-collective/pathways/real-journey 200 in 180ms (next.js: 51ms, proxy.ts: 46ms, application-code: 83ms)
 GET /creator/spaces/fresh-collective/pathways/real-journey 200 in 187ms (next.js: 110ms, proxy.ts: 8ms, application-code: 70ms)
 GET /creator/spaces/fresh-collective/pathways/real-journey 200 in 189ms (next.js: 126ms, proxy.ts: 8ms, application-code: 55ms)
 GET /creator/spaces/fresh-collective/pathways/real-journey 200 in 154ms (next.js: 14ms, proxy.ts: 8ms, application-code: 132ms)
 GET /creator/spaces/fresh-collective/pathways/real-journey 200 in 152ms (next.js: 31ms, proxy.ts: 7ms, application-code: 114ms)
 GET /creator/spaces/fresh-collective/pathways/real-journey 200 in 147ms (next.js: 11ms, proxy.ts: 45ms, application-code: 91ms)
 GET /creator/spaces/fresh-collective/pathways/real-journey 200 in 147ms (next.js: 24ms, proxy.ts: 45ms, application-code: 79ms)
 GET /creator/spaces/fresh-collective/pathways/real-journey 200 in 147ms (next.js: 41ms, proxy.ts: 45ms, application-code: 62ms)
 GET /creator/spaces/fresh-collective/pathways/real-journey 200 in 144ms (next.js: 70ms, proxy.ts: 42ms, application-code: 33ms)
 GET /creator/spaces/fresh-collective/pathways/real-journey 200 in 171ms (next.js: 36ms, proxy.ts: 4ms, application-code: 131ms)
 GET /creator/spaces/fresh-collective/pathways/real-journey 200 in 172ms (next.js: 55ms, proxy.ts: 3ms, application-code: 114ms)
 GET /creator/spaces/fresh-collective/pathways/real-journey 200 in 168ms (next.js: 37ms, proxy.ts: 49ms, application-code: 82ms)
 GET /creator/spaces/fresh-collective/pathways/real-journey 200 in 169ms (next.js: 49ms, proxy.ts: 49ms, application-code: 71ms)
 GET /creator/spaces/fresh-collective/pathways/real-journey 200 in 164ms (next.js: 48ms, proxy.ts: 64ms, application-code: 52ms)
 GET /creator/spaces/fresh-collective/pathways/real-journey 200 in 124ms (next.js: 60ms, proxy.ts: 36ms, application-code: 28ms)
 GET /creator/spaces/fresh-collective/pathways/real-journey 200 in 29ms (next.js: 4ms, proxy.ts: 3ms, application-code: 22ms)
 GET /spaces/fresh-collective/pathways/real-journey 200 in 487ms (next.js: 319ms, proxy.ts: 7ms, application-code: 160ms)
✓ Compiled in 167ms
 GET /creator/spaces/fresh-collective/pathways/real-journey 200 in 259ms (next.js: 115ms, proxy.ts: 52ms, application-code: 92ms)
 GET /creator/spaces/fresh-collective/pathways/real-journey 200 in 145ms (next.js: 15ms, proxy.ts: 13ms, application-code: 117ms)
 GET /creator/spaces/fresh-collective/pathways/real-journey 200 in 34ms (next.js: 7ms, proxy.ts: 4ms, application-code: 23ms)
 GET /creator/spaces/fresh-collective/pathways/real-journey 200 in 40ms (next.js: 6ms, proxy.ts: 2ms, application-code: 32ms)
 GET /creator/spaces/fresh-collective/pathways/real-journey 200 in 220ms (next.js: 12ms, proxy.ts: 6ms, application-code: 203ms)
 GET /creator/spaces/fresh-collective/pathways/real-journey 200 in 304ms (next.js: 72ms, proxy.ts: 9ms, application-code: 223ms)
 GET /creator/spaces/fresh-collective/pathways/real-journey 200 in 273ms (next.js: 32ms, proxy.ts: 4ms, application-code: 237ms)
 GET /creator/spaces/fresh-collective/pathways/real-journey 200 in 273ms (next.js: 72ms, proxy.ts: 5ms, application-code: 197ms)
 GET /creator/spaces/fresh-collective/pathways/real-journey 200 in 274ms (next.js: 104ms, proxy.ts: 5ms, application-code: 165ms)
 GET /creator/spaces/fresh-collective/pathways/real-journey 200 in 276ms (next.js: 120ms, proxy.ts: 7ms, application-code: 149ms)
 GET /creator/spaces/fresh-collective/pathways/real-journey 200 in 185ms (next.js: 22ms, proxy.ts: 9ms, application-code: 155ms)
 GET /creator/spaces/fresh-collective/pathways/real-journey 200 in 317ms (next.js: 44ms, proxy.ts: 14ms, application-code: 259ms)
 GET /creator/spaces/fresh-collective/pathways/real-journey 200 in 275ms (next.js: 13ms, proxy.ts: 7ms, application-code: 255ms)
 GET /creator/spaces/fresh-collective/pathways/real-journey 200 in 312ms (next.js: 59ms, proxy.ts: 7ms, application-code: 246ms)
 GET /creator/spaces/fresh-collective/pathways/real-journey 200 in 316ms (next.js: 91ms, proxy.ts: 7ms, application-code: 218ms)
 GET /creator/spaces/fresh-collective/pathways/real-journey 200 in 318ms (next.js: 148ms, proxy.ts: 10ms, application-code: 160ms)
 GET /creator/spaces/fresh-collective/pathways/real-journey 200 in 157ms (next.js: 8ms, proxy.ts: 7ms, application-code: 142ms)
 GET /creator/spaces/fresh-collective/pathways/real-journey 200 in 201ms (next.js: 32ms, proxy.ts: 3ms, application-code: 166ms)
 GET /creator/spaces/fresh-collective/pathways/real-journey 200 in 156ms (next.js: 15ms, proxy.ts: 12ms, application-code: 130ms)
 GET /creator/spaces/fresh-collective/pathways/real-journey 200 in 167ms (next.js: 27ms, proxy.ts: 11ms, application-code: 129ms)
 GET /creator/spaces/fresh-collective/pathways/real-journey 200 in 167ms (next.js: 53ms, proxy.ts: 10ms, application-code: 105ms)
 GET /creator/spaces/fresh-collective/pathways/real-journey 200 in 168ms (next.js: 73ms, proxy.ts: 10ms, application-code: 85ms)
 GET /creator/spaces/fresh-collective/pathways/real-journey 200 in 160ms (next.js: 6ms, proxy.ts: 13ms, application-code: 141ms)
 GET /creator/spaces/fresh-collective/pathways/real-journey 200 in 191ms (next.js: 28ms, proxy.ts: 2ms, application-code: 161ms)
 GET /creator/spaces/fresh-collective/pathways/real-journey 200 in 170ms (next.js: 33ms, proxy.ts: 8ms, application-code: 128ms)
 GET /creator/spaces/fresh-collective/pathways/real-journey 200 in 169ms (next.js: 53ms, proxy.ts: 9ms, application-code: 107ms)
 GET /creator/spaces/fresh-collective/pathways/real-journey 200 in 184ms (next.js: 82ms, proxy.ts: 7ms, application-code: 95ms)
 GET /creator/spaces/fresh-collective/pathways/real-journey 200 in 198ms (next.js: 100ms, proxy.ts: 6ms, application-code: 93ms)
 GET /creator/spaces/fresh-collective/pathways/real-journey 200 in 137ms (next.js: 5ms, proxy.ts: 12ms, application-code: 119ms)
 GET /creator/spaces/fresh-collective/pathways/real-journey 200 in 176ms (next.js: 28ms, proxy.ts: 3ms, application-code: 145ms)
 GET /creator/spaces/fresh-collective/pathways/real-journey 200 in 162ms (next.js: 10ms, proxy.ts: 17ms, application-code: 135ms)
 GET /creator/spaces/fresh-collective/pathways/real-journey 200 in 151ms (next.js: 28ms, proxy.ts: 8ms, application-code: 116ms)
 GET /creator/spaces/fresh-collective/pathways/real-journey 200 in 208ms (next.js: 59ms, proxy.ts: 6ms, application-code: 143ms)
 GET /creator/spaces/fresh-collective/pathways/real-journey 200 in 210ms (next.js: 83ms, proxy.ts: 3ms, application-code: 124ms)
 GET /creator/spaces/fresh-collective/pathways/real-journey 200 in 181ms (next.js: 9ms, proxy.ts: 28ms, application-code: 143ms)
 GET /creator/spaces/fresh-collective/pathways/real-journey 200 in 176ms (next.js: 53ms, proxy.ts: 6ms, application-code: 117ms)
 GET /creator/spaces/fresh-collective/pathways/real-journey 200 in 150ms (next.js: 10ms, proxy.ts: 7ms, application-code: 134ms)
 GET /creator/spaces/fresh-collective/pathways/real-journey 200 in 149ms (next.js: 22ms, proxy.ts: 7ms, application-code: 120ms)
 GET /creator/spaces/fresh-collective/pathways/real-journey 200 in 170ms (next.js: 51ms, proxy.ts: 6ms, application-code: 112ms)
 GET /creator/spaces/fresh-collective/pathways/real-journey 200 in 171ms (next.js: 35ms, proxy.ts: 42ms, application-code: 94ms)
 GET /creator/spaces/fresh-collective/pathways/real-journey 200 in 152ms (next.js: 9ms, proxy.ts: 30ms, application-code: 113ms)
 GET /creator/spaces/fresh-collective/pathways/real-journey 200 in 165ms (next.js: 32ms, proxy.ts: 4ms, application-code: 129ms)
 GET /creator/spaces/fresh-collective/pathways/real-journey 200 in 143ms (next.js: 13ms, proxy.ts: 5ms, application-code: 125ms)
 GET /creator/spaces/fresh-collective/pathways/real-journey 200 in 144ms (next.js: 29ms, proxy.ts: 5ms, application-code: 110ms)
 GET /creator/spaces/fresh-collective/pathways/real-journey 200 in 194ms (next.js: 51ms, proxy.ts: 6ms, application-code: 137ms)
 GET /creator/spaces/fresh-collective/pathways/real-journey 200 in 192ms (next.js: 26ms, proxy.ts: 45ms, application-code: 120ms)
 GET /creator/spaces/fresh-collective/pathways/real-journey 200 in 228ms (next.js: 5ms, proxy.ts: 27ms, application-code: 196ms)
 GET /creator/spaces/fresh-collective/pathways/real-journey 200 in 238ms (next.js: 56ms, proxy.ts: 2ms, application-code: 180ms)
 GET /creator/spaces/fresh-collective/pathways/real-journey 200 in 162ms (next.js: 30ms, proxy.ts: 6ms, application-code: 126ms)
 GET /creator/spaces/fresh-collective/pathways/real-journey 200 in 163ms (next.js: 13ms, proxy.ts: 6ms, application-code: 144ms)
 GET /creator/spaces/fresh-collective/pathways/real-journey 200 in 216ms (next.js: 84ms, proxy.ts: 5ms, application-code: 127ms)
 GET /creator/spaces/fresh-collective/pathways/real-journey 200 in 226ms (next.js: 99ms, proxy.ts: 4ms, application-code: 123ms)
 GET /creator/spaces/fresh-collective/pathways/real-journey 200 in 307ms (next.js: 7ms, proxy.ts: 41ms, application-code: 259ms)
 GET /creator/spaces/fresh-collective/pathways/real-journey 200 in 292ms (next.js: 23ms, proxy.ts: 2ms, application-code: 266ms)
 GET /creator/spaces/fresh-collective/pathways/real-journey 200 in 275ms (next.js: 29ms, proxy.ts: 52ms, application-code: 195ms)
 GET /creator/spaces/fresh-collective/pathways/real-journey 200 in 292ms (next.js: 116ms, proxy.ts: 52ms, application-code: 124ms)
 GET /creator/spaces/fresh-collective/pathways/real-journey 200 in 266ms (next.js: 150ms, proxy.ts: 14ms, application-code: 101ms)
 GET /creator/spaces/fresh-collective/pathways/real-journey 200 in 265ms (next.js: 76ms, proxy.ts: 102ms, application-code: 87ms)
 GET /creator/spaces/fresh-collective/pathways/real-journey 200 in 136ms (next.js: 6ms, proxy.ts: 4ms, application-code: 126ms)
 GET /creator/spaces/fresh-collective/pathways/real-journey 200 in 165ms (next.js: 24ms, proxy.ts: 3ms, application-code: 138ms)
 GET /creator/spaces/fresh-collective/pathways/real-journey 200 in 150ms (next.js: 9ms, proxy.ts: 31ms, application-code: 110ms)
 GET /creator/spaces/fresh-collective/pathways/real-journey 200 in 170ms (next.js: 24ms, proxy.ts: 33ms, application-code: 114ms)
 GET /creator/spaces/fresh-collective/pathways/real-journey 200 in 142ms (next.js: 48ms, proxy.ts: 3ms, application-code: 90ms)
 GET /creator/spaces/fresh-collective/pathways/real-journey 200 in 165ms (next.js: 69ms, proxy.ts: 3ms, application-code: 93ms)
 GET /creator/spaces/fresh-collective/pathways/real-journey 200 in 171ms (next.js: 9ms, proxy.ts: 11ms, application-code: 152ms)
 GET /creator/spaces/fresh-collective/pathways/real-journey 200 in 189ms (next.js: 29ms, proxy.ts: 5ms, application-code: 154ms)
 GET /creator/spaces/fresh-collective/pathways/real-journey 200 in 168ms (next.js: 7ms, proxy.ts: 27ms, application-code: 133ms)
 GET /creator/spaces/fresh-collective/pathways/real-journey 200 in 183ms (next.js: 51ms, proxy.ts: 27ms, application-code: 106ms)
 GET /creator/spaces/fresh-collective/pathways/real-journey 200 in 163ms (next.js: 80ms, proxy.ts: 3ms, application-code: 79ms)
 GET /creator/spaces/fresh-collective/pathways/real-journey 200 in 186ms (next.js: 84ms, proxy.ts: 17ms, application-code: 86ms)
 GET /creator/spaces/fresh-collective/pathways/real-journey 200 in 144ms (next.js: 8ms, proxy.ts: 2ms, application-code: 134ms)
 GET /creator/spaces/fresh-collective/pathways/real-journey 200 in 169ms (next.js: 26ms, proxy.ts: 5ms, application-code: 138ms)
 GET /creator/spaces/fresh-collective/pathways/real-journey 200 in 147ms (next.js: 42ms, proxy.ts: 4ms, application-code: 100ms)
 GET /creator/spaces/fresh-collective/pathways/real-journey 200 in 146ms (next.js: 40ms, proxy.ts: 26ms, application-code: 80ms)
 GET /creator/spaces/fresh-collective/pathways/real-journey 200 in 139ms (next.js: 54ms, proxy.ts: 13ms, application-code: 72ms)
 GET /creator/spaces/fresh-collective/pathways/real-journey 200 in 160ms (next.js: 50ms, proxy.ts: 26ms, application-code: 85ms)
 GET /creator/spaces/fresh-collective/pathways/real-journey 200 in 184ms (next.js: 6ms, proxy.ts: 3ms, application-code: 176ms)
 GET /creator/spaces/fresh-collective/pathways/real-journey 200 in 187ms (next.js: 28ms, proxy.ts: 2ms, application-code: 157ms)
 GET /creator/spaces/fresh-collective/pathways/real-journey 200 in 187ms (next.js: 40ms, proxy.ts: 22ms, application-code: 125ms)
 GET /creator/spaces/fresh-collective/pathways/real-journey 200 in 170ms (next.js: 53ms, proxy.ts: 7ms, application-code: 109ms)
 GET /creator/spaces/fresh-collective/pathways/real-journey 200 in 161ms (next.js: 68ms, proxy.ts: 9ms, application-code: 84ms)
 GET /creator/spaces/fresh-collective/pathways/real-journey 200 in 175ms (next.js: 55ms, proxy.ts: 39ms, application-code: 80ms)
 GET /creator/spaces/fresh-collective/pathways/real-journey 200 in 139ms (next.js: 6ms, proxy.ts: 3ms, application-code: 131ms)
 GET /creator/spaces/fresh-collective/pathways/real-journey 200 in 177ms (next.js: 27ms, proxy.ts: 1647µs, application-code: 149ms)
 GET /creator/spaces/fresh-collective/pathways/real-journey 200 in 189ms (next.js: 30ms, proxy.ts: 23ms, application-code: 135ms)
 GET /creator/spaces/fresh-collective/pathways/real-journey 200 in 174ms (next.js: 51ms, proxy.ts: 6ms, application-code: 117ms)
 GET /creator/spaces/fresh-collective/pathways/real-journey 200 in 179ms (next.js: 56ms, proxy.ts: 6ms, application-code: 117ms)
 GET /creator/spaces/fresh-collective/pathways/real-journey 200 in 201ms (next.js: 61ms, proxy.ts: 23ms, application-code: 117ms)
 GET /creator/spaces/fresh-collective/pathways/real-journey 200 in 185ms (next.js: 18ms, proxy.ts: 11ms, application-code: 156ms)
 GET /creator/spaces/fresh-collective/pathways/real-journey 200 in 208ms (next.js: 41ms, proxy.ts: 11ms, application-code: 156ms)
 GET /creator/spaces/fresh-collective/pathways/real-journey 200 in 192ms (next.js: 51ms, proxy.ts: 32ms, application-code: 109ms)
 GET /creator/spaces/fresh-collective/pathways/real-journey 200 in 170ms (next.js: 51ms, proxy.ts: 29ms, application-code: 90ms)
 GET /creator/spaces/fresh-collective/pathways/real-journey 200 in 163ms (next.js: 80ms, proxy.ts: 5ms, application-code: 78ms)
 GET /creator/spaces/fresh-collective/pathways/real-journey 200 in 189ms (next.js: 33ms, proxy.ts: 70ms, application-code: 87ms)
 GET /creator/spaces/fresh-collective/pathways/real-journey 200 in 119ms (next.js: 5ms, proxy.ts: 2ms, application-code: 111ms)
 GET /creator/spaces/fresh-collective/pathways/real-journey 200 in 145ms (next.js: 27ms, proxy.ts: 1902µs, application-code: 115ms)
 GET /creator/spaces/fresh-collective/pathways/real-journey 200 in 130ms (next.js: 34ms, proxy.ts: 5ms, application-code: 90ms)
 GET /creator/spaces/fresh-collective/pathways/real-journey 200 in 130ms (next.js: 48ms, proxy.ts: 7ms, application-code: 76ms)
 GET /creator/spaces/fresh-collective/pathways/real-journey 200 in 122ms (next.js: 43ms, proxy.ts: 5ms, application-code: 74ms)
 GET /creator/spaces/fresh-collective/pathways/real-journey 200 in 152ms (next.js: 20ms, proxy.ts: 38ms, application-code: 94ms)
 GET /creator/spaces/fresh-collective/pathways/real-journey 200 in 178ms (next.js: 6ms, proxy.ts: 4ms, application-code: 169ms)
 GET /creator/spaces/fresh-collective/pathways/real-journey 200 in 203ms (next.js: 33ms, proxy.ts: 2ms, application-code: 167ms)
 GET /creator/spaces/fresh-collective/pathways/real-journey 200 in 184ms (next.js: 65ms, proxy.ts: 7ms, application-code: 112ms)
 GET /creator/spaces/fresh-collective/pathways/real-journey 200 in 206ms (next.js: 83ms, proxy.ts: 9ms, application-code: 115ms)
 GET /creator/spaces/fresh-collective/pathways/real-journey 200 in 202ms (next.js: 82ms, proxy.ts: 34ms, application-code: 85ms)
 GET /creator/spaces/fresh-collective/pathways/real-journey 200 in 196ms (next.js: 60ms, proxy.ts: 46ms, application-code: 89ms)
 GET /creator/spaces/fresh-collective/pathways/real-journey 200 in 147ms (next.js: 8ms, proxy.ts: 11ms, application-code: 129ms)
 GET /creator/spaces/fresh-collective/pathways/real-journey 200 in 166ms (next.js: 32ms, proxy.ts: 4ms, application-code: 130ms)
 GET /creator/spaces/fresh-collective/pathways/real-journey 200 in 141ms (next.js: 33ms, proxy.ts: 5ms, application-code: 104ms)
 GET /creator/spaces/fresh-collective/pathways/real-journey 200 in 161ms (next.js: 56ms, proxy.ts: 4ms, application-code: 101ms)
 GET /creator/spaces/fresh-collective/pathways/real-journey 200 in 160ms (next.js: 53ms, proxy.ts: 27ms, application-code: 80ms)
 GET /creator/spaces/fresh-collective/pathways/real-journey 200 in 185ms (next.js: 46ms, proxy.ts: 27ms, application-code: 112ms)
 GET /creator/spaces/fresh-collective/pathways/real-journey 200 in 315ms (next.js: 10ms, proxy.ts: 14ms, application-code: 292ms)
 GET /creator/spaces/fresh-collective/pathways/real-journey 200 in 302ms (next.js: 50ms, proxy.ts: 3ms, application-code: 248ms)
 GET /creator/spaces/fresh-collective/pathways/real-journey 200 in 297ms (next.js: 73ms, proxy.ts: 22ms, application-code: 203ms)
 GET /creator/spaces/fresh-collective/pathways/real-journey 200 in 277ms (next.js: 100ms, proxy.ts: 54ms, application-code: 123ms)
 GET /creator 200 in 153ms (next.js: 65ms, proxy.ts: 14ms, application-code: 74ms)
 GET /dashboard 200 in 122ms (next.js: 52ms, proxy.ts: 9ms, application-code: 61ms)
 GET /creator-studio 200 in 78ms (next.js: 20ms, proxy.ts: 5ms, application-code: 52ms)
 GET /creator-studio/pathways 200 in 73ms (next.js: 21ms, proxy.ts: 7ms, application-code: 44ms)
 GET /creator-studio/pathways/real-journey 200 in 1573ms (next.js: 1500ms, proxy.ts: 7ms, application-code: 65ms)
 GET /creator-studio/pathways/real-journey 200 in 163ms (next.js: 51ms, proxy.ts: 18ms, application-code: 93ms)
 GET /creator-studio 200 in 66ms (next.js: 4ms, proxy.ts: 5ms, application-code: 57ms)
 GET /dashboard 200 in 76ms (next.js: 9ms, proxy.ts: 10ms, application-code: 57ms)
 GET /settings 200 in 60ms (next.js: 36ms, proxy.ts: 8ms, application-code: 16ms)
 GET /settings/profile 200 in 81ms (next.js: 30ms, proxy.ts: 4ms, application-code: 47ms)
 GET /settings/profile 200 in 100ms (next.js: 5ms, proxy.ts: 5ms, application-code: 90ms)
 GET /dashboard 200 in 61ms (next.js: 1773µs, proxy.ts: 4ms, application-code: 56ms)
 GET / 200 in 211ms (next.js: 21ms, proxy.ts: 2ms, application-code: 188ms)
 GET /spaces 200 in 99ms (next.js: 28ms, proxy.ts: 11ms, application-code: 60ms)
[browser] Detected `scroll-behavior: smooth` on the `<html>` element. To disable smooth scrolling during route transitions, add `data-scroll-behavior="smooth"` to your <html> element. Learn more: https://nextjs.org/docs/messages/missing-data-scroll-behavior
 GET /spaces/fresh-collective 200 in 173ms (next.js: 51ms, proxy.ts: 5ms, application-code: 116ms)
 GET /spaces/fresh-collective 200 in 97ms (next.js: 26ms, proxy.ts: 4ms, application-code: 67ms)
 GET /spaces/fresh-collective/pathways/real-journey 200 in 77ms (next.js: 43ms, proxy.ts: 4ms, application-code: 30ms)
 GET /spaces/fresh-collective/pathways/growth 200 in 60ms (next.js: 28ms, proxy.ts: 3ms, application-code: 30ms)
 GET /dashboard 200 in 71ms (next.js: 3ms, proxy.ts: 4ms, application-code: 64ms)
 GET /creator-studio 200 in 62ms (next.js: 6ms, proxy.ts: 11ms, application-code: 46ms)
 GET /creator-studio/collective 200 in 84ms (next.js: 18ms, proxy.ts: 10ms, application-code: 56ms)
 GET /creator-studio/pathways 200 in 60ms (next.js: 5ms, proxy.ts: 3ms, application-code: 52ms)
 GET /creator-studio/pathways/growth 200 in 69ms (next.js: 27ms, proxy.ts: 5ms, application-code: 38ms)
 GET /creator-studio/pathways/growth 200 in 103ms (next.js: 36ms, proxy.ts: 5ms, application-code: 61ms)
 GET /creator-studio/collective 200 in 59ms (next.js: 3ms, proxy.ts: 7ms, application-code: 49ms)
 GET /creator-studio/people 200 in 52ms (next.js: 17ms, proxy.ts: 3ms, application-code: 31ms)
 GET /creator-studio/pathways 200 in 97ms (next.js: 5ms, proxy.ts: 10ms, application-code: 82ms)
 GET /creator-studio/pathways/real-journey 200 in 91ms (next.js: 36ms, proxy.ts: 6ms, application-code: 50ms)
 GET /dashboard 200 in 64ms (next.js: 6ms, proxy.ts: 8ms, application-code: 50ms)
 GET /creator-studio 200 in 178ms (next.js: 36ms, proxy.ts: 14ms, application-code: 127ms)
 GET /creator-studio/pathways 200 in 66ms (next.js: 3ms, proxy.ts: 3ms, application-code: 60ms)
 GET /creator-studio/pathways/real-journey 200 in 194ms (next.js: 66ms, proxy.ts: 7ms, application-code: 121ms)
 GET /creator-studio/pathways 200 in 47ms (next.js: 2ms, proxy.ts: 2ms, application-code: 43ms)
 GET /creator-studio/pathways 200 in 41ms (next.js: 6ms, proxy.ts: 6ms, application-code: 29ms)
✓ Compiled in 52ms
✓ Compiled in 71ms
[browser] ./src/app/creator-studio/pathways/[pathwaySlug]/EditPathwayClient.tsx:537:7
Expected corresponding JSX closing tag for <div>
  535 |       </div>
  536 |
> 537 |     </form>
      |       ^^^^
  538 |   )
  539 | }
  540 |

Parsing ecmascript source code failed

Import trace:
  Server Component:
    ./src/app/creator-studio/pathways/[pathwaySlug]/EditPathwayClient.tsx
    ./src/app/creator-studio/pathways/[pathwaySlug]/page.tsx 
[browser] ./src/app/creator-studio/pathways/[pathwaySlug]/EditPathwayClient.tsx:537:7
Expected corresponding JSX closing tag for <div>
  535 |       </div>
  536 |
> 537 |     </form>
      |       ^^^^
  538 |   )
  539 | }
  540 |

Parsing ecmascript source code failed

Import trace:
  Server Component:
    ./src/app/creator-studio/pathways/[pathwaySlug]/EditPathwayClient.tsx
    ./src/app/creator-studio/pathways/[pathwaySlug]/page.tsx 
✓ Compiled in 52ms
[browser] ./src/app/creator-studio/pathways/[pathwaySlug]/EditPathwayClient.tsx:468:5
Expected ',', got '{'
  466 |     </div>
  467 |
> 468 |     {/* ── Pathway structure — separate section below details ── */}
      |     ^
  469 |       <div className="rounded-2xl border border-border bg-white p-6">
  470 |         <div className="mb-4 flex items-center justify-between">
  471 |           <div>

Parsing ecmascript source code failed

Import trace:
  Server Component:
    ./src/app/creator-studio/pathways/[pathwaySlug]/EditPathwayClient.tsx
    ./src/app/creator-studio/pathways/[pathwaySlug]/page.tsx 
[browser] ./src/app/creator-studio/pathways/[pathwaySlug]/EditPathwayClient.tsx:468:5
Expected ',', got '{'
  466 |     </div>
  467 |
> 468 |     {/* ── Pathway structure — separate section below details ── */}
      |     ^
  469 |       <div className="rounded-2xl border border-border bg-white p-6">
  470 |         <div className="mb-4 flex items-center justify-between">
  471 |           <div>

Parsing ecmascript source code failed

Import trace:
  Server Component:
    ./src/app/creator-studio/pathways/[pathwaySlug]/EditPathwayClient.tsx
    ./src/app/creator-studio/pathways/[pathwaySlug]/page.tsx 
✓ Compiled in 63ms
 GET /creator-studio/pathways 200 in 65ms (next.js: 6ms, proxy.ts: 6ms, application-code: 54ms)
 GET /creator-studio/gatherings 200 in 194ms (next.js: 75ms, proxy.ts: 16ms, application-code: 102ms)
 GET /creator-studio/resources 200 in 99ms (next.js: 32ms, proxy.ts: 2ms, application-code: 65ms)
 GET /creator/spaces/fresh-collective/pathways/real-journey 200 in 114ms (next.js: 42ms, proxy.ts: 3ms, application-code: 69ms)
 GET /creator-studio/collective 200 in 68ms (next.js: 2ms, proxy.ts: 3ms, application-code: 63ms)
 GET /api/uploads/covers/0e61c310c1a74f82b57afaa1346ad853_8_Things_Your_Human_Design_Can_Help_With.jpg 404 in 92ms (next.js: 52ms, application-code: 40ms)
 GET /creator-studio/pathways 200 in 37ms (next.js: 1765µs, proxy.ts: 2ms, application-code: 33ms)
 GET /creator-studio/collective 200 in 49ms (next.js: 1343µs, proxy.ts: 1704µs, application-code: 45ms)
 GET /creator-studio/settings 200 in 94ms (next.js: 21ms, proxy.ts: 10ms, application-code: 62ms)
 GET /creator-studio/pathways 200 in 56ms (next.js: 2ms, proxy.ts: 2ms, application-code: 52ms)
 GET /dashboard 200 in 55ms (next.js: 1928µs, proxy.ts: 2ms, application-code: 51ms)
 GET /spaces/fresh-collective 200 in 263ms (next.js: 67ms, proxy.ts: 29ms, application-code: 167ms)
 GET /spaces/fresh-collective/pathways 200 in 325ms (next.js: 274ms, proxy.ts: 2ms, application-code: 49ms)
 GET /spaces/fresh-collective/community 200 in 285ms (next.js: 250ms, proxy.ts: 5ms, application-code: 30ms)
 GET /spaces/fresh-collective/events 200 in 276ms (next.js: 246ms, proxy.ts: 3ms, application-code: 28ms)
 GET /spaces/fresh-collective/members 200 in 296ms (next.js: 270ms, proxy.ts: 3ms, application-code: 23ms)
 GET /spaces/fresh-collective 200 in 89ms (next.js: 30ms, proxy.ts: 7ms, application-code: 52ms)
 GET /dashboard 200 in 55ms (next.js: 1823µs, proxy.ts: 4ms, application-code: 49ms)
✓ Compiled in 334ms
 GET /dashboard 200 in 167ms (next.js: 8ms, proxy.ts: 72ms, application-code: 87ms)
 GET /dashboard 200 in 382ms (next.js: 215ms, proxy.ts: 90ms, application-code: 77ms)
 GET /dashboard 200 in 37ms (next.js: 4ms, proxy.ts: 5ms, application-code: 29ms)
✓ Compiled in 0ms
 GET /dashboard 200 in 39ms (next.js: 2ms, proxy.ts: 2ms, application-code: 34ms)
 GET /dashboard 200 in 48ms (next.js: 3ms, proxy.ts: 3ms, application-code: 41ms)
 GET /dashboard 200 in 96ms (next.js: 1789µs, proxy.ts: 3ms, application-code: 92ms)
 GET /dashboard 200 in 34ms (next.js: 1723µs, proxy.ts: 6ms, application-code: 27ms)
 GET /dashboard 200 in 27ms (next.js: 2ms, proxy.ts: 7ms, application-code: 18ms)
 GET /dashboard 200 in 25ms (next.js: 1567µs, proxy.ts: 1793µs, application-code: 21ms)
 GET /dashboard 200 in 42ms (next.js: 3ms, proxy.ts: 3ms, application-code: 36ms)
 GET /dashboard 200 in 34ms (next.js: 1236µs, proxy.ts: 4ms, application-code: 29ms)
 GET /dashboard 200 in 19ms (next.js: 971µs, proxy.ts: 2ms, application-code: 15ms)
 GET /dashboard 200 in 19ms (next.js: 1318µs, proxy.ts: 1853µs, application-code: 16ms)
 GET /dashboard 200 in 17ms (next.js: 1014µs, proxy.ts: 1676µs, application-code: 14ms)
 GET /dashboard 200 in 24ms (next.js: 885µs, proxy.ts: 1289µs, application-code: 21ms)
 GET /dashboard 200 in 28ms (next.js: 1322µs, proxy.ts: 3ms, application-code: 24ms)
 GET /dashboard 200 in 27ms (next.js: 1376µs, proxy.ts: 4ms, application-code: 22ms)
 GET /dashboard 200 in 142ms (next.js: 15ms, proxy.ts: 3ms, application-code: 125ms)
 GET /dashboard 200 in 144ms (next.js: 3ms, proxy.ts: 3ms, application-code: 138ms)
 GET /dashboard 200 in 105ms (next.js: 4ms, proxy.ts: 5ms, application-code: 96ms)
 GET /dashboard 200 in 105ms (next.js: 18ms, proxy.ts: 5ms, application-code: 82ms)
 GET /dashboard 200 in 138ms (next.js: 43ms, proxy.ts: 4ms, application-code: 90ms)
 GET /dashboard 200 in 147ms (next.js: 58ms, proxy.ts: 4ms, application-code: 84ms)
 GET /dashboard 200 in 143ms (next.js: 5ms, proxy.ts: 5ms, application-code: 133ms)
 GET /dashboard 200 in 142ms (next.js: 16ms, proxy.ts: 5ms, application-code: 122ms)
 GET /dashboard 200 in 141ms (next.js: 10ms, proxy.ts: 46ms, application-code: 86ms)
 GET /dashboard 200 in 110ms (next.js: 18ms, proxy.ts: 17ms, application-code: 75ms)
 GET /dashboard 200 in 145ms (next.js: 37ms, proxy.ts: 8ms, application-code: 100ms)
 GET /dashboard 200 in 142ms (next.js: 28ms, proxy.ts: 36ms, application-code: 77ms)
 GET /dashboard 200 in 158ms (next.js: 7ms, proxy.ts: 3ms, application-code: 147ms)
 GET /dashboard 200 in 158ms (next.js: 23ms, proxy.ts: 4ms, application-code: 131ms)
 GET /dashboard 200 in 115ms (next.js: 6ms, proxy.ts: 10ms, application-code: 100ms)
 GET /dashboard 200 in 110ms (next.js: 24ms, proxy.ts: 5ms, application-code: 80ms)
 GET /dashboard 200 in 128ms (next.js: 36ms, proxy.ts: 19ms, application-code: 73ms)
 GET /dashboard 200 in 150ms (next.js: 22ms, proxy.ts: 49ms, application-code: 79ms)
 GET /dashboard 200 in 147ms (next.js: 5ms, proxy.ts: 3ms, application-code: 140ms)
 GET /dashboard 200 in 150ms (next.js: 24ms, proxy.ts: 5ms, application-code: 121ms)
 GET /dashboard 200 in 147ms (next.js: 19ms, proxy.ts: 41ms, application-code: 87ms)
 GET /dashboard 200 in 127ms (next.js: 25ms, proxy.ts: 35ms, application-code: 67ms)
 GET /dashboard 200 in 104ms (next.js: 23ms, proxy.ts: 31ms, application-code: 50ms)
 GET /dashboard 200 in 111ms (next.js: 26ms, proxy.ts: 25ms, application-code: 60ms)
 GET /dashboard 200 in 134ms (next.js: 16ms, proxy.ts: 4ms, application-code: 114ms)
 GET /dashboard 200 in 134ms (next.js: 6ms, proxy.ts: 3ms, application-code: 125ms)
 GET /dashboard 200 in 132ms (next.js: 40ms, proxy.ts: 4ms, application-code: 88ms)
 GET /dashboard 200 in 140ms (next.js: 24ms, proxy.ts: 37ms, application-code: 79ms)
 GET /dashboard 200 in 112ms (next.js: 31ms, proxy.ts: 25ms, application-code: 56ms)
 GET /dashboard 200 in 126ms (next.js: 23ms, proxy.ts: 32ms, application-code: 71ms)
 GET /dashboard 200 in 124ms (next.js: 5ms, proxy.ts: 6ms, application-code: 113ms)
 GET /dashboard 200 in 124ms (next.js: 20ms, proxy.ts: 7ms, application-code: 97ms)
 GET /dashboard 200 in 125ms (next.js: 38ms, proxy.ts: 8ms, application-code: 79ms)
 GET /dashboard 200 in 124ms (next.js: 27ms, proxy.ts: 38ms, application-code: 60ms)
 GET /dashboard 200 in 106ms (next.js: 18ms, proxy.ts: 43ms, application-code: 45ms)
 GET /dashboard 200 in 122ms (next.js: 22ms, proxy.ts: 17ms, application-code: 83ms)
 GET /dashboard 200 in 131ms (next.js: 5ms, proxy.ts: 4ms, application-code: 122ms)
 GET /dashboard 200 in 132ms (next.js: 16ms, proxy.ts: 4ms, application-code: 112ms)
 GET /dashboard 200 in 135ms (next.js: 40ms, proxy.ts: 4ms, application-code: 90ms)
 GET /dashboard 200 in 106ms (next.js: 3ms, proxy.ts: 24ms, application-code: 80ms)
 GET /dashboard 200 in 107ms (next.js: 24ms, proxy.ts: 24ms, application-code: 60ms)
 GET /dashboard 200 in 144ms (next.js: 1553µs, proxy.ts: 40ms, application-code: 102ms)
 GET /dashboard 200 in 148ms (next.js: 4ms, proxy.ts: 16ms, application-code: 128ms)
 GET /dashboard 200 in 137ms (next.js: 25ms, proxy.ts: 4ms, application-code: 108ms)
 GET /dashboard 200 in 137ms (next.js: 39ms, proxy.ts: 4ms, application-code: 94ms)
 GET /dashboard 200 in 118ms (next.js: 6ms, proxy.ts: 40ms, application-code: 72ms)
 GET /dashboard 200 in 115ms (next.js: 19ms, proxy.ts: 39ms, application-code: 56ms)
 GET /dashboard 200 in 129ms (next.js: 1531µs, proxy.ts: 31ms, application-code: 96ms)
 GET /dashboard 200 in 130ms (next.js: 5ms, proxy.ts: 3ms, application-code: 122ms)
 GET /dashboard 200 in 135ms (next.js: 29ms, proxy.ts: 5ms, application-code: 101ms)
 GET /dashboard 200 in 137ms (next.js: 46ms, proxy.ts: 4ms, application-code: 87ms)
 GET /dashboard 200 in 118ms (next.js: 16ms, proxy.ts: 49ms, application-code: 53ms)
 GET /dashboard 200 in 134ms (next.js: 8ms, proxy.ts: 49ms, application-code: 77ms)
 GET /dashboard 200 in 108ms (next.js: 1705µs, proxy.ts: 7ms, application-code: 99ms)
 GET /dashboard 200 in 112ms (next.js: 3ms, proxy.ts: 6ms, application-code: 103ms)
 GET /dashboard 200 in 130ms (next.js: 7ms, proxy.ts: 16ms, application-code: 108ms)
 GET /dashboard 200 in 119ms (next.js: 22ms, proxy.ts: 7ms, application-code: 90ms)
 GET /dashboard 200 in 135ms (next.js: 42ms, proxy.ts: 23ms, application-code: 70ms)
 GET /dashboard 200 in 140ms (next.js: 33ms, proxy.ts: 5ms, application-code: 101ms)
 GET /dashboard 200 in 153ms (next.js: 3ms, proxy.ts: 24ms, application-code: 126ms)
 GET /dashboard 200 in 132ms (next.js: 3ms, proxy.ts: 23ms, application-code: 106ms)
 GET /dashboard 200 in 134ms (next.js: 6ms, proxy.ts: 23ms, application-code: 105ms)
 GET /dashboard 200 in 121ms (next.js: 21ms, proxy.ts: 10ms, application-code: 90ms)
 GET /dashboard 200 in 125ms (next.js: 28ms, proxy.ts: 21ms, application-code: 76ms)
 GET /dashboard 200 in 128ms (next.js: 25ms, proxy.ts: 37ms, application-code: 66ms)
 GET /dashboard 200 in 142ms (next.js: 2ms, proxy.ts: 2ms, application-code: 138ms)
 GET /dashboard 200 in 146ms (next.js: 3ms, proxy.ts: 26ms, application-code: 117ms)
 GET /dashboard 200 in 137ms (next.js: 6ms, proxy.ts: 18ms, application-code: 113ms)
 GET /dashboard 200 in 126ms (next.js: 27ms, proxy.ts: 7ms, application-code: 92ms)
 GET /dashboard 200 in 136ms (next.js: 27ms, proxy.ts: 25ms, application-code: 84ms)
 GET /dashboard 200 in 144ms (next.js: 24ms, proxy.ts: 45ms, application-code: 75ms)
 GET /dashboard 200 in 120ms (next.js: 1900µs, proxy.ts: 2ms, application-code: 116ms)
 GET /dashboard 200 in 124ms (next.js: 3ms, proxy.ts: 18ms, application-code: 102ms)
 GET /dashboard 200 in 143ms (next.js: 4ms, proxy.ts: 26ms, application-code: 113ms)
 GET /dashboard 200 in 129ms (next.js: 16ms, proxy.ts: 12ms, application-code: 101ms)
 GET /dashboard 200 in 120ms (next.js: 27ms, proxy.ts: 16ms, application-code: 78ms)
 GET /dashboard 200 in 120ms (next.js: 22ms, proxy.ts: 34ms, application-code: 63ms)
 GET /dashboard 200 in 82ms (next.js: 2ms, proxy.ts: 3ms, application-code: 76ms)
 GET /dashboard 200 in 276ms (next.js: 12ms, proxy.ts: 33ms, application-code: 232ms)
 GET /dashboard 200 in 237ms (next.js: 17ms, proxy.ts: 2ms, application-code: 218ms)
 GET /dashboard 200 in 209ms (next.js: 7ms, proxy.ts: 108ms, application-code: 94ms)
 GET /dashboard 200 in 209ms (next.js: 22ms, proxy.ts: 108ms, application-code: 79ms)
 GET /dashboard 200 in 226ms (next.js: 40ms, proxy.ts: 108ms, application-code: 78ms)
 GET /dashboard 200 in 153ms (next.js: 61ms, proxy.ts: 5ms, application-code: 87ms)
 GET /dashboard 200 in 148ms (next.js: 5ms, proxy.ts: 7ms, application-code: 137ms)
 GET /dashboard 200 in 147ms (next.js: 24ms, proxy.ts: 6ms, application-code: 117ms)
 GET /dashboard 200 in 119ms (next.js: 5ms, proxy.ts: 34ms, application-code: 80ms)
 GET /dashboard 200 in 119ms (next.js: 16ms, proxy.ts: 34ms, application-code: 68ms)
 GET /dashboard 200 in 90ms (next.js: 33ms, proxy.ts: 6ms, application-code: 50ms)
 GET /dashboard 200 in 89ms (next.js: 33ms, proxy.ts: 34ms, application-code: 22ms)
 GET /dashboard 200 in 127ms (next.js: 11ms, proxy.ts: 6ms, application-code: 110ms)
 GET /dashboard 200 in 127ms (next.js: 21ms, proxy.ts: 6ms, application-code: 101ms)
 GET /dashboard 200 in 127ms (next.js: 33ms, proxy.ts: 12ms, application-code: 82ms)
 GET /dashboard 200 in 127ms (next.js: 48ms, proxy.ts: 12ms, application-code: 67ms)
 GET /dashboard 200 in 130ms (next.js: 63ms, proxy.ts: 12ms, application-code: 54ms)
 GET /dashboard 200 in 123ms (next.js: 41ms, proxy.ts: 47ms, application-code: 36ms)
 GET /dashboard 200 in 122ms (next.js: 8ms, proxy.ts: 6ms, application-code: 109ms)
 GET /dashboard 200 in 122ms (next.js: 17ms, proxy.ts: 6ms, application-code: 100ms)
 GET /dashboard 200 in 121ms (next.js: 30ms, proxy.ts: 7ms, application-code: 84ms)
 GET /dashboard 200 in 120ms (next.js: 54ms, proxy.ts: 8ms, application-code: 58ms)
 GET /dashboard 200 in 117ms (next.js: 70ms, proxy.ts: 6ms, application-code: 41ms)
 GET /dashboard 200 in 112ms (next.js: 25ms, proxy.ts: 69ms, application-code: 18ms)
✓ Compiled in 211ms
 GET /dashboard/explore 200 in 1143ms (next.js: 984ms, proxy.ts: 16ms, application-code: 142ms)
 GET /spaces/fresh-collective 200 in 304ms (next.js: 106ms, proxy.ts: 60ms, application-code: 138ms)
✓ Compiled in 389ms
 GET /spaces/fresh-collective 200 in 208ms (next.js: 59ms, proxy.ts: 59ms, application-code: 89ms)
 GET /spaces/fresh-collective 200 in 206ms (next.js: 98ms, proxy.ts: 7ms, application-code: 102ms)
✓ Compiled in 1ms
 GET /spaces/fresh-collective 200 in 69ms (next.js: 6ms, proxy.ts: 3ms, application-code: 60ms)
 GET /spaces/fresh-collective 200 in 67ms (next.js: 10ms, proxy.ts: 3ms, application-code: 54ms)
 GET /spaces/fresh-collective 200 in 49ms (next.js: 5ms, proxy.ts: 3ms, application-code: 41ms)
 GET /spaces/fresh-collective 200 in 38ms (next.js: 4ms, proxy.ts: 3ms, application-code: 31ms)
 GET /spaces/fresh-collective 200 in 38ms (next.js: 6ms, proxy.ts: 2ms, application-code: 30ms)
 GET /spaces/fresh-collective 200 in 68ms (next.js: 25ms, proxy.ts: 2ms, application-code: 41ms)
 GET /spaces/fresh-collective 200 in 64ms (next.js: 24ms, proxy.ts: 6ms, application-code: 34ms)
 GET /spaces/fresh-collective 200 in 81ms (next.js: 32ms, proxy.ts: 3ms, application-code: 46ms)
 GET /spaces/fresh-collective 200 in 54ms (next.js: 24ms, proxy.ts: 1603µs, application-code: 28ms)
 GET /spaces/fresh-collective 200 in 229ms (next.js: 30ms, proxy.ts: 12ms, application-code: 188ms)
[browser] ./src/components/spaces/PathwayProgressCard.tsx:94:1
Unexpected token. Did you mean `{'}'}` or `&rbrace;`?
  92 |     </div>
  93 |   )
> 94 | }
     | ^
  95 |

Parsing ecmascript source code failed

Import trace:
  Server Component:
    ./src/components/spaces/PathwayProgressCard.tsx
    ./src/app/spaces/[slug]/page.tsx 
 GET /spaces/fresh-collective 200 in 136ms (next.js: 48ms, proxy.ts: 10ms, application-code: 77ms)
✓ Compiled in 61ms
 GET /spaces/fresh-collective 200 in 137ms (next.js: 39ms, proxy.ts: 4ms, application-code: 94ms)
✓ Compiled in 65ms
 GET /spaces/fresh-collective 200 in 107ms (next.js: 50ms, proxy.ts: 3ms, application-code: 54ms)
 GET /spaces/fresh-collective 200 in 50ms (next.js: 8ms, proxy.ts: 7ms, application-code: 36ms)
✓ Compiled in 50ms
 GET /spaces/fresh-collective 200 in 69ms (next.js: 28ms, proxy.ts: 7ms, application-code: 34ms)
 GET /spaces/fresh-collective 200 in 77ms (next.js: 32ms, proxy.ts: 4ms, application-code: 41ms)
 GET /spaces/fresh-collective 200 in 86ms (next.js: 36ms, proxy.ts: 4ms, application-code: 45ms)
 GET /spaces/fresh-collective 200 in 100ms (next.js: 41ms, proxy.ts: 2ms, application-code: 56ms)
[browser] ./src/components/spaces/PathwayCard.tsx:52:1
Unexpected token. Did you mean `{'}'}` or `&rbrace;`?
  50 |     </div>
  51 |   )
> 52 | }
     | ^
  53 |

Parsing ecmascript source code failed

Import trace:
  Server Component:
    ./src/components/spaces/PathwayCard.tsx
    ./src/app/spaces/[slug]/pathways/page.tsx 
 GET /spaces/fresh-collective 200 in 402ms (next.js: 91ms, proxy.ts: 14ms, application-code: 298ms)
 GET /spaces/fresh-collective/pathways 200 in 229ms (next.js: 90ms, proxy.ts: 13ms, application-code: 125ms)
[browser] Detected `scroll-behavior: smooth` on the `<html>` element. To disable smooth scrolling during route transitions, add `data-scroll-behavior="smooth"` to your <html> element. Learn more: https://nextjs.org/docs/messages/missing-data-scroll-behavior
 GET /spaces/fresh-collective/community 200 in 143ms (next.js: 63ms, proxy.ts: 4ms, application-code: 77ms)
 GET /spaces/fresh-collective/events 200 in 120ms (next.js: 72ms, proxy.ts: 5ms, application-code: 44ms)
 GET /spaces/fresh-collective/members 200 in 72ms (next.js: 41ms, proxy.ts: 3ms, application-code: 28ms)
 GET /spaces/fresh-collective 200 in 316ms (next.js: 38ms, proxy.ts: 3ms, application-code: 275ms)
 GET /dashboard 200 in 47ms (next.js: 7ms, proxy.ts: 3ms, application-code: 38ms)
 GET /spaces/fresh-collective 200 in 197ms (next.js: 37ms, proxy.ts: 14ms, application-code: 145ms)
 GET /spaces/fresh-collective/pathways/real-journey/recognise 200 in 164ms (next.js: 56ms, proxy.ts: 7ms, application-code: 101ms)
 GET /spaces/fresh-collective/events/ev000001-0000-4000-8000-000000000001 200 in 337ms (next.js: 287ms, proxy.ts: 8ms, application-code: 43ms)
 GET /dashboard/explore 200 in 39ms (next.js: 5ms, proxy.ts: 3ms, application-code: 30ms)
 GET /creator-studio 200 in 89ms (next.js: 26ms, proxy.ts: 8ms, application-code: 55ms)
✓ Compiled in 135ms
 GET /dashboard 200 in 79ms (next.js: 5ms, proxy.ts: 21ms, application-code: 53ms)
✓ Compiled in 89ms
 GET /dashboard 200 in 59ms (next.js: 3ms, proxy.ts: 6ms, application-code: 49ms)
 GET /dashboard 200 in 66ms (next.js: 2ms, proxy.ts: 4ms, application-code: 59ms)
 GET /dashboard 200 in 158ms (next.js: 2ms, proxy.ts: 8ms, application-code: 148ms)
 GET /dashboard 200 in 158ms (next.js: 19ms, proxy.ts: 8ms, application-code: 131ms)
 GET /dashboard 200 in 103ms (next.js: 5ms, proxy.ts: 4ms, application-code: 95ms)
 GET /dashboard 200 in 103ms (next.js: 25ms, proxy.ts: 5ms, application-code: 72ms)
 GET /dashboard 200 in 102ms (next.js: 46ms, proxy.ts: 5ms, application-code: 51ms)
 GET /dashboard 200 in 101ms (next.js: 46ms, proxy.ts: 23ms, application-code: 32ms)
✓ Compiled in 47ms
 GET /dashboard 200 in 59ms (next.js: 17ms, proxy.ts: 3ms, application-code: 39ms)
 GET /dashboard 200 in 38ms (next.js: 2ms, proxy.ts: 6ms, application-code: 30ms)
✓ Compiled in 38ms
 GET /dashboard 200 in 24ms (next.js: 1049µs, proxy.ts: 3ms, application-code: 20ms)
✓ Compiled in 33ms
 GET /spaces/fresh-collective 200 in 228ms (next.js: 80ms, proxy.ts: 11ms, application-code: 138ms)
 GET /spaces/fresh-collective/pathways/real-journey/recognise 200 in 144ms (next.js: 55ms, proxy.ts: 3ms, application-code: 86ms)
 GET /spaces/fresh-collective/community 200 in 74ms (next.js: 39ms, proxy.ts: 3ms, application-code: 31ms)
 GET /spaces/fresh-collective/events 200 in 50ms (next.js: 23ms, proxy.ts: 1775µs, application-code: 26ms)
 GET /spaces/fresh-collective/members 200 in 140ms (next.js: 37ms, proxy.ts: 6ms, application-code: 97ms)
 GET /spaces/fresh-collective 200 in 91ms (next.js: 44ms, proxy.ts: 4ms, application-code: 43ms)
 GET /dashboard 200 in 63ms (next.js: 1942µs, proxy.ts: 2ms, application-code: 59ms)
 GET /spaces/fresh-collective 200 in 266ms (next.js: 56ms, proxy.ts: 14ms, application-code: 196ms)
 GET /spaces/fresh-collective/pathways/real-journey/recognise 200 in 146ms (next.js: 66ms, proxy.ts: 4ms, application-code: 77ms)
 GET /spaces/fresh-collective/community 200 in 181ms (next.js: 77ms, proxy.ts: 13ms, application-code: 91ms)
 GET /spaces/fresh-collective/community/po000001-0000-4000-8000-000000000002 200 in 1635ms (next.js: 1529ms, proxy.ts: 21ms, application-code: 85ms)
 GET /spaces/fresh-collective/events 200 in 121ms (next.js: 53ms, proxy.ts: 17ms, application-code: 51ms)
 GET /spaces/fresh-collective/events/ev000001-0000-4000-8000-000000000001 200 in 76ms (next.js: 31ms, proxy.ts: 2ms, application-code: 43ms)
 GET /spaces/fresh-collective/members 200 in 163ms (next.js: 45ms, proxy.ts: 43ms, application-code: 76ms)
 GET /spaces/fresh-collective 200 in 116ms (next.js: 44ms, proxy.ts: 9ms, application-code: 63ms)
 GET /spaces/fresh-collective/pathways/real-journey 200 in 102ms (next.js: 44ms, proxy.ts: 4ms, application-code: 54ms)
 GET /spaces/fresh-collective/pathways/real-journey/welcome 200 in 161ms (next.js: 54ms, proxy.ts: 14ms, application-code: 93ms)
 GET /dashboard 200 in 47ms (next.js: 3ms, proxy.ts: 5ms, application-code: 40ms)
 GET /dashboard/explore 200 in 41ms (next.js: 9ms, proxy.ts: 3ms, application-code: 30ms)
 GET /spaces/fresh-collective 200 in 118ms (next.js: 42ms, proxy.ts: 4ms, application-code: 72ms)
 GET /dashboard 200 in 131ms (next.js: 6ms, proxy.ts: 31ms, application-code: 94ms)
 GET /spaces/fresh-collective 200 in 138ms (next.js: 40ms, proxy.ts: 3ms, application-code: 94ms)
 GET /dashboard 200 in 45ms (next.js: 1754µs, proxy.ts: 2ms, application-code: 41ms)
✓ Compiled in 239ms
✓ Compiled in 136ms
 GET /dashboard 200 in 74ms (next.js: 3ms, proxy.ts: 25ms, application-code: 46ms)
✓ Compiled in 49ms
 GET /dashboard 200 in 76ms (next.js: 17ms, proxy.ts: 5ms, application-code: 54ms)
✓ Compiled in 357ms
 GET /dashboard 200 in 52ms (next.js: 6ms, proxy.ts: 6ms, application-code: 40ms)
 GET /dashboard 200 in 273ms (next.js: 30ms, proxy.ts: 46ms, application-code: 197ms)
 GET /dashboard 200 in 140ms (next.js: 21ms, proxy.ts: 10ms, application-code: 109ms)
 GET /dashboard 200 in 147ms (next.js: 5ms, proxy.ts: 5ms, application-code: 136ms)
 GET /dashboard 200 in 30ms (next.js: 2ms, proxy.ts: 1919µs, application-code: 26ms)
 GET /dashboard 200 in 35ms (next.js: 3ms, proxy.ts: 3ms, application-code: 29ms)
 GET /dashboard 200 in 25ms (next.js: 1143µs, proxy.ts: 2ms, application-code: 21ms)
 GET /dashboard 200 in 21ms (next.js: 1906µs, proxy.ts: 1540µs, application-code: 17ms)
 GET /dashboard 200 in 24ms (next.js: 1197µs, proxy.ts: 5ms, application-code: 18ms)
 GET /dashboard 200 in 20ms (next.js: 3ms, proxy.ts: 2ms, application-code: 15ms)
✓ Compiled in 88ms
 GET /dashboard 200 in 52ms (next.js: 3ms, proxy.ts: 3ms, application-code: 46ms)
 GET /dashboard 200 in 27ms (next.js: 3ms, proxy.ts: 3ms, application-code: 21ms)
 GET /dashboard 200 in 24ms (next.js: 2ms, proxy.ts: 2ms, application-code: 19ms)
 GET /dashboard 200 in 25ms (next.js: 1652µs, proxy.ts: 2ms, application-code: 21ms)
✓ Compiled in 66ms
 GET /dashboard 200 in 29ms (next.js: 1413µs, proxy.ts: 11ms, application-code: 16ms)
✓ Compiled in 158ms
 GET /dashboard 200 in 70ms (next.js: 5ms, proxy.ts: 10ms, application-code: 55ms)
 GET /dashboard 200 in 42ms (next.js: 2ms, proxy.ts: 2ms, application-code: 38ms)
✓ Compiled in 57ms
 GET /dashboard 200 in 29ms (next.js: 2ms, proxy.ts: 3ms, application-code: 24ms)
✓ Compiled in 42ms
 GET /dashboard 200 in 20ms (next.js: 1253µs, proxy.ts: 1950µs, application-code: 17ms)
✓ Compiled in 30ms
 GET /dashboard 200 in 26ms (next.js: 1269µs, proxy.ts: 2ms, application-code: 23ms)
✓ Compiled in 45ms
 GET /dashboard 200 in 36ms (next.js: 1929µs, proxy.ts: 4ms, application-code: 30ms)
✓ Compiled in 34ms
 GET /dashboard 200 in 29ms (next.js: 1573µs, proxy.ts: 3ms, application-code: 24ms)
✓ Compiled in 42ms
✓ Compiled in 121ms
 GET /dashboard 200 in 96ms (next.js: 8ms, proxy.ts: 9ms, application-code: 79ms)
✓ Compiled in 36ms
 GET /dashboard 200 in 39ms (next.js: 1238µs, proxy.ts: 4ms, application-code: 34ms)
 GET /dashboard 200 in 29ms (next.js: 1978µs, proxy.ts: 3ms, application-code: 24ms)
✓ Compiled in 30ms
 GET /dashboard 200 in 24ms (next.js: 1384µs, proxy.ts: 2ms, application-code: 20ms)
✓ Compiled in 28ms
 GET /dashboard 200 in 25ms (next.js: 1088µs, proxy.ts: 1707µs, application-code: 22ms)
✓ Compiled in 29ms
 GET /dashboard 200 in 26ms (next.js: 1599µs, proxy.ts: 1946µs, application-code: 23ms)
✓ Compiled in 34ms
 GET /dashboard 200 in 26ms (next.js: 1371µs, proxy.ts: 2ms, application-code: 22ms)
✓ Compiled in 25ms
 GET /dashboard 200 in 26ms (next.js: 1045µs, proxy.ts: 1457µs, application-code: 23ms)
✓ Compiled in 31ms
 GET /dashboard 200 in 17ms (next.js: 1072µs, proxy.ts: 1714µs, application-code: 15ms)
✓ Compiled in 24ms
 GET /dashboard 200 in 28ms (next.js: 1503µs, proxy.ts: 1817µs, application-code: 24ms)
✓ Compiled in 28ms
 GET /dashboard 200 in 25ms (next.js: 1709µs, proxy.ts: 2ms, application-code: 21ms)
✓ Compiled in 27ms
 GET /dashboard 200 in 23ms (next.js: 1086µs, proxy.ts: 1633µs, application-code: 21ms)
✓ Compiled in 32ms
✓ Compiled in 53ms
 GET /dashboard 200 in 58ms (next.js: 3ms, proxy.ts: 5ms, application-code: 50ms)
 GET /spaces/fresh-collective 200 in 223ms (next.js: 58ms, proxy.ts: 11ms, application-code: 153ms)
 GET /spaces/fresh-collective/pathways/real-journey/recognise 200 in 111ms (next.js: 38ms, proxy.ts: 12ms, application-code: 61ms)
 GET /spaces/fresh-collective/community 200 in 96ms (next.js: 38ms, proxy.ts: 5ms, application-code: 53ms)
 GET /spaces/fresh-collective/events 200 in 64ms (next.js: 30ms, proxy.ts: 2ms, application-code: 32ms)
 GET /spaces/fresh-collective/members 200 in 90ms (next.js: 36ms, proxy.ts: 5ms, application-code: 49ms)
 GET /spaces/fresh-collective 200 in 160ms (next.js: 67ms, proxy.ts: 12ms, application-code: 81ms)
 GET /spaces/fresh-collective/pathways/real-journey 200 in 70ms (next.js: 33ms, proxy.ts: 6ms, application-code: 31ms)
✓ Compiled in 184ms
 GET /spaces/fresh-collective/pathways/real-journey 200 in 162ms (next.js: 56ms, proxy.ts: 23ms, application-code: 83ms)
✓ Compiled in 44ms
 GET /spaces/fresh-collective/pathways/real-journey 200 in 68ms (next.js: 31ms, proxy.ts: 2ms, application-code: 35ms)
 GET /spaces/fresh-collective/pathways/real-journey 200 in 61ms (next.js: 25ms, proxy.ts: 4ms, application-code: 31ms)
 GET /spaces/fresh-collective/pathways/real-journey 200 in 40ms (next.js: 5ms, proxy.ts: 5ms, application-code: 31ms)
 GET /spaces/fresh-collective/pathways/real-journey 200 in 39ms (next.js: 5ms, proxy.ts: 6ms, application-code: 28ms)
 GET /spaces/fresh-collective/pathways/real-journey 200 in 104ms (next.js: 4ms, proxy.ts: 2ms, application-code: 97ms)
 GET /spaces/fresh-collective/pathways/real-journey 200 in 150ms (next.js: 27ms, proxy.ts: 5ms, application-code: 117ms)
 GET /spaces/fresh-collective/pathways/real-journey 200 in 345ms (next.js: 46ms, proxy.ts: 3ms, application-code: 295ms)
 GET /spaces/fresh-collective/pathways/real-journey 200 in 64ms (next.js: 12ms, proxy.ts: 2ms, application-code: 51ms)
 GET /spaces/fresh-collective/pathways/real-journey 200 in 72ms (next.js: 7ms, proxy.ts: 4ms, application-code: 61ms)
 GET /spaces/fresh-collective/pathways/real-journey 200 in 38ms (next.js: 5ms, proxy.ts: 1818µs, application-code: 31ms)
 GET /spaces/fresh-collective/pathways/real-journey 200 in 90ms (next.js: 31ms, proxy.ts: 5ms, application-code: 54ms)
 GET /spaces/fresh-collective 200 in 112ms (next.js: 38ms, proxy.ts: 3ms, application-code: 71ms)
✓ Compiled in 49ms
 GET /spaces/fresh-collective 200 in 81ms (next.js: 35ms, proxy.ts: 3ms, application-code: 43ms)
✓ Compiled in 42ms
 GET /spaces/fresh-collective 200 in 64ms (next.js: 25ms, proxy.ts: 2ms, application-code: 37ms)
 GET /spaces/fresh-collective/community 200 in 115ms (next.js: 50ms, proxy.ts: 4ms, application-code: 61ms)
 GET /spaces/fresh-collective/events 200 in 65ms (next.js: 29ms, proxy.ts: 2ms, application-code: 34ms)
 GET /spaces/fresh-collective/members 200 in 96ms (next.js: 40ms, proxy.ts: 12ms, application-code: 45ms)
 GET /spaces/fresh-collective 200 in 86ms (next.js: 27ms, proxy.ts: 4ms, application-code: 54ms)
✓ Compiled in 94ms
 GET /spaces/fresh-collective 200 in 171ms (next.js: 36ms, proxy.ts: 7ms, application-code: 127ms)
✓ Compiled in 32ms
 GET /spaces/fresh-collective 200 in 81ms (next.js: 31ms, proxy.ts: 4ms, application-code: 46ms)
✓ Compiled in 32ms
 GET /spaces/fresh-collective 200 in 80ms (next.js: 25ms, proxy.ts: 1952µs, application-code: 53ms)
 GET /spaces/fresh-collective/pathways 200 in 170ms (next.js: 57ms, proxy.ts: 30ms, application-code: 83ms)
 GET /spaces/fresh-collective 200 in 201ms (next.js: 40ms, proxy.ts: 11ms, application-code: 149ms)
✓ Compiled in 300ms
 GET /spaces/fresh-collective 200 in 400ms (next.js: 159ms, proxy.ts: 111ms, application-code: 129ms)
 GET /spaces/fresh-collective 200 in 152ms (next.js: 9ms, proxy.ts: 72ms, application-code: 72ms)
 GET /spaces/fresh-collective 200 in 72ms (next.js: 7ms, proxy.ts: 5ms, application-code: 60ms)
 GET /spaces/fresh-collective 200 in 251ms (next.js: 142ms, proxy.ts: 2ms, application-code: 106ms)
 GET /spaces/fresh-collective 200 in 498ms (next.js: 9ms, proxy.ts: 83ms, application-code: 407ms)
 GET /spaces/fresh-collective 200 in 78ms (next.js: 35ms, proxy.ts: 2ms, application-code: 41ms)
 GET /spaces/fresh-collective 200 in 75ms (next.js: 27ms, proxy.ts: 9ms, application-code: 39ms)
 GET /spaces/fresh-collective 200 in 48ms (next.js: 3ms, proxy.ts: 3ms, application-code: 43ms)
 GET /spaces/fresh-collective 200 in 40ms (next.js: 6ms, proxy.ts: 2ms, application-code: 32ms)
 GET /spaces/fresh-collective 200 in 32ms (next.js: 2ms, proxy.ts: 1890µs, application-code: 28ms)
 GET /spaces/fresh-collective 200 in 44ms (next.js: 3ms, proxy.ts: 3ms, application-code: 38ms)
 GET /spaces/fresh-collective 200 in 30ms (next.js: 4ms, proxy.ts: 1905µs, application-code: 24ms)
 GET /spaces/fresh-collective 200 in 59ms (next.js: 10ms, proxy.ts: 3ms, application-code: 46ms)
 GET /spaces/fresh-collective 200 in 242ms (next.js: 47ms, proxy.ts: 4ms, application-code: 191ms)
 GET /spaces/fresh-collective 200 in 245ms (next.js: 158ms, proxy.ts: 5ms, application-code: 81ms)
✓ Compiled in 388ms
 GET /spaces/fresh-collective 200 in 222ms (next.js: 134ms, proxy.ts: 15ms, application-code: 73ms)
 GET /spaces/fresh-collective 200 in 92ms (next.js: 6ms, proxy.ts: 49ms, application-code: 37ms)
 GET /spaces/fresh-collective 200 in 60ms (next.js: 4ms, proxy.ts: 5ms, application-code: 50ms)
✓ Compiled in 46ms
 GET /spaces/fresh-collective 200 in 67ms (next.js: 30ms, proxy.ts: 2ms, application-code: 35ms)
✓ Compiled in 162ms
 GET /spaces/fresh-collective 200 in 147ms (next.js: 68ms, proxy.ts: 37ms, application-code: 42ms)
 GET /spaces/fresh-collective 200 in 108ms (next.js: 7ms, proxy.ts: 3ms, application-code: 98ms)
✓ Compiled in 49ms
 GET /spaces/fresh-collective 200 in 104ms (next.js: 30ms, proxy.ts: 4ms, application-code: 69ms)
✓ Compiled in 278ms
 GET /spaces/fresh-collective 200 in 138ms (next.js: 30ms, proxy.ts: 3ms, application-code: 105ms)
 GET /spaces/fresh-collective 200 in 168ms (next.js: 71ms, proxy.ts: 44ms, application-code: 54ms)
 GET /spaces/fresh-collective 200 in 56ms (next.js: 25ms, proxy.ts: 3ms, application-code: 28ms)
 GET /dashboard 200 in 213ms (next.js: 38ms, proxy.ts: 38ms, application-code: 136ms)
 GET /spaces/fresh-collective 200 in 121ms (next.js: 23ms, proxy.ts: 24ms, application-code: 74ms)
 GET /spaces/fresh-collective/pathways 200 in 96ms (next.js: 54ms, proxy.ts: 4ms, application-code: 38ms)
 GET /spaces/fresh-collective/community 200 in 89ms (next.js: 51ms, proxy.ts: 3ms, application-code: 35ms)
 GET /spaces/fresh-collective/events 200 in 95ms (next.js: 51ms, proxy.ts: 3ms, application-code: 41ms)
 GET /spaces/fresh-collective/members 200 in 123ms (next.js: 56ms, proxy.ts: 8ms, application-code: 59ms)
 GET /spaces/fresh-collective/events 200 in 85ms (next.js: 37ms, proxy.ts: 15ms, application-code: 33ms)
 GET /spaces/fresh-collective 200 in 310ms (next.js: 39ms, proxy.ts: 6ms, application-code: 266ms)
 GET /creator-studio 200 in 321ms (next.js: 33ms, proxy.ts: 9ms, application-code: 279ms)
 GET /creator-studio/collective 200 in 115ms (next.js: 34ms, proxy.ts: 6ms, application-code: 75ms)
[browser] Detected `scroll-behavior: smooth` on the `<html>` element. To disable smooth scrolling during route transitions, add `data-scroll-behavior="smooth"` to your <html> element. Learn more: https://nextjs.org/docs/messages/missing-data-scroll-behavior
 GET /creator-studio/settings 200 in 65ms (next.js: 19ms, proxy.ts: 4ms, application-code: 42ms)
 GET /creator-studio/settings 200 in 163ms (next.js: 8ms, proxy.ts: 11ms, application-code: 144ms)
 GET /creator-studio/collective 200 in 122ms (next.js: 6ms, proxy.ts: 3ms, application-code: 113ms)
 GET /api/uploads/covers/b0407fbe728d4473bb0377e48e5e133a_8_Things_Your_Human_Design_Can_Help_With.jpg 404 in 57ms (next.js: 23ms, application-code: 35ms)
✓ Compiled in 529ms
 GET /creator-studio/collective 200 in 59ms (next.js: 9ms, proxy.ts: 10ms, application-code: 39ms)
 GET /creator-studio/collective 200 in 29ms (next.js: 1207µs, proxy.ts: 3ms, application-code: 25ms)
 GET /creator-studio/collective 200 in 26ms (next.js: 1132µs, proxy.ts: 3ms, application-code: 22ms)
 GET /creator-studio/collective 200 in 21ms (next.js: 1003µs, proxy.ts: 1425µs, application-code: 19ms)
 GET /creator-studio/collective 200 in 22ms (next.js: 969µs, proxy.ts: 3ms, application-code: 18ms)
 GET /creator-studio/collective 200 in 85ms (next.js: 1776µs, proxy.ts: 2ms, application-code: 80ms)
 GET /creator-studio/collective 200 in 85ms (next.js: 16ms, proxy.ts: 3ms, application-code: 66ms)
 GET /creator-studio/collective 200 in 43ms (next.js: 1874µs, proxy.ts: 2ms, application-code: 39ms)
 GET /creator-studio/collective 200 in 43ms (next.js: 16ms, proxy.ts: 2ms, application-code: 25ms)
✓ Compiled in 30ms
 GET /creator-studio/collective 200 in 42ms (next.js: 1328µs, proxy.ts: 2ms, application-code: 39ms)
 GET /creator-studio/collective 200 in 27ms (next.js: 1195µs, proxy.ts: 7ms, application-code: 18ms)
✓ Compiled in 33ms
 GET /spaces/fresh-collective 200 in 422ms (next.js: 90ms, proxy.ts: 10ms, application-code: 323ms)
 GET /api/uploads/covers/b0407fbe728d4473bb0377e48e5e133a_8_Things_Your_Human_Design_Can_Help_With.jpg 404 in 420ms (next.js: 14ms, application-code: 406ms)
 GET /creator-studio/pathways 200 in 182ms (next.js: 40ms, proxy.ts: 20ms, application-code: 123ms)
 GET /creator-studio/pathways/real-journey 200 in 152ms (next.js: 83ms, proxy.ts: 9ms, application-code: 59ms)
 GET /api/uploads/pathway-covers/760e08b695e84602a3ad19e870709bb8_German_sheperd_1200x800.jpg 404 in 217ms (next.js: 25ms, application-code: 192ms)
 GET /creator-studio/pathways/real-journey 200 in 308ms (next.js: 187ms, proxy.ts: 22ms, application-code: 99ms)
 GET /creator-studio/pathways/real-journey 200 in 100ms (next.js: 41ms, proxy.ts: 7ms, application-code: 52ms)
 GET /spaces/fresh-collective 200 in 145ms (next.js: 37ms, proxy.ts: 3ms, application-code: 106ms)
 GET /api/uploads/covers/b0407fbe728d4473bb0377e48e5e133a_8_Things_Your_Human_Design_Can_Help_With.jpg 404 in 89ms (next.js: 6ms, application-code: 83ms)
 GET /api/uploads/pathway-covers/760e08b695e84602a3ad19e870709bb8_German_sheperd_1200x800.jpg 404 in 89ms (next.js: 24ms, application-code: 65ms)
 GET /creator-studio/pathways/real-journey 200 in 249ms (next.js: 51ms, proxy.ts: 15ms, application-code: 183ms)
 GET /api/uploads/pathway-covers/760e08b695e84602a3ad19e870709bb8_German_sheperd_1200x800.jpg 404 in 71ms (next.js: 13ms, application-code: 58ms)
 GET /api/uploads/pathway-covers/c7216d8dd55d4c7fbcfc9d72ceac14aa_German_sheperd_1200x800.jpg 404 in 88ms (next.js: 10ms, application-code: 78ms)
 GET /creator-studio/pathways/real-journey 200 in 186ms (next.js: 33ms, proxy.ts: 4ms, application-code: 149ms)
 GET /spaces/fresh-collective 200 in 169ms (next.js: 29ms, proxy.ts: 2ms, application-code: 138ms)
 GET /api/uploads/pathway-covers/c7216d8dd55d4c7fbcfc9d72ceac14aa_German_sheperd_1200x800.jpg 404 in 81ms (next.js: 10ms, application-code: 71ms)
 GET /api/uploads/covers/b0407fbe728d4473bb0377e48e5e133a_8_Things_Your_Human_Design_Can_Help_With.jpg 404 in 81ms (next.js: 27ms, application-code: 54ms)
 GET /spaces/fresh-collective/pathways/real-journey/recognise 200 in 300ms (next.js: 173ms, proxy.ts: 16ms, application-code: 110ms)
[browser] Detected `scroll-behavior: smooth` on the `<html>` element. To disable smooth scrolling during route transitions, add `data-scroll-behavior="smooth"` to your <html> element. Learn more: https://nextjs.org/docs/messages/missing-data-scroll-behavior
 GET /creator-studio/collective 200 in 80ms (next.js: 3ms, proxy.ts: 3ms, application-code: 74ms)
[browser] Detected `scroll-behavior: smooth` on the `<html>` element. To disable smooth scrolling during route transitions, add `data-scroll-behavior="smooth"` to your <html> element. Learn more: https://nextjs.org/docs/messages/missing-data-scroll-behavior
 GET /api/uploads/covers/b0407fbe728d4473bb0377e48e5e133a_8_Things_Your_Human_Design_Can_Help_With.jpg 404 in 59ms (next.js: 3ms, application-code: 56ms)
 GET /creator-studio 200 in 50ms (next.js: 6ms, proxy.ts: 3ms, application-code: 41ms)
 GET /creator-studio 200 in 629ms (next.js: 34ms, proxy.ts: 78ms, application-code: 517ms)
 GET /spaces/fresh-collective/pathways/real-journey/recognise 200 in 695ms (next.js: 181ms, proxy.ts: 90ms, application-code: 424ms)
 GET /creator-studio 200 in 387ms (next.js: 59ms, proxy.ts: 71ms, application-code: 256ms)
 GET /spaces/fresh-collective/pathways/real-journey/recognise 200 in 351ms (next.js: 220ms, proxy.ts: 50ms, application-code: 82ms)
 GET /creator-studio 200 in 34ms (next.js: 2ms, proxy.ts: 1966µs, application-code: 30ms)
 GET /spaces/fresh-collective/pathways/real-journey/recognise 200 in 92ms (next.js: 13ms, proxy.ts: 6ms, application-code: 73ms)
 GET /creator-studio 200 in 82ms (next.js: 39ms, proxy.ts: 5ms, application-code: 38ms)
 GET /creator-studio 200 in 63ms (next.js: 1904µs, proxy.ts: 3ms, application-code: 58ms)
 GET /spaces/fresh-collective/pathways/real-journey/recognise 200 in 66ms (next.js: 26ms, proxy.ts: 3ms, application-code: 37ms)
 GET /creator-studio 200 in 78ms (next.js: 3ms, proxy.ts: 5ms, application-code: 70ms)
 GET /spaces/fresh-collective/pathways/real-journey/recognise 200 in 88ms (next.js: 38ms, proxy.ts: 5ms, application-code: 45ms)
 GET /creator-studio 200 in 86ms (next.js: 3ms, proxy.ts: 3ms, application-code: 80ms)
 GET /spaces/fresh-collective/pathways/real-journey/recognise 200 in 83ms (next.js: 32ms, proxy.ts: 25ms, application-code: 26ms)
 GET /creator-studio 200 in 50ms (next.js: 1719µs, proxy.ts: 3ms, application-code: 46ms)
 GET /spaces/fresh-collective/pathways/real-journey/recognise 200 in 50ms (next.js: 20ms, proxy.ts: 2ms, application-code: 28ms)
 GET /creator-studio 200 in 57ms (next.js: 3ms, proxy.ts: 4ms, application-code: 50ms)
 GET /spaces/fresh-collective/pathways/real-journey/recognise 200 in 63ms (next.js: 23ms, proxy.ts: 4ms, application-code: 36ms)
 GET /creator-studio 200 in 66ms (next.js: 7ms, proxy.ts: 2ms, application-code: 57ms)
 GET /spaces/fresh-collective/pathways/real-journey/recognise 200 in 62ms (next.js: 9ms, proxy.ts: 20ms, application-code: 33ms)
 GET /creator-studio 200 in 62ms (next.js: 4ms, proxy.ts: 3ms, application-code: 55ms)
 GET /spaces/fresh-collective/pathways/real-journey/recognise 200 in 67ms (next.js: 30ms, proxy.ts: 4ms, application-code: 33ms)
 GET /creator-studio 200 in 84ms (next.js: 3ms, proxy.ts: 3ms, application-code: 78ms)
 GET /spaces/fresh-collective/pathways/real-journey/recognise 200 in 101ms (next.js: 30ms, proxy.ts: 17ms, application-code: 54ms)
 GET /creator-studio 200 in 57ms (next.js: 1544µs, proxy.ts: 1969µs, application-code: 54ms)
 GET /spaces/fresh-collective/pathways/real-journey/recognise 200 in 72ms (next.js: 2ms, proxy.ts: 1791µs, application-code: 68ms)
 GET /creator-studio 200 in 60ms (next.js: 1331µs, proxy.ts: 9ms, application-code: 50ms)
 GET /spaces/fresh-collective/pathways/real-journey/recognise 200 in 34ms (next.js: 7ms, proxy.ts: 1827µs, application-code: 25ms)
 GET /creator-studio 200 in 60ms (next.js: 6ms, proxy.ts: 2ms, application-code: 52ms)
 GET /spaces/fresh-collective/pathways/real-journey/recognise 200 in 80ms (next.js: 10ms, proxy.ts: 22ms, application-code: 48ms)
 GET /creator-studio 200 in 27ms (next.js: 2ms, proxy.ts: 3ms, application-code: 21ms)
 GET /creator-studio 200 in 119ms (next.js: 4ms, proxy.ts: 3ms, application-code: 111ms)
 GET /creator-studio 200 in 120ms (next.js: 15ms, proxy.ts: 3ms, application-code: 101ms)
 GET /spaces/fresh-collective/pathways/real-journey/recognise 200 in 126ms (next.js: 36ms, proxy.ts: 2ms, application-code: 88ms)
 GET /creator-studio 200 in 101ms (next.js: 3ms, proxy.ts: 8ms, application-code: 90ms)
 GET /creator-studio 200 in 96ms (next.js: 14ms, proxy.ts: 4ms, application-code: 78ms)
 GET /creator-studio 200 in 109ms (next.js: 27ms, proxy.ts: 4ms, application-code: 78ms)
 GET /creator-studio 200 in 126ms (next.js: 2ms, proxy.ts: 4ms, application-code: 120ms)
 GET /creator-studio 200 in 126ms (next.js: 11ms, proxy.ts: 4ms, application-code: 112ms)
 GET /creator-studio 200 in 125ms (next.js: 12ms, proxy.ts: 30ms, application-code: 84ms)
 GET /creator-studio 200 in 72ms (next.js: 1812µs, proxy.ts: 3ms, application-code: 67ms)
 GET /spaces/fresh-collective/pathways/real-journey/recognise 200 in 76ms (next.js: 48ms, proxy.ts: 4ms, application-code: 24ms)
 GET /spaces/fresh-collective/pathways/real-journey/recognise 200 in 40ms (next.js: 3ms, proxy.ts: 2ms, application-code: 35ms)
 GET /spaces/fresh-collective/pathways/real-journey/recognise 200 in 176ms (next.js: 10ms, proxy.ts: 3ms, application-code: 163ms)
 GET /spaces/fresh-collective/pathways/real-journey/recognise 200 in 176ms (next.js: 27ms, proxy.ts: 3ms, application-code: 146ms)
 GET /spaces/fresh-collective/pathways/real-journey/recognise 200 in 112ms (next.js: 23ms, proxy.ts: 5ms, application-code: 83ms)
 GET /spaces/fresh-collective/pathways/real-journey/recognise 200 in 112ms (next.js: 54ms, proxy.ts: 5ms, application-code: 52ms)
 GET /spaces/fresh-collective/pathways/real-journey/recognise 200 in 112ms (next.js: 70ms, proxy.ts: 6ms, application-code: 36ms)
 GET /spaces/fresh-collective/pathways/real-journey/recognise 200 in 114ms (next.js: 7ms, proxy.ts: 5ms, application-code: 102ms)
 GET /spaces/fresh-collective/pathways/real-journey/recognise 200 in 69ms (next.js: 17ms, proxy.ts: 10ms, application-code: 42ms)
 GET /spaces/fresh-collective/pathways/real-journey/recognise 200 in 62ms (next.js: 31ms, proxy.ts: 4ms, application-code: 27ms)
✓ Compiled in 51ms
 GET /creator-studio 200 in 108ms (next.js: 3ms, proxy.ts: 7ms, application-code: 99ms)
 GET /spaces/fresh-collective/pathways/real-journey/recognise 200 in 110ms (next.js: 65ms, proxy.ts: 3ms, application-code: 42ms)
 GET /creator-studio 200 in 67ms (next.js: 3ms, proxy.ts: 6ms, application-code: 58ms)
 GET /spaces/fresh-collective/pathways/real-journey/recognise 200 in 74ms (next.js: 26ms, proxy.ts: 4ms, application-code: 43ms)
✓ Compiled in 139ms
 GET /creator-studio 200 in 87ms (next.js: 3ms, proxy.ts: 3ms, application-code: 81ms)
 GET /spaces/fresh-collective/pathways/real-journey/recognise 200 in 93ms (next.js: 43ms, proxy.ts: 3ms, application-code: 46ms)
 GET /creator-studio 200 in 63ms (next.js: 4ms, proxy.ts: 3ms, application-code: 56ms)
 GET /spaces/fresh-collective/pathways/real-journey/recognise 200 in 46ms (next.js: 3ms, proxy.ts: 3ms, application-code: 40ms)
✓ Compiled in 56ms
 GET /creator-studio 200 in 115ms (next.js: 3ms, proxy.ts: 7ms, application-code: 105ms)
 GET /spaces/fresh-collective/pathways/real-journey/recognise 200 in 117ms (next.js: 61ms, proxy.ts: 4ms, application-code: 52ms)
 GET /creator-studio 200 in 63ms (next.js: 4ms, proxy.ts: 3ms, application-code: 56ms)
 GET /spaces/fresh-collective/pathways/real-journey/recognise 200 in 46ms (next.js: 5ms, proxy.ts: 6ms, application-code: 35ms)
 GET /creator-studio 200 in 275ms (next.js: 70ms, proxy.ts: 63ms, application-code: 142ms)
 GET /spaces/fresh-collective/pathways/real-journey/recognise 200 in 280ms (next.js: 179ms, proxy.ts: 62ms, application-code: 40ms)
 GET /creator-studio 200 in 85ms (next.js: 5ms, proxy.ts: 3ms, application-code: 77ms)
 GET /spaces/fresh-collective/pathways/real-journey/recognise 200 in 94ms (next.js: 15ms, proxy.ts: 23ms, application-code: 57ms)
✓ Compiled in 58ms
 GET /creator-studio 200 in 123ms (next.js: 4ms, proxy.ts: 5ms, application-code: 113ms)
 GET /spaces/fresh-collective/pathways/real-journey/recognise 200 in 156ms (next.js: 38ms, proxy.ts: 40ms, application-code: 77ms)
 GET /creator-studio 200 in 50ms (next.js: 1820µs, proxy.ts: 3ms, application-code: 45ms)
 GET /spaces/fresh-collective/pathways/real-journey/recognise 200 in 89ms (next.js: 22ms, proxy.ts: 2ms, application-code: 65ms)
 GET /creator-studio 200 in 71ms (next.js: 3ms, proxy.ts: 32ms, application-code: 36ms)
 GET /spaces/fresh-collective/pathways/real-journey/recognise 200 in 63ms (next.js: 5ms, proxy.ts: 3ms, application-code: 55ms)
 GET /creator-studio 200 in 59ms (next.js: 33ms, proxy.ts: 3ms, application-code: 23ms)
 GET /creator-studio 200 in 53ms (next.js: 2ms, proxy.ts: 3ms, application-code: 49ms)
 GET /spaces/fresh-collective/pathways/real-journey/recognise 200 in 60ms (next.js: 22ms, proxy.ts: 2ms, application-code: 35ms)
 GET /creator-studio 200 in 83ms (next.js: 5ms, proxy.ts: 6ms, application-code: 72ms)
 GET /spaces/fresh-collective/pathways/real-journey/recognise 200 in 167ms (next.js: 6ms, proxy.ts: 20ms, application-code: 141ms)
 GET /spaces/fresh-collective/pathways/real-journey/recognise 200 in 167ms (next.js: 18ms, proxy.ts: 20ms, application-code: 129ms)
 GET /spaces/fresh-collective/pathways/real-journey/recognise 200 in 118ms (next.js: 29ms, proxy.ts: 4ms, application-code: 85ms)
 GET /spaces/fresh-collective/pathways/real-journey/recognise 200 in 118ms (next.js: 52ms, proxy.ts: 4ms, application-code: 62ms)
 GET /spaces/fresh-collective/pathways/real-journey/recognise 200 in 117ms (next.js: 68ms, proxy.ts: 4ms, application-code: 46ms)
 GET /creator-studio 200 in 64ms (next.js: 2ms, proxy.ts: 44ms, application-code: 18ms)
 GET /creator-studio 200 in 40ms (next.js: 4ms, proxy.ts: 3ms, application-code: 33ms)
 GET /creator-studio 200 in 25ms (next.js: 3ms, proxy.ts: 1685µs, application-code: 20ms)
 GET /creator-studio 200 in 57ms (next.js: 6ms, proxy.ts: 6ms, application-code: 45ms)
 GET /creator-studio 200 in 33ms (next.js: 4ms, proxy.ts: 1891µs, application-code: 27ms)
 GET /spaces/fresh-collective/pathways/real-journey/recognise 200 in 172ms (next.js: 132ms, proxy.ts: 7ms, application-code: 34ms)
 GET /creator-studio 200 in 53ms (next.js: 2ms, proxy.ts: 6ms, application-code: 45ms)
 GET /spaces/fresh-collective/pathways/real-journey/recognise 200 in 57ms (next.js: 23ms, proxy.ts: 6ms, application-code: 28ms)
 GET /creator-studio 200 in 69ms (next.js: 4ms, proxy.ts: 7ms, application-code: 57ms)
 GET /spaces/fresh-collective/pathways/real-journey/recognise 200 in 75ms (next.js: 24ms, proxy.ts: 4ms, application-code: 47ms)
 GET /creator-studio 200 in 183ms (next.js: 6ms, proxy.ts: 4ms, application-code: 172ms)
 GET /creator-studio 200 in 183ms (next.js: 24ms, proxy.ts: 5ms, application-code: 154ms)
 GET /creator-studio 200 in 122ms (next.js: 18ms, proxy.ts: 16ms, application-code: 88ms)
 GET /creator-studio 200 in 122ms (next.js: 33ms, proxy.ts: 17ms, application-code: 72ms)
 GET /creator-studio 200 in 122ms (next.js: 4ms, proxy.ts: 17ms, application-code: 100ms)
 GET /spaces/fresh-collective/pathways/real-journey/recognise 200 in 136ms (next.js: 85ms, proxy.ts: 12ms, application-code: 39ms)
 GET /spaces/fresh-collective/pathways/real-journey/recognise 200 in 58ms (next.js: 35ms, proxy.ts: 3ms, application-code: 20ms)
 GET /spaces/fresh-collective/pathways/real-journey/recognise 200 in 69ms (next.js: 6ms, proxy.ts: 5ms, application-code: 58ms)
 GET /spaces/fresh-collective/pathways/real-journey/recognise 200 in 80ms (next.js: 8ms, proxy.ts: 12ms, application-code: 60ms)
 GET /spaces/fresh-collective/pathways/real-journey/recognise 200 in 100ms (next.js: 6ms, proxy.ts: 4ms, application-code: 90ms)
 GET /spaces/fresh-collective/pathways/real-journey/recognise 200 in 131ms (next.js: 6ms, proxy.ts: 3ms, application-code: 122ms)
✓ Compiled in 36ms
 GET /creator-studio 200 in 122ms (next.js: 3ms, proxy.ts: 4ms, application-code: 115ms)
 GET /spaces/fresh-collective/pathways/real-journey/recognise 200 in 123ms (next.js: 67ms, proxy.ts: 5ms, application-code: 51ms)
✓ Compiled in 47ms
 GET /creator-studio 200 in 96ms (next.js: 2ms, proxy.ts: 3ms, application-code: 91ms)
 GET /spaces/fresh-collective/pathways/real-journey/recognise 200 in 102ms (next.js: 57ms, proxy.ts: 3ms, application-code: 43ms)
✓ Compiled in 35ms
 GET /creator-studio 200 in 116ms (next.js: 1941µs, proxy.ts: 4ms, application-code: 110ms)
 GET /spaces/fresh-collective/pathways/real-journey/recognise 200 in 119ms (next.js: 65ms, proxy.ts: 4ms, application-code: 50ms)
✓ Compiled in 47ms
 GET /creator-studio 200 in 99ms (next.js: 3ms, proxy.ts: 4ms, application-code: 92ms)
 GET /spaces/fresh-collective/pathways/real-journey/recognise 200 in 100ms (next.js: 72ms, proxy.ts: 4ms, application-code: 24ms)
✓ Compiled in 33ms
 GET /creator-studio 200 in 69ms (next.js: 1782µs, proxy.ts: 9ms, application-code: 58ms)
 GET /spaces/fresh-collective/pathways/real-journey/recognise 200 in 73ms (next.js: 39ms, proxy.ts: 3ms, application-code: 31ms)
✓ Compiled in 48ms
 GET /creator-studio 200 in 93ms (next.js: 2ms, proxy.ts: 5ms, application-code: 85ms)
 GET /spaces/fresh-collective/pathways/real-journey/recognise 200 in 91ms (next.js: 52ms, proxy.ts: 3ms, application-code: 36ms)
✓ Compiled in 35ms
 GET /creator-studio 200 in 117ms (next.js: 3ms, proxy.ts: 4ms, application-code: 110ms)
 GET /spaces/fresh-collective/pathways/real-journey/recognise 200 in 120ms (next.js: 85ms, proxy.ts: 5ms, application-code: 30ms)
✓ Compiled in 56ms
 GET /creator-studio 200 in 117ms (next.js: 5ms, proxy.ts: 9ms, application-code: 103ms)
 GET /spaces/fresh-collective/pathways/real-journey/recognise 200 in 125ms (next.js: 70ms, proxy.ts: 13ms, application-code: 43ms)
 GET /creator-studio 200 in 85ms (next.js: 1257µs, proxy.ts: 2ms, application-code: 82ms)
 GET /spaces/fresh-collective/pathways/real-journey/recognise 200 in 53ms (next.js: 9ms, proxy.ts: 8ms, application-code: 36ms)
 GET /creator-studio 200 in 78ms (next.js: 5ms, proxy.ts: 5ms, application-code: 68ms)
 GET /spaces/fresh-collective/pathways/real-journey/recognise 200 in 70ms (next.js: 5ms, proxy.ts: 13ms, application-code: 52ms)
 GET /creator-studio 200 in 39ms (next.js: 3ms, proxy.ts: 3ms, application-code: 33ms)
 GET /spaces/fresh-collective/pathways/real-journey/recognise 200 in 86ms (next.js: 6ms, proxy.ts: 4ms, application-code: 75ms)
 GET /creator-studio 200 in 80ms (next.js: 8ms, proxy.ts: 45ms, application-code: 26ms)
 GET /creator-studio 200 in 103ms (next.js: 5ms, proxy.ts: 23ms, application-code: 75ms)
 GET /spaces/fresh-collective/pathways/real-journey/recognise 200 in 109ms (next.js: 70ms, proxy.ts: 4ms, application-code: 35ms)
 GET /creator-studio 200 in 53ms (next.js: 3ms, proxy.ts: 4ms, application-code: 46ms)
 GET /spaces/fresh-collective/pathways/real-journey/recognise 200 in 71ms (next.js: 18ms, proxy.ts: 3ms, application-code: 50ms)
 GET /creator-studio 200 in 93ms (next.js: 1494µs, proxy.ts: 2ms, application-code: 89ms)
 GET /spaces/fresh-collective/pathways/real-journey/recognise 200 in 127ms (next.js: 9ms, proxy.ts: 3ms, application-code: 116ms)
 GET /spaces/fresh-collective/pathways/real-journey/recognise 200 in 127ms (next.js: 28ms, proxy.ts: 3ms, application-code: 97ms)
 GET /creator-studio 200 in 60ms (next.js: 1869µs, proxy.ts: 3ms, application-code: 55ms)
 GET /spaces/fresh-collective/pathways/real-journey/recognise 200 in 64ms (next.js: 23ms, proxy.ts: 5ms, application-code: 36ms)
 GET /creator-studio 200 in 100ms (next.js: 3ms, proxy.ts: 5ms, application-code: 92ms)
 GET /spaces/fresh-collective/pathways/real-journey/recognise 200 in 108ms (next.js: 72ms, proxy.ts: 4ms, application-code: 32ms)
 GET /creator-studio 200 in 65ms (next.js: 3ms, proxy.ts: 6ms, application-code: 57ms)
 GET /spaces/fresh-collective/pathways/real-journey/recognise 200 in 69ms (next.js: 30ms, proxy.ts: 4ms, application-code: 35ms)
 GET /creator-studio 200 in 70ms (next.js: 3ms, proxy.ts: 4ms, application-code: 63ms)
 GET /spaces/fresh-collective/pathways/real-journey/recognise 200 in 48ms (next.js: 3ms, proxy.ts: 20ms, application-code: 25ms)
 GET /creator-studio 200 in 63ms (next.js: 6ms, proxy.ts: 3ms, application-code: 55ms)
 GET /spaces/fresh-collective/pathways/real-journey/recognise 200 in 41ms (next.js: 5ms, proxy.ts: 11ms, application-code: 25ms)
 GET /creator-studio 200 in 137ms (next.js: 5ms, proxy.ts: 4ms, application-code: 129ms)
 GET /spaces/fresh-collective/pathways/real-journey/recognise 200 in 206ms (next.js: 42ms, proxy.ts: 4ms, application-code: 160ms)
 GET /spaces/fresh-collective/pathways/real-journey/recognise 200 in 207ms (next.js: 87ms, proxy.ts: 5ms, application-code: 115ms)
 GET /spaces/fresh-collective/pathways/real-journey/recognise 200 in 167ms (next.js: 15ms, proxy.ts: 5ms, application-code: 147ms)
 GET /spaces/fresh-collective/pathways/real-journey/recognise 200 in 166ms (next.js: 30ms, proxy.ts: 5ms, application-code: 131ms)
 GET /spaces/fresh-collective/pathways/real-journey/recognise 200 in 214ms (next.js: 54ms, proxy.ts: 9ms, application-code: 152ms)
 GET /creator-studio 200 in 201ms (next.js: 3ms, proxy.ts: 53ms, application-code: 145ms)
 GET /creator-studio 200 in 309ms (next.js: 13ms, proxy.ts: 68ms, application-code: 228ms)
 GET /creator-studio 200 in 173ms (next.js: 46ms, proxy.ts: 15ms, application-code: 112ms)
 GET /creator-studio 200 in 173ms (next.js: 11ms, proxy.ts: 14ms, application-code: 148ms)
 GET /creator-studio/collective 200 in 151ms (next.js: 24ms, proxy.ts: 5ms, application-code: 122ms)
 GET /api/uploads/covers/b0407fbe728d4473bb0377e48e5e133a_8_Things_Your_Human_Design_Can_Help_With.jpg 404 in 73ms (next.js: 14ms, application-code: 59ms)
✓ Compiled in 127ms
 GET /creator-studio/pathways 200 in 49ms (next.js: 11ms, proxy.ts: 3ms, application-code: 36ms)
 GET /creator-studio/pathways/real-journey 200 in 134ms (next.js: 56ms, proxy.ts: 4ms, application-code: 74ms)
 GET /spaces/fresh-collective 200 in 213ms (next.js: 71ms, proxy.ts: 8ms, application-code: 134ms)
 GET /creator-studio/collective 200 in 156ms (next.js: 7ms, proxy.ts: 10ms, application-code: 140ms)
 GET /api/uploads/covers/b0407fbe728d4473bb0377e48e5e133a_8_Things_Your_Human_Design_Can_Help_With.jpg 404 in 70ms (next.js: 4ms, application-code: 66ms)
 GET /creator-studio/settings 200 in 53ms (next.js: 21ms, proxy.ts: 2ms, application-code: 29ms)
 GET /creator-studio/settings 200 in 80ms (next.js: 3ms, proxy.ts: 4ms, application-code: 73ms)
 GET /spaces/fresh-collective 200 in 254ms (next.js: 46ms, proxy.ts: 8ms, application-code: 200ms)
 GET /spaces/fresh-collective/pathways 200 in 214ms (next.js: 59ms, proxy.ts: 26ms, application-code: 128ms)
[browser] Detected `scroll-behavior: smooth` on the `<html>` element. To disable smooth scrolling during route transitions, add `data-scroll-behavior="smooth"` to your <html> element. Learn more: https://nextjs.org/docs/messages/missing-data-scroll-behavior
 GET /spaces/fresh-collective/community 200 in 134ms (next.js: 48ms, proxy.ts: 4ms, application-code: 82ms)
 GET /spaces/fresh-collective/events 200 in 138ms (next.js: 63ms, proxy.ts: 6ms, application-code: 69ms)
 GET /spaces/fresh-collective/members 200 in 68ms (next.js: 37ms, proxy.ts: 2ms, application-code: 29ms)
 GET /spaces/fresh-collective 200 in 92ms (next.js: 31ms, proxy.ts: 3ms, application-code: 58ms)
 GET /dashboard 200 in 213ms (next.js: 56ms, proxy.ts: 11ms, application-code: 147ms)
 GET /dashboard/explore 200 in 71ms (next.js: 25ms, proxy.ts: 3ms, application-code: 42ms)
 GET /spaces/fresh-collective 200 in 176ms (next.js: 47ms, proxy.ts: 4ms, application-code: 125ms)
 GET /spaces/fresh-collective/pathways/real-journey 200 in 86ms (next.js: 47ms, proxy.ts: 2ms, application-code: 37ms)
 GET /spaces/fresh-collective/pathways/real-journey/recognise 200 in 97ms (next.js: 33ms, proxy.ts: 10ms, application-code: 53ms)
 GET /spaces/fresh-collective 200 in 129ms (next.js: 30ms, proxy.ts: 3ms, application-code: 96ms)
✓ Compiled in 166ms
 GET /creator-studio/settings 200 in 265ms (next.js: 8ms, proxy.ts: 10ms, application-code: 246ms)
✓ Compiled in 1068ms
 GET /spaces/fresh-collective 200 in 310ms (next.js: 126ms, proxy.ts: 36ms, application-code: 148ms)
 GET /creator-studio/settings 200 in 571ms (next.js: 143ms, proxy.ts: 108ms, application-code: 320ms)
 GET /creator-studio/settings 200 in 527ms (next.js: 85ms, proxy.ts: 395ms, application-code: 46ms)
 GET /spaces/fresh-collective 200 in 631ms (next.js: 365ms, proxy.ts: 11ms, application-code: 255ms)
 GET /creator-studio/settings 200 in 109ms (next.js: 16ms, proxy.ts: 17ms, application-code: 76ms)
 GET /creator-studio/settings 200 in 109ms (next.js: 46ms, proxy.ts: 18ms, application-code: 45ms)
 GET /creator-studio/settings 200 in 208ms (next.js: 14ms, proxy.ts: 6ms, application-code: 189ms)
 GET /creator-studio/settings 200 in 209ms (next.js: 49ms, proxy.ts: 8ms, application-code: 152ms)
 GET /creator-studio/settings 200 in 209ms (next.js: 93ms, proxy.ts: 12ms, application-code: 105ms)
 GET /creator-studio/settings 200 in 209ms (next.js: 111ms, proxy.ts: 13ms, application-code: 85ms)
 GET /creator-studio/settings 200 in 112ms (next.js: 2ms, proxy.ts: 52ms, application-code: 57ms)
 GET /creator-studio/settings 200 in 112ms (next.js: 18ms, proxy.ts: 52ms, application-code: 43ms)
 GET /creator-studio/settings 200 in 203ms (next.js: 7ms, proxy.ts: 19ms, application-code: 177ms)
 GET /creator-studio/settings 200 in 200ms (next.js: 54ms, proxy.ts: 16ms, application-code: 130ms)
 GET /creator-studio/settings 200 in 207ms (next.js: 42ms, proxy.ts: 17ms, application-code: 148ms)
 GET /creator-studio/settings 200 in 203ms (next.js: 54ms, proxy.ts: 42ms, application-code: 108ms)
 GET /creator-studio/settings 200 in 202ms (next.js: 34ms, proxy.ts: 82ms, application-code: 87ms)
 GET /creator-studio/settings 200 in 203ms (next.js: 47ms, proxy.ts: 82ms, application-code: 74ms)
 GET /creator-studio/settings 200 in 150ms (next.js: 29ms, proxy.ts: 18ms, application-code: 104ms)
 GET /creator-studio/settings 200 in 150ms (next.js: 46ms, proxy.ts: 23ms, application-code: 81ms)
 GET /creator-studio/settings 200 in 150ms (next.js: 54ms, proxy.ts: 23ms, application-code: 72ms)
 GET /creator-studio/settings 200 in 135ms (next.js: 60ms, proxy.ts: 26ms, application-code: 49ms)
 GET /creator-studio/settings 200 in 130ms (next.js: 49ms, proxy.ts: 44ms, application-code: 37ms)
 GET /creator-studio/settings 200 in 119ms (next.js: 39ms, proxy.ts: 56ms, application-code: 24ms)
 GET /creator-studio/settings 200 in 98ms (next.js: 5ms, proxy.ts: 4ms, application-code: 90ms)
 GET /creator-studio/settings 200 in 98ms (next.js: 27ms, proxy.ts: 5ms, application-code: 66ms)
 GET /creator-studio/settings 200 in 99ms (next.js: 13ms, proxy.ts: 4ms, application-code: 81ms)
 GET /creator-studio/settings 200 in 96ms (next.js: 23ms, proxy.ts: 27ms, application-code: 46ms)
 GET /creator-studio/settings 200 in 94ms (next.js: 27ms, proxy.ts: 46ms, application-code: 21ms)
 GET /creator-studio/settings 200 in 96ms (next.js: 15ms, proxy.ts: 46ms, application-code: 35ms)
✓ Compiled in 292ms
 GET /creator-studio/settings 200 in 451ms (next.js: 150ms, proxy.ts: 67ms, application-code: 234ms)
 GET /creator-studio/settings 200 in 146ms (next.js: 12ms, proxy.ts: 17ms, application-code: 118ms)
 GET /spaces/fresh-collective 200 in 626ms (next.js: 308ms, proxy.ts: 71ms, application-code: 246ms)
 GET /creator-studio/settings 200 in 111ms (next.js: 6ms, proxy.ts: 4ms, application-code: 101ms)
 GET /spaces/fresh-collective 200 in 139ms (next.js: 54ms, proxy.ts: 5ms, application-code: 80ms)
 GET /spaces/fresh-collective 200 in 90ms (next.js: 9ms, proxy.ts: 8ms, application-code: 72ms)
✓ Compiled in 115ms
 GET /creator-studio/settings 200 in 276ms (next.js: 82ms, proxy.ts: 78ms, application-code: 116ms)
 GET /creator-studio/settings 200 in 35ms (next.js: 5ms, proxy.ts: 2ms, application-code: 28ms)
 GET /spaces/fresh-collective 200 in 316ms (next.js: 156ms, proxy.ts: 51ms, application-code: 110ms)
 GET /creator-studio/settings 200 in 41ms (next.js: 1409µs, proxy.ts: 3ms, application-code: 36ms)
 GET /spaces/fresh-collective 200 in 77ms (next.js: 13ms, proxy.ts: 11ms, application-code: 53ms)
 GET /spaces/fresh-collective 200 in 41ms (next.js: 5ms, proxy.ts: 3ms, application-code: 33ms)
✓ Compiled in 335ms
 GET /creator-studio/settings 200 in 635ms (next.js: 118ms, proxy.ts: 174ms, application-code: 343ms)
 GET /creator-studio/settings 200 in 112ms (next.js: 10ms, proxy.ts: 10ms, application-code: 92ms)
 GET /spaces/fresh-collective 200 in 789ms (next.js: 431ms, proxy.ts: 125ms, application-code: 233ms)
 GET /creator-studio/settings 200 in 318ms (next.js: 15ms, proxy.ts: 5ms, application-code: 298ms)
 GET /spaces/fresh-collective 200 in 337ms (next.js: 17ms, proxy.ts: 56ms, application-code: 264ms)
 GET /spaces/fresh-collective 200 in 339ms (next.js: 70ms, proxy.ts: 54ms, application-code: 214ms)
 GET /dashboard 200 in 183ms (next.js: 31ms, proxy.ts: 17ms, application-code: 135ms)
[browser] Detected `scroll-behavior: smooth` on the `<html>` element. To disable smooth scrolling during route transitions, add `data-scroll-behavior="smooth"` to your <html> element. Learn more: https://nextjs.org/docs/messages/missing-data-scroll-behavior
 GET / 200 in 1070ms (next.js: 35ms, proxy.ts: 4ms, application-code: 1031ms)
✓ Compiled in 107ms
 GET /creator-studio/settings 200 in 127ms (next.js: 72ms, proxy.ts: 6ms, application-code: 49ms)
 GET / 200 in 160ms (next.js: 8ms, proxy.ts: 6ms, application-code: 146ms)
 GET /dashboard 200 in 252ms (next.js: 23ms, proxy.ts: 55ms, application-code: 174ms)
[browser] Detected `scroll-behavior: smooth` on the `<html>` element. To disable smooth scrolling during route transitions, add `data-scroll-behavior="smooth"` to your <html> element. Learn more: https://nextjs.org/docs/messages/missing-data-scroll-behavior
 GET /spaces/fresh-collective 200 in 328ms (next.js: 65ms, proxy.ts: 50ms, application-code: 214ms)
 GET /login?next=%2Fspaces%2Ffresh-collective 200 in 284ms (next.js: 114ms, proxy.ts: 8ms, application-code: 163ms)
 GET /dashboard/explore 200 in 194ms (next.js: 35ms, proxy.ts: 15ms, application-code: 144ms)
 GET /dashboard 200 in 83ms (next.js: 3ms, proxy.ts: 7ms, application-code: 73ms)
 GET /spaces/fresh-collective 200 in 215ms (next.js: 49ms, proxy.ts: 3ms, application-code: 163ms)
 GET /creator-studio/collective 200 in 113ms (next.js: 20ms, proxy.ts: 13ms, application-code: 80ms)
 GET /api/uploads/covers/0e61c310c1a74f82b57afaa1346ad853_8_Things_Your_Human_Design_Can_Help_With.jpg 404 in 49ms (next.js: 15ms, application-code: 34ms)
 GET /creator-studio/collective 200 in 81ms (next.js: 4ms, proxy.ts: 5ms, application-code: 72ms)
 GET /api/uploads/covers/feb8b2b248c74ed49c4daa30e48b5aaa_ocean.jpeg 404 in 47ms (next.js: 6ms, application-code: 41ms)
 GET /creator-studio/settings 200 in 43ms (next.js: 3ms, proxy.ts: 2ms, application-code: 38ms)
 GET /creator-studio/pathways 200 in 93ms (next.js: 26ms, proxy.ts: 6ms, application-code: 62ms)
 GET /creator-studio/pathways/real-journey 200 in 126ms (next.js: 58ms, proxy.ts: 3ms, application-code: 65ms)
✓ Compiled in 265ms
✓ Compiled in 145ms
 GET /creator-studio/pathways/real-journey 200 in 312ms (next.js: 59ms, proxy.ts: 8ms, application-code: 245ms)
 GET /spaces/fresh-collective 200 in 334ms (next.js: 139ms, proxy.ts: 7ms, application-code: 188ms)
✓ Compiled in 59ms
 GET /creator-studio/pathways/real-journey 200 in 167ms (next.js: 34ms, proxy.ts: 4ms, application-code: 129ms)
 GET /spaces/fresh-collective 200 in 182ms (next.js: 108ms, proxy.ts: 4ms, application-code: 71ms)
✓ Compiled in 41ms
 GET /creator-studio/pathways/real-journey 200 in 243ms (next.js: 50ms, proxy.ts: 6ms, application-code: 187ms)
 GET /spaces/fresh-collective 200 in 245ms (next.js: 154ms, proxy.ts: 5ms, application-code: 86ms)
 GET /creator-studio 200 in 230ms (next.js: 68ms, proxy.ts: 29ms, application-code: 133ms)
 GET /dashboard 200 in 63ms (next.js: 10ms, proxy.ts: 2ms, application-code: 51ms)
 GET /settings 200 in 56ms (next.js: 23ms, proxy.ts: 6ms, application-code: 27ms)
 GET /settings/profile 200 in 77ms (next.js: 23ms, proxy.ts: 6ms, application-code: 48ms)
 GET /settings/profile 200 in 44ms (next.js: 7ms, proxy.ts: 6ms, application-code: 31ms)
 GET /settings/membership 200 in 135ms (next.js: 90ms, proxy.ts: 1762µs, application-code: 43ms)
 GET /settings/preferences 200 in 73ms (next.js: 27ms, proxy.ts: 3ms, application-code: 43ms)
 GET /settings/security 200 in 62ms (next.js: 34ms, proxy.ts: 2ms, application-code: 26ms)
 GET /settings/profile 200 in 33ms (next.js: 2ms, proxy.ts: 4ms, application-code: 27ms)
 GET /dashboard 200 in 228ms (next.js: 11ms, proxy.ts: 12ms, application-code: 206ms)
 GET /spaces/fresh-collective/events/ev000001-0000-4000-8000-000000000001 200 in 147ms (next.js: 57ms, proxy.ts: 5ms, application-code: 86ms)
 GET /dashboard 200 in 76ms (next.js: 3ms, proxy.ts: 4ms, application-code: 69ms)
 GET /dashboard 200 in 232ms (next.js: 12ms, proxy.ts: 13ms, application-code: 208ms)
 GET /creator-studio/pathways/real-journey 200 in 235ms (next.js: 137ms, proxy.ts: 8ms, application-code: 90ms)
✓ Compiled in 60ms
 GET /dashboard 200 in 106ms (next.js: 7ms, proxy.ts: 7ms, application-code: 92ms)
 GET /creator-studio/pathways/real-journey 200 in 112ms (next.js: 67ms, proxy.ts: 7ms, application-code: 38ms)
✓ Compiled in 105ms
✓ Compiled in 33ms
 GET /spaces/fresh-collective 200 in 431ms (next.js: 122ms, proxy.ts: 16ms, application-code: 293ms)
 GET /dashboard/explore 200 in 61ms (next.js: 19ms, proxy.ts: 5ms, application-code: 37ms)
 GET /dashboard 200 in 72ms (next.js: 3ms, proxy.ts: 15ms, application-code: 54ms)
 GET /creator-studio 200 in 64ms (next.js: 16ms, proxy.ts: 4ms, application-code: 44ms)
 GET / 200 in 308ms (next.js: 16ms, proxy.ts: 24ms, application-code: 268ms)
 GET / 200 in 10ms (next.js: 2ms, proxy.ts: 3ms, application-code: 5ms)
 GET / 200 in 76ms (next.js: 1197µs, proxy.ts: 1642µs, application-code: 74ms)
 GET /spaces 200 in 150ms (next.js: 39ms, proxy.ts: 23ms, application-code: 89ms)
[browser] Detected `scroll-behavior: smooth` on the `<html>` element. To disable smooth scrolling during route transitions, add `data-scroll-behavior="smooth"` to your <html> element. Learn more: https://nextjs.org/docs/messages/missing-data-scroll-behavior
 GET /dashboard 200 in 90ms (next.js: 8ms, proxy.ts: 4ms, application-code: 78ms)
 GET /spaces/fresh-collective 200 in 259ms (next.js: 59ms, proxy.ts: 15ms, application-code: 184ms)
 GET /dashboard/explore 200 in 50ms (next.js: 12ms, proxy.ts: 3ms, application-code: 34ms)
 GET /dashboard/explore 200 in 56ms (next.js: 12ms, proxy.ts: 7ms, application-code: 36ms)
 GET /spaces/fresh-collective 200 in 172ms (next.js: 41ms, proxy.ts: 7ms, application-code: 124ms)
 GET /spaces/fresh-collective/pathways/real-journey/recognise 200 in 122ms (next.js: 49ms, proxy.ts: 3ms, application-code: 69ms)
 GET /dashboard/explore 200 in 146ms (next.js: 11ms, proxy.ts: 14ms, application-code: 120ms)
 GET /spaces/fresh-collective 200 in 326ms (next.js: 78ms, proxy.ts: 27ms, application-code: 221ms)
 GET /dashboard/explore 200 in 181ms (next.js: 19ms, proxy.ts: 69ms, application-code: 93ms)
 GET /dashboard 200 in 63ms (next.js: 7ms, proxy.ts: 3ms, application-code: 53ms)
 GET /spaces/fresh-collective 200 in 153ms (next.js: 42ms, proxy.ts: 6ms, application-code: 105ms)
 GET /creator-studio 200 in 103ms (next.js: 7ms, proxy.ts: 13ms, application-code: 83ms)
 GET /dashboard 200 in 225ms (next.js: 5ms, proxy.ts: 7ms, application-code: 213ms)
 GET / 200 in 676ms (next.js: 4ms, proxy.ts: 3ms, application-code: 670ms)
✓ Compiled in 153ms
✓ Compiled in 85ms
✓ Compiled in 39ms
 GET /dashboard 200 in 314ms (next.js: 13ms, proxy.ts: 34ms, application-code: 267ms)
 GET /creator-studio/pathways/real-journey 200 in 312ms (next.js: 240ms, proxy.ts: 29ms, application-code: 43ms)
 GET / 200 in 313ms (next.js: 125ms, proxy.ts: 15ms, application-code: 173ms)
 GET /dashboard 200 in 226ms (next.js: 16ms, proxy.ts: 6ms, application-code: 203ms)
 GET /creator-studio/pathways/real-journey 200 in 225ms (next.js: 191ms, proxy.ts: 6ms, application-code: 29ms)
 GET / 200 in 228ms (next.js: 63ms, proxy.ts: 11ms, application-code: 154ms)
✓ Compiled in 38ms
 GET /creator-studio/pathways/real-journey 200 in 141ms (next.js: 104ms, proxy.ts: 5ms, application-code: 32ms)
 GET /dashboard 200 in 140ms (next.js: 58ms, proxy.ts: 5ms, application-code: 76ms)
 GET / 200 in 156ms (next.js: 3ms, proxy.ts: 5ms, application-code: 148ms)
✓ Compiled in 172ms
 GET /dashboard 200 in 218ms (next.js: 8ms, proxy.ts: 44ms, application-code: 167ms)
 GET /creator-studio/pathways/real-journey 200 in 199ms (next.js: 110ms, proxy.ts: 27ms, application-code: 62ms)
 GET / 200 in 237ms (next.js: 26ms, proxy.ts: 44ms, application-code: 167ms)
 GET /spaces/fresh-collective 200 in 353ms (next.js: 63ms, proxy.ts: 31ms, application-code: 258ms)
[browser] Detected `scroll-behavior: smooth` on the `<html>` element. To disable smooth scrolling during route transitions, add `data-scroll-behavior="smooth"` to your <html> element. Learn more: https://nextjs.org/docs/messages/missing-data-scroll-behavior
 GET /dashboard 200 in 112ms (next.js: 9ms, proxy.ts: 3ms, application-code: 101ms)
 GET /dashboard/explore 200 in 52ms (next.js: 14ms, proxy.ts: 7ms, application-code: 31ms)
 GET /dashboard 200 in 228ms (next.js: 19ms, proxy.ts: 15ms, application-code: 194ms)
 GET /creator-studio/collective 200 in 136ms (next.js: 12ms, proxy.ts: 30ms, application-code: 94ms)
 GET /api/uploads/covers/0e61c310c1a74f82b57afaa1346ad853_8_Things_Your_Human_Design_Can_Help_With.jpg 404 in 59ms (next.js: 8ms, application-code: 51ms)
 GET /creator/spaces/winters-playground/pathways 200 in 161ms (next.js: 80ms, proxy.ts: 2ms, application-code: 79ms)
 GET /creator/spaces/winters-playground/pathways/test 200 in 134ms (next.js: 81ms, proxy.ts: 3ms, application-code: 50ms)
 GET /creator/spaces/winters-playground/pathways/test 200 in 67ms (next.js: 9ms, proxy.ts: 4ms, application-code: 54ms)
 GET /creator/spaces/winters-playground/pathways/test 200 in 115ms (next.js: 49ms, proxy.ts: 3ms, application-code: 63ms)
 GET /creator/spaces/winters-playground/events 200 in 748ms (next.js: 607ms, proxy.ts: 24ms, application-code: 117ms)
 GET /creator 200 in 71ms (next.js: 31ms, proxy.ts: 3ms, application-code: 36ms)
 GET /spaces/fresh-collective 200 in 328ms (next.js: 46ms, proxy.ts: 7ms, application-code: 275ms)
 GET /creator/spaces/fresh-collective/pathways 200 in 82ms (next.js: 44ms, proxy.ts: 8ms, application-code: 30ms)
 GET /creator 200 in 61ms (next.js: 12ms, proxy.ts: 6ms, application-code: 44ms)
 GET /creator 200 in 63ms (next.js: 3ms, proxy.ts: 32ms, application-code: 28ms)
 GET /dashboard 200 in 73ms (next.js: 3ms, proxy.ts: 3ms, application-code: 68ms)
 GET /creator-studio 200 in 93ms (next.js: 12ms, proxy.ts: 3ms, application-code: 78ms)
✓ Compiled in 315ms
 GET /creator-studio 200 in 389ms (next.js: 62ms, proxy.ts: 29ms, application-code: 298ms)
 GET /dashboard 200 in 380ms (next.js: 227ms, proxy.ts: 71ms, application-code: 82ms)
 GET / 200 in 402ms (next.js: 50ms, proxy.ts: 74ms, application-code: 278ms)
✓ Compiled in 211ms
 GET /creator-studio 200 in 228ms (next.js: 47ms, proxy.ts: 22ms, application-code: 159ms)
 GET /dashboard 200 in 233ms (next.js: 130ms, proxy.ts: 46ms, application-code: 57ms)
 GET / 200 in 285ms (next.js: 81ms, proxy.ts: 18ms, application-code: 186ms)
✓ Compiled in 33ms
 GET /creator-studio 200 in 133ms (next.js: 10ms, proxy.ts: 10ms, application-code: 113ms)
 GET /dashboard 200 in 128ms (next.js: 82ms, proxy.ts: 9ms, application-code: 38ms)
 GET / 200 in 160ms (next.js: 37ms, proxy.ts: 10ms, application-code: 113ms)
✓ Compiled in 33ms
 GET /creator-studio 200 in 101ms (next.js: 10ms, proxy.ts: 3ms, application-code: 87ms)
 GET /dashboard 200 in 98ms (next.js: 64ms, proxy.ts: 9ms, application-code: 24ms)
 GET / 200 in 120ms (next.js: 22ms, proxy.ts: 10ms, application-code: 88ms)
✓ Compiled in 33ms
 GET /creator-studio 200 in 104ms (next.js: 16ms, proxy.ts: 7ms, application-code: 80ms)
 GET /dashboard 200 in 106ms (next.js: 3ms, proxy.ts: 7ms, application-code: 96ms)
 GET / 200 in 110ms (next.js: 42ms, proxy.ts: 6ms, application-code: 62ms)
✓ Compiled in 139ms
 GET /dashboard 200 in 115ms (next.js: 60ms, proxy.ts: 6ms, application-code: 48ms)
 GET /creator-studio 200 in 112ms (next.js: 75ms, proxy.ts: 16ms, application-code: 21ms)
 GET / 200 in 163ms (next.js: 15ms, proxy.ts: 7ms, application-code: 141ms)
 GET /spaces/fresh-collective/pathways/real-journey/recognise 200 in 343ms (next.js: 76ms, proxy.ts: 17ms, application-code: 250ms)
 GET /dashboard/explore 200 in 49ms (next.js: 16ms, proxy.ts: 5ms, application-code: 28ms)
 GET /dashboard 200 in 49ms (next.js: 3ms, proxy.ts: 2ms, application-code: 44ms)
 GET /creator-studio 200 in 125ms (next.js: 4ms, proxy.ts: 4ms, application-code: 117ms)
 GET /spaces/fresh-collective 200 in 115ms (next.js: 40ms, proxy.ts: 4ms, application-code: 71ms)
 GET /spaces/fresh-collective/pathways/real-journey/recognise 200 in 120ms (next.js: 40ms, proxy.ts: 13ms, application-code: 68ms)
 GET /dashboard 200 in 220ms (next.js: 12ms, proxy.ts: 11ms, application-code: 197ms)
 GET /spaces/fresh-collective/community/po000001-0000-4000-8000-000000000002 200 in 289ms (next.js: 92ms, proxy.ts: 17ms, application-code: 180ms)
✓ Compiled in 164ms
 GET /creator-studio 200 in 315ms (next.js: 173ms, proxy.ts: 102ms, application-code: 40ms)
 GET /dashboard 200 in 354ms (next.js: 11ms, proxy.ts: 133ms, application-code: 210ms)
 GET /creator-studio 200 in 74ms (next.js: 2ms, proxy.ts: 5ms, application-code: 66ms)
 GET /dashboard 200 in 75ms (next.js: 26ms, proxy.ts: 5ms, application-code: 44ms)
 GET / 200 in 440ms (next.js: 70ms, proxy.ts: 124ms, application-code: 246ms)
 GET / 200 in 195ms (next.js: 3ms, proxy.ts: 6ms, application-code: 187ms)
✓ Compiled in 63ms
 GET /creator-studio 200 in 104ms (next.js: 29ms, proxy.ts: 5ms, application-code: 71ms)
 GET /dashboard 200 in 112ms (next.js: 4ms, proxy.ts: 9ms, application-code: 100ms)
 GET /creator-studio 200 in 67ms (next.js: 2ms, proxy.ts: 3ms, application-code: 62ms)
 GET /dashboard 200 in 67ms (next.js: 6ms, proxy.ts: 24ms, application-code: 37ms)
 GET / 200 in 185ms (next.js: 47ms, proxy.ts: 4ms, application-code: 133ms)
 GET / 200 in 71ms (next.js: 3ms, proxy.ts: 4ms, application-code: 64ms)
 GET /creator-studio 200 in 115ms (next.js: 53ms, proxy.ts: 5ms, application-code: 58ms)
 GET /dashboard 200 in 118ms (next.js: 4ms, proxy.ts: 4ms, application-code: 109ms)
 GET / 200 in 147ms (next.js: 16ms, proxy.ts: 6ms, application-code: 126ms)
✓ Compiled in 30ms
 GET /creator-studio 200 in 838ms (next.js: 45ms, proxy.ts: 5ms, application-code: 788ms)
 GET /dashboard 200 in 844ms (next.js: 232ms, proxy.ts: 5ms, application-code: 607ms)
 GET / 200 in 863ms (next.js: 3ms, proxy.ts: 5ms, application-code: 855ms)
✓ Compiled in 50ms
 GET /creator-studio 200 in 120ms (next.js: 4ms, proxy.ts: 10ms, application-code: 105ms)
 GET /dashboard 200 in 115ms (next.js: 61ms, proxy.ts: 4ms, application-code: 50ms)
 GET / 200 in 140ms (next.js: 16ms, proxy.ts: 4ms, application-code: 119ms)
✓ Compiled in 39ms
 GET /creator-studio 200 in 100ms (next.js: 62ms, proxy.ts: 7ms, application-code: 31ms)
 GET /dashboard 200 in 103ms (next.js: 48ms, proxy.ts: 6ms, application-code: 49ms)
 GET / 200 in 125ms (next.js: 8ms, proxy.ts: 4ms, application-code: 112ms)
✓ Compiled in 44ms
 GET /creator-studio 200 in 109ms (next.js: 54ms, proxy.ts: 34ms, application-code: 22ms)
 GET /dashboard 200 in 119ms (next.js: 3ms, proxy.ts: 9ms, application-code: 107ms)
 GET / 200 in 131ms (next.js: 43ms, proxy.ts: 4ms, application-code: 85ms)
✓ Compiled in 28ms
 GET /creator-studio 200 in 86ms (next.js: 35ms, proxy.ts: 3ms, application-code: 48ms)
 GET /dashboard 200 in 88ms (next.js: 61ms, proxy.ts: 3ms, application-code: 24ms)
 GET / 200 in 109ms (next.js: 2ms, proxy.ts: 3ms, application-code: 104ms)
✓ Compiled in 29ms
 GET /creator-studio 200 in 105ms (next.js: 3ms, proxy.ts: 16ms, application-code: 86ms)
 GET /dashboard 200 in 106ms (next.js: 64ms, proxy.ts: 16ms, application-code: 26ms)
 GET / 200 in 119ms (next.js: 13ms, proxy.ts: 16ms, application-code: 90ms)
✓ Compiled in 80ms
 GET /creator-studio 200 in 130ms (next.js: 90ms, proxy.ts: 9ms, application-code: 31ms)
 GET /dashboard 200 in 133ms (next.js: 52ms, proxy.ts: 8ms, application-code: 73ms)
 GET / 200 in 155ms (next.js: 10ms, proxy.ts: 9ms, application-code: 137ms)
✓ Compiled in 47ms
 GET /creator-studio 200 in 138ms (next.js: 20ms, proxy.ts: 4ms, application-code: 113ms)
 GET /dashboard 200 in 139ms (next.js: 4ms, proxy.ts: 4ms, application-code: 131ms)
 GET / 200 in 163ms (next.js: 30ms, proxy.ts: 4ms, application-code: 128ms)
 GET /spaces/fresh-collective/events/ev000001-0000-4000-8000-000000000001 200 in 149ms (next.js: 48ms, proxy.ts: 8ms, application-code: 92ms)
 GET /spaces/fresh-collective/pathways/real-journey/recognise 200 in 199ms (next.js: 49ms, proxy.ts: 3ms, application-code: 146ms)
 GET /spaces/fresh-collective 200 in 93ms (next.js: 34ms, proxy.ts: 3ms, application-code: 57ms)
 GET /spaces/fresh-collective/pathways 200 in 220ms (next.js: 87ms, proxy.ts: 13ms, application-code: 120ms)
 GET /spaces/fresh-collective/community 200 in 130ms (next.js: 58ms, proxy.ts: 25ms, application-code: 48ms)
 GET /spaces/fresh-collective/events 200 in 102ms (next.js: 55ms, proxy.ts: 5ms, application-code: 43ms)
 GET /spaces/fresh-collective/members 200 in 121ms (next.js: 49ms, proxy.ts: 13ms, application-code: 59ms)
 GET /profile/cmoe3ksnb0000uu9pm2ay6vtf 200 in 340ms (next.js: 308ms, proxy.ts: 4ms, application-code: 29ms)
 GET /spaces/fresh-collective 200 in 295ms (next.js: 81ms, proxy.ts: 13ms, application-code: 201ms)
 GET /dashboard 200 in 118ms (next.js: 3ms, proxy.ts: 3ms, application-code: 112ms)
 GET /spaces 200 in 214ms (next.js: 70ms, proxy.ts: 26ms, application-code: 117ms)
[browser] Detected `scroll-behavior: smooth` on the `<html>` element. To disable smooth scrolling during route transitions, add `data-scroll-behavior="smooth"` to your <html> element. Learn more: https://nextjs.org/docs/messages/missing-data-scroll-behavior
 GET /dashboard/explore 200 in 151ms (next.js: 57ms, proxy.ts: 13ms, application-code: 81ms)
 GET /dashboard 200 in 237ms (next.js: 9ms, proxy.ts: 72ms, application-code: 155ms)
 GET /creator-studio/collective 200 in 219ms (next.js: 13ms, proxy.ts: 40ms, application-code: 166ms)
 GET /api/uploads/covers/0e61c310c1a74f82b57afaa1346ad853_8_Things_Your_Human_Design_Can_Help_With.jpg 404 in 106ms (next.js: 26ms, application-code: 80ms)
 GET /creator-studio/pathways 200 in 80ms (next.js: 13ms, proxy.ts: 5ms, application-code: 61ms)
 GET /creator-studio/gatherings 200 in 112ms (next.js: 38ms, proxy.ts: 3ms, application-code: 72ms)
 GET /creator/spaces/winters-playground/events/new 200 in 433ms (next.js: 383ms, proxy.ts: 3ms, application-code: 47ms)
 GET /creator-studio/resources 200 in 61ms (next.js: 22ms, proxy.ts: 2ms, application-code: 36ms)
 GET /creator-studio/community 200 in 73ms (next.js: 29ms, proxy.ts: 6ms, application-code: 37ms)
 GET /creator-studio/people 200 in 60ms (next.js: 19ms, proxy.ts: 3ms, application-code: 39ms)
 GET /creator-studio/setup 200 in 74ms (next.js: 33ms, proxy.ts: 3ms, application-code: 38ms)
 GET /creator-studio/settings 200 in 53ms (next.js: 9ms, proxy.ts: 5ms, application-code: 39ms)
 GET /creator-studio/collective 200 in 94ms (next.js: 5ms, proxy.ts: 10ms, application-code: 79ms)
 GET /api/uploads/covers/0e61c310c1a74f82b57afaa1346ad853_8_Things_Your_Human_Design_Can_Help_With.jpg 404 in 57ms (next.js: 8ms, application-code: 49ms)
 GET /settings/profile 200 in 53ms (next.js: 8ms, proxy.ts: 6ms, application-code: 39ms)
 GET /dashboard 200 in 85ms (next.js: 14ms, proxy.ts: 3ms, application-code: 68ms)
✓ Compiled in 323ms
 GET /dashboard 200 in 521ms (next.js: 362ms, proxy.ts: 100ms, application-code: 60ms)
 GET /creator-studio/collective 200 in 601ms (next.js: 305ms, proxy.ts: 147ms, application-code: 149ms)
 GET /dashboard 200 in 989ms (next.js: 6ms, proxy.ts: 13ms, application-code: 969ms)
 GET /creator-studio/collective 200 in 857ms (next.js: 21ms, proxy.ts: 21ms, application-code: 815ms)
 GET / 200 in 1599ms (next.js: 165ms, proxy.ts: 144ms, application-code: 1289ms)
 GET / 200 in 112ms (next.js: 6ms, proxy.ts: 6ms, application-code: 100ms)
 GET /spaces/fresh-collective/pathways/real-journey/recognise 200 in 413ms (next.js: 100ms, proxy.ts: 21ms, application-code: 291ms)
 GET /spaces/fresh-collective 200 in 270ms (next.js: 94ms, proxy.ts: 4ms, application-code: 173ms)
 GET /spaces/fresh-collective/pathways 200 in 232ms (next.js: 90ms, proxy.ts: 32ms, application-code: 110ms)
 GET /spaces/fresh-collective/community 200 in 104ms (next.js: 53ms, proxy.ts: 3ms, application-code: 48ms)
 GET /spaces/fresh-collective/events 200 in 94ms (next.js: 48ms, proxy.ts: 3ms, application-code: 42ms)
 GET /spaces/fresh-collective/members 200 in 134ms (next.js: 71ms, proxy.ts: 3ms, application-code: 59ms)
 GET /spaces/fresh-collective 200 in 105ms (next.js: 34ms, proxy.ts: 7ms, application-code: 64ms)
 GET /dashboard 200 in 87ms (next.js: 3ms, proxy.ts: 3ms, application-code: 82ms)
✓ Compiled in 205ms
✓ Compiled in 941ms
 GET /dashboard 200 in 760ms (next.js: 127ms, proxy.ts: 315ms, application-code: 318ms)
 GET /creator-studio/collective 200 in 664ms (next.js: 232ms, proxy.ts: 144ms, application-code: 288ms)
 GET /dashboard 200 in 130ms (next.js: 6ms, proxy.ts: 8ms, application-code: 116ms)
 GET /creator-studio/collective 200 in 102ms (next.js: 3ms, proxy.ts: 5ms, application-code: 94ms)
 GET / 200 in 839ms (next.js: 331ms, proxy.ts: 112ms, application-code: 396ms)
 GET /dashboard 200 in 201ms (next.js: 7ms, proxy.ts: 3ms, application-code: 191ms)
 GET /creator-studio/collective 200 in 162ms (next.js: 28ms, proxy.ts: 5ms, application-code: 130ms)
 GET /creator-studio/collective 200 in 163ms (next.js: 5ms, proxy.ts: 4ms, application-code: 154ms)
 GET /creator-studio/collective 200 in 168ms (next.js: 12ms, proxy.ts: 4ms, application-code: 152ms)
 GET /dashboard 200 in 116ms (next.js: 6ms, proxy.ts: 74ms, application-code: 36ms)
 GET /dashboard 200 in 59ms (next.js: 4ms, proxy.ts: 3ms, application-code: 52ms)
 GET / 200 in 200ms (next.js: 3ms, proxy.ts: 14ms, application-code: 183ms)
 GET / 200 in 72ms (next.js: 1539µs, proxy.ts: 2ms, application-code: 68ms)
 GET / 200 in 69ms (next.js: 2ms, proxy.ts: 3ms, application-code: 64ms)
 GET / 200 in 62ms (next.js: 1370µs, proxy.ts: 2ms, application-code: 58ms)
✓ Compiled in 107ms
 GET /dashboard 200 in 195ms (next.js: 73ms, proxy.ts: 38ms, application-code: 85ms)
 GET /creator-studio/collective 200 in 211ms (next.js: 47ms, proxy.ts: 38ms, application-code: 127ms)
 GET /dashboard 200 in 52ms (next.js: 2ms, proxy.ts: 9ms, application-code: 40ms)
 GET /creator-studio/collective 200 in 31ms (next.js: 3ms, proxy.ts: 8ms, application-code: 20ms)
 GET /dashboard 200 in 68ms (next.js: 8ms, proxy.ts: 3ms, application-code: 57ms)
 GET /creator-studio/collective 200 in 80ms (next.js: 2ms, proxy.ts: 18ms, application-code: 59ms)
 GET / 200 in 1021ms (next.js: 99ms, proxy.ts: 47ms, application-code: 875ms)
 GET /dashboard 200 in 677ms (next.js: 13ms, proxy.ts: 14ms, application-code: 649ms)
 GET /creator-studio/collective 200 in 724ms (next.js: 169ms, proxy.ts: 17ms, application-code: 538ms)
 GET /dashboard 200 in 357ms (next.js: 77ms, proxy.ts: 37ms, application-code: 242ms)
 GET /creator-studio/collective 200 in 120ms (next.js: 4ms, proxy.ts: 3ms, application-code: 113ms)
 GET / 200 in 367ms (next.js: 119ms, proxy.ts: 38ms, application-code: 210ms)
 GET / 200 in 369ms (next.js: 7ms, proxy.ts: 37ms, application-code: 325ms)
 GET / 200 in 131ms (next.js: 63ms, proxy.ts: 3ms, application-code: 65ms)
 GET / 200 in 130ms (next.js: 3ms, proxy.ts: 22ms, application-code: 104ms)
✓ Compiled in 87ms
 GET /dashboard 200 in 204ms (next.js: 105ms, proxy.ts: 28ms, application-code: 71ms)
 GET /creator-studio/collective 200 in 290ms (next.js: 136ms, proxy.ts: 24ms, application-code: 130ms)
 GET /dashboard 200 in 103ms (next.js: 4ms, proxy.ts: 5ms, application-code: 95ms)
 GET /creator-studio/collective 200 in 101ms (next.js: 12ms, proxy.ts: 6ms, application-code: 83ms)
 GET / 200 in 418ms (next.js: 19ms, proxy.ts: 18ms, application-code: 381ms)
 GET / 200 in 151ms (next.js: 6ms, proxy.ts: 3ms, application-code: 142ms)
✓ Compiled in 321ms
 GET /creator-studio/collective 200 in 566ms (next.js: 280ms, proxy.ts: 145ms, application-code: 141ms)
 GET /dashboard 200 in 590ms (next.js: 336ms, proxy.ts: 152ms, application-code: 102ms)
 GET /creator-studio/collective 200 in 114ms (next.js: 1985µs, proxy.ts: 20ms, application-code: 92ms)
 GET /dashboard 200 in 89ms (next.js: 1745µs, proxy.ts: 13ms, application-code: 74ms)
 GET /creator-studio/collective 200 in 44ms (next.js: 2ms, proxy.ts: 3ms, application-code: 39ms)
 GET /dashboard 200 in 80ms (next.js: 2ms, proxy.ts: 10ms, application-code: 67ms)
 GET / 200 in 807ms (next.js: 144ms, proxy.ts: 146ms, application-code: 518ms)
 GET / 200 in 125ms (next.js: 1214µs, proxy.ts: 2ms, application-code: 121ms)
 GET / 200 in 81ms (next.js: 1491µs, proxy.ts: 4ms, application-code: 76ms)
✓ Compiled in 111ms
 GET /creator-studio/collective 200 in 225ms (next.js: 110ms, proxy.ts: 49ms, application-code: 65ms)
 GET /dashboard 200 in 242ms (next.js: 142ms, proxy.ts: 46ms, application-code: 54ms)
 GET /creator-studio/collective 200 in 115ms (next.js: 2ms, proxy.ts: 3ms, application-code: 111ms)
 GET /dashboard 200 in 88ms (next.js: 4ms, proxy.ts: 4ms, application-code: 80ms)
 GET /dashboard 200 in 91ms (next.js: 18ms, proxy.ts: 5ms, application-code: 68ms)
 GET /creator-studio/collective 200 in 119ms (next.js: 11ms, proxy.ts: 6ms, application-code: 102ms)
 GET / 200 in 477ms (next.js: 55ms, proxy.ts: 48ms, application-code: 374ms)
 GET / 200 in 126ms (next.js: 18ms, proxy.ts: 6ms, application-code: 102ms)
 GET / 200 in 126ms (next.js: 3ms, proxy.ts: 3ms, application-code: 120ms)
 GET /spaces 200 in 306ms (next.js: 54ms, proxy.ts: 22ms, application-code: 231ms)
 GET /dashboard/explore 200 in 58ms (next.js: 18ms, proxy.ts: 10ms, application-code: 30ms)
✓ Compiled in 321ms
 GET /dashboard/explore 200 in 1027ms (next.js: 894ms, proxy.ts: 84ms, application-code: 48ms)
 GET /creator-studio/collective 200 in 1092ms (next.js: 305ms, proxy.ts: 114ms, application-code: 673ms)
 GET /dashboard/explore 200 in 65ms (next.js: 4ms, proxy.ts: 3ms, application-code: 59ms)
 GET /creator-studio/collective 200 in 40ms (next.js: 1359µs, proxy.ts: 3ms, application-code: 36ms)
 GET /dashboard/explore 200 in 61ms (next.js: 3ms, proxy.ts: 2ms, application-code: 56ms)
 GET /creator-studio/collective 200 in 55ms (next.js: 3ms, proxy.ts: 3ms, application-code: 49ms)
 GET / 200 in 1260ms (next.js: 95ms, proxy.ts: 131ms, application-code: 1034ms)
 GET / 200 in 66ms (next.js: 1355µs, proxy.ts: 3ms, application-code: 62ms)
 GET / 200 in 68ms (next.js: 3ms, proxy.ts: 3ms, application-code: 62ms)
 GET /dashboard 200 in 312ms (next.js: 57ms, proxy.ts: 42ms, application-code: 212ms)
✓ Compiled in 259ms
 GET /creator-studio/collective 200 in 427ms (next.js: 122ms, proxy.ts: 29ms, application-code: 276ms)
 GET /dashboard 200 in 474ms (next.js: 29ms, proxy.ts: 244ms, application-code: 201ms)
 GET /creator-studio/collective 200 in 106ms (next.js: 8ms, proxy.ts: 8ms, application-code: 91ms)
 GET /dashboard 200 in 38ms (next.js: 1814µs, proxy.ts: 2ms, application-code: 34ms)
 GET / 200 in 547ms (next.js: 78ms, proxy.ts: 243ms, application-code: 225ms)
 GET / 200 in 98ms (next.js: 7ms, proxy.ts: 11ms, application-code: 80ms)
 GET /spaces/fresh-collective 200 in 428ms (next.js: 152ms, proxy.ts: 25ms, application-code: 252ms)
 GET /spaces/fresh-collective 200 in 286ms (next.js: 112ms, proxy.ts: 17ms, application-code: 157ms)
 GET /spaces/fresh-collective/pathways/real-journey/recognise 200 in 314ms (next.js: 89ms, proxy.ts: 20ms, application-code: 204ms)
 GET /dashboard/explore 200 in 58ms (next.js: 21ms, proxy.ts: 4ms, application-code: 32ms)
 GET /dashboard 200 in 92ms (next.js: 3ms, proxy.ts: 4ms, application-code: 85ms)
 GET /spaces/fresh-collective 200 in 177ms (next.js: 37ms, proxy.ts: 3ms, application-code: 137ms)
 GET /about 200 in 338ms (next.js: 145ms, proxy.ts: 96ms, application-code: 96ms)
✓ Compiled in 165ms
 GET /dashboard 200 in 411ms (next.js: 89ms, proxy.ts: 90ms, application-code: 232ms)
 GET /creator-studio/collective 200 in 491ms (next.js: 171ms, proxy.ts: 88ms, application-code: 232ms)
 GET /dashboard 200 in 133ms (next.js: 5ms, proxy.ts: 17ms, application-code: 112ms)
 GET /creator-studio/collective 200 in 74ms (next.js: 3ms, proxy.ts: 6ms, application-code: 64ms)
 GET / 200 in 576ms (next.js: 245ms, proxy.ts: 86ms, application-code: 244ms)
 GET / 200 in 83ms (next.js: 3ms, proxy.ts: 3ms, application-code: 77ms)
 GET /spaces/fresh-collective/pathways/real-journey/recognise 200 in 280ms (next.js: 73ms, proxy.ts: 14ms, application-code: 193ms)
 GET /dashboard/explore 200 in 65ms (next.js: 26ms, proxy.ts: 4ms, application-code: 34ms)
 GET /dashboard 200 in 53ms (next.js: 7ms, proxy.ts: 4ms, application-code: 42ms)
✓ Compiled in 102ms
 GET /dashboard 200 in 198ms (next.js: 54ms, proxy.ts: 12ms, application-code: 131ms)
 GET /creator-studio/collective 200 in 223ms (next.js: 7ms, proxy.ts: 15ms, application-code: 201ms)
 GET / 200 in 228ms (next.js: 110ms, proxy.ts: 16ms, application-code: 102ms)
✓ Compiled in 41ms
 GET /creator-studio/collective 200 in 947ms (next.js: 5ms, proxy.ts: 7ms, application-code: 935ms)
 GET /dashboard 200 in 945ms (next.js: 124ms, proxy.ts: 6ms, application-code: 815ms)
 GET / 200 in 951ms (next.js: 775ms, proxy.ts: 49ms, application-code: 127ms)
 GET /creator-studio/collective 200 in 92ms (next.js: 57ms, proxy.ts: 3ms, application-code: 32ms)
 GET /dashboard 200 in 94ms (next.js: 41ms, proxy.ts: 3ms, application-code: 50ms)
 GET / 200 in 112ms (next.js: 3ms, proxy.ts: 4ms, application-code: 105ms)
 GET /dashboard 200 in 94ms (next.js: 3ms, proxy.ts: 4ms, application-code: 87ms)
 GET /creator-studio/collective 200 in 104ms (next.js: 39ms, proxy.ts: 35ms, application-code: 31ms)
 GET / 200 in 124ms (next.js: 37ms, proxy.ts: 4ms, application-code: 83ms)
✓ Compiled in 46ms
 GET /dashboard 200 in 108ms (next.js: 49ms, proxy.ts: 14ms, application-code: 46ms)
 GET /creator-studio/collective 200 in 108ms (next.js: 69ms, proxy.ts: 4ms, application-code: 35ms)
 GET / 200 in 140ms (next.js: 4ms, proxy.ts: 15ms, application-code: 121ms)
✓ Compiled in 75ms
 GET /creator-studio/collective 200 in 269ms (next.js: 17ms, proxy.ts: 10ms, application-code: 242ms)
 GET /dashboard 200 in 269ms (next.js: 184ms, proxy.ts: 16ms, application-code: 69ms)
 GET / 200 in 301ms (next.js: 114ms, proxy.ts: 18ms, application-code: 169ms)
✓ Compiled in 31ms
 GET /dashboard 200 in 123ms (next.js: 9ms, proxy.ts: 14ms, application-code: 100ms)
 GET /creator-studio/collective 200 in 119ms (next.js: 82ms, proxy.ts: 7ms, application-code: 30ms)
 GET / 200 in 155ms (next.js: 26ms, proxy.ts: 14ms, application-code: 114ms)
 GET /creator-studio/collective 200 in 127ms (next.js: 94ms, proxy.ts: 5ms, application-code: 28ms)
 GET /dashboard 200 in 133ms (next.js: 6ms, proxy.ts: 4ms, application-code: 122ms)
 GET / 200 in 145ms (next.js: 22ms, proxy.ts: 4ms, application-code: 119ms)
 GET /creator-studio/collective 200 in 281ms (next.js: 140ms, proxy.ts: 59ms, application-code: 83ms)
 GET /creator-studio/collective 200 in 435ms (next.js: 16ms, proxy.ts: 15ms, application-code: 404ms)
 GET /api/uploads/covers/feb8b2b248c74ed49c4daa30e48b5aaa_ocean.jpeg 404 in 327ms (next.js: 68ms, application-code: 259ms)
 GET /creator-studio/settings 200 in 101ms (next.js: 47ms, proxy.ts: 4ms, application-code: 50ms)
 GET /creator-studio/settings 200 in 102ms (next.js: 4ms, proxy.ts: 5ms, application-code: 93ms)
 GET /dashboard 200 in 385ms (next.js: 7ms, proxy.ts: 5ms, application-code: 372ms)
✓ Compiled in 203ms
 GET /creator-studio/settings 200 in 638ms (next.js: 37ms, proxy.ts: 43ms, application-code: 558ms)
 GET /dashboard 200 in 580ms (next.js: 241ms, proxy.ts: 207ms, application-code: 132ms)
 GET / 200 in 655ms (next.js: 206ms, proxy.ts: 50ms, application-code: 399ms)
✓ Compiled in 89ms
 GET /creator-studio/settings 200 in 201ms (next.js: 5ms, proxy.ts: 13ms, application-code: 183ms)
 GET /dashboard 200 in 202ms (next.js: 128ms, proxy.ts: 7ms, application-code: 67ms)
 GET / 200 in 241ms (next.js: 33ms, proxy.ts: 13ms, application-code: 195ms)
✓ Compiled in 263ms
 GET /creator-studio/settings 200 in 385ms (next.js: 271ms, proxy.ts: 17ms, application-code: 96ms)
 GET /dashboard 200 in 401ms (next.js: 11ms, proxy.ts: 17ms, application-code: 373ms)
 GET / 200 in 467ms (next.js: 75ms, proxy.ts: 17ms, application-code: 374ms)
✓ Compiled in 272ms
 GET /creator-studio/settings 200 in 338ms (next.js: 24ms, proxy.ts: 52ms, application-code: 263ms)
 GET /dashboard 200 in 282ms (next.js: 129ms, proxy.ts: 71ms, application-code: 82ms)
 GET / 200 in 325ms (next.js: 75ms, proxy.ts: 19ms, application-code: 231ms)
 GET /spaces/fresh-collective 200 in 610ms (next.js: 152ms, proxy.ts: 16ms, application-code: 443ms)
[browser] Detected `scroll-behavior: smooth` on the `<html>` element. To disable smooth scrolling during route transitions, add `data-scroll-behavior="smooth"` to your <html> element. Learn more: https://nextjs.org/docs/messages/missing-data-scroll-behavior
 GET /spaces/fresh-collective 200 in 620ms (next.js: 138ms, proxy.ts: 114ms, application-code: 368ms)
 GET /spaces/fresh-collective/pathways/real-journey 200 in 193ms (next.js: 101ms, proxy.ts: 13ms, application-code: 79ms)
✓ Compiled in 215ms
 GET /creator-studio/settings 200 in 409ms (next.js: 33ms, proxy.ts: 55ms, application-code: 320ms)
 GET /dashboard 200 in 408ms (next.js: 121ms, proxy.ts: 47ms, application-code: 241ms)
 GET / 200 in 413ms (next.js: 205ms, proxy.ts: 29ms, application-code: 179ms)
✓ Compiled in 80ms
 GET /creator-studio/settings 200 in 301ms (next.js: 233ms, proxy.ts: 23ms, application-code: 46ms)
 GET /dashboard 200 in 315ms (next.js: 24ms, proxy.ts: 12ms, application-code: 279ms)
 GET / 200 in 358ms (next.js: 64ms, proxy.ts: 13ms, application-code: 281ms)
✓ Compiled in 120ms
 GET /creator-studio/settings 200 in 2.7s (next.js: 2.3s, proxy.ts: 138ms, application-code: 207ms)
 GET /dashboard 200 in 2.8s (next.js: 255ms, proxy.ts: 2.3s, application-code: 175ms)
 GET / 200 in 2.9s (next.js: 108ms, proxy.ts: 149ms, application-code: 2.7s)
✓ Compiled in 168ms
 GET /creator-studio/settings 200 in 309ms (next.js: 9ms, proxy.ts: 17ms, application-code: 283ms)
 GET /dashboard 200 in 306ms (next.js: 227ms, proxy.ts: 11ms, application-code: 68ms)
 GET / 200 in 323ms (next.js: 72ms, proxy.ts: 11ms, application-code: 240ms)
✓ Compiled in 116ms
 GET /creator-studio/settings 200 in 491ms (next.js: 402ms, proxy.ts: 20ms, application-code: 69ms)
 GET /dashboard 200 in 513ms (next.js: 117ms, proxy.ts: 27ms, application-code: 369ms)
 GET / 200 in 547ms (next.js: 174ms, proxy.ts: 26ms, application-code: 347ms)
✓ Compiled in 100ms
 GET /creator-studio/settings 200 in 303ms (next.js: 8ms, proxy.ts: 13ms, application-code: 282ms)
 GET /dashboard 200 in 301ms (next.js: 222ms, proxy.ts: 6ms, application-code: 73ms)
 GET / 200 in 354ms (next.js: 47ms, proxy.ts: 8ms, application-code: 298ms)
✓ Compiled in 243ms
 GET /creator-studio/settings 200 in 350ms (next.js: 33ms, proxy.ts: 27ms, application-code: 290ms)
 GET /dashboard 200 in 347ms (next.js: 231ms, proxy.ts: 25ms, application-code: 91ms)
 GET / 200 in 407ms (next.js: 109ms, proxy.ts: 24ms, application-code: 274ms)
 GET /spaces/fresh-collective 200 in 1712ms (next.js: 256ms, proxy.ts: 463ms, application-code: 993ms)
 GET /spaces/fresh-collective/pathways 200 in 860ms (next.js: 232ms, proxy.ts: 103ms, application-code: 526ms)
 GET /spaces/fresh-collective/community 200 in 186ms (next.js: 102ms, proxy.ts: 7ms, application-code: 77ms)
 GET /spaces/fresh-collective/events 200 in 190ms (next.js: 67ms, proxy.ts: 3ms, application-code: 120ms)
 GET /spaces/fresh-collective/members 200 in 153ms (next.js: 82ms, proxy.ts: 4ms, application-code: 67ms)
 GET /spaces/fresh-collective/pathways 200 in 117ms (next.js: 49ms, proxy.ts: 4ms, application-code: 64ms)
 GET /dashboard 200 in 122ms (next.js: 6ms, proxy.ts: 8ms, application-code: 107ms)
 GET /spaces/fresh-collective 200 in 211ms (next.js: 41ms, proxy.ts: 3ms, application-code: 167ms)
 GET /dashboard 200 in 375ms (next.js: 52ms, proxy.ts: 23ms, application-code: 300ms)
✓ Compiled in 113ms
 GET /creator-studio/settings 200 in 474ms (next.js: 371ms, proxy.ts: 34ms, application-code: 70ms)
 GET /dashboard 200 in 498ms (next.js: 36ms, proxy.ts: 30ms, application-code: 431ms)
 GET / 200 in 505ms (next.js: 119ms, proxy.ts: 41ms, application-code: 344ms)
✓ Compiled in 336ms
 GET /creator-studio/settings 200 in 717ms (next.js: 295ms, proxy.ts: 11ms, application-code: 411ms)
 GET /dashboard 200 in 945ms (next.js: 450ms, proxy.ts: 151ms, application-code: 344ms)
 GET /creator-studio/settings 200 in 224ms (next.js: 12ms, proxy.ts: 96ms, application-code: 116ms)
 GET /creator-studio/settings 200 in 223ms (next.js: 66ms, proxy.ts: 99ms, application-code: 58ms)
 GET /dashboard 200 in 111ms (next.js: 7ms, proxy.ts: 9ms, application-code: 94ms)
 GET / 200 in 1153ms (next.js: 406ms, proxy.ts: 11ms, application-code: 736ms)
 GET /dashboard 200 in 93ms (next.js: 4ms, proxy.ts: 8ms, application-code: 80ms)
 GET / 200 in 167ms (next.js: 5ms, proxy.ts: 6ms, application-code: 156ms)
 GET / 200 in 131ms (next.js: 7ms, proxy.ts: 5ms, application-code: 119ms)
✓ Compiled in 74ms
 GET /creator-studio/settings 200 in 171ms (next.js: 24ms, proxy.ts: 7ms, application-code: 140ms)
 GET /dashboard 200 in 181ms (next.js: 53ms, proxy.ts: 8ms, application-code: 120ms)
 GET / 200 in 216ms (next.js: 73ms, proxy.ts: 26ms, application-code: 117ms)
✓ Compiled in 61ms
 GET /creator-studio/settings 200 in 223ms (next.js: 55ms, proxy.ts: 15ms, application-code: 152ms)
 GET /dashboard 200 in 229ms (next.js: 10ms, proxy.ts: 15ms, application-code: 204ms)
 GET / 200 in 265ms (next.js: 116ms, proxy.ts: 8ms, application-code: 141ms)
✓ Compiled in 55ms
 GET /creator-studio/settings 200 in 577ms (next.js: 103ms, proxy.ts: 8ms, application-code: 466ms)
 GET /dashboard 200 in 649ms (next.js: 5ms, proxy.ts: 10ms, application-code: 634ms)
 GET / 200 in 915ms (next.js: 34ms, proxy.ts: 10ms, application-code: 871ms)
✓ Compiled in 146ms
 GET /creator-studio/settings 200 in 413ms (next.js: 346ms, proxy.ts: 21ms, application-code: 46ms)
 GET /dashboard 200 in 524ms (next.js: 93ms, proxy.ts: 108ms, application-code: 323ms)
 GET /creator-studio/settings 200 in 113ms (next.js: 6ms, proxy.ts: 24ms, application-code: 83ms)
 GET /dashboard 200 in 116ms (next.js: 39ms, proxy.ts: 23ms, application-code: 55ms)
 GET /creator-studio/settings 200 in 147ms (next.js: 19ms, proxy.ts: 6ms, application-code: 121ms)
 GET / 200 in 789ms (next.js: 227ms, proxy.ts: 116ms, application-code: 447ms)
 GET /dashboard 200 in 158ms (next.js: 9ms, proxy.ts: 53ms, application-code: 96ms)
 GET / 200 in 190ms (next.js: 7ms, proxy.ts: 7ms, application-code: 176ms)
 GET / 200 in 144ms (next.js: 3ms, proxy.ts: 6ms, application-code: 135ms)
✓ Compiled in 71ms
 GET /creator-studio/settings 200 in 163ms (next.js: 108ms, proxy.ts: 17ms, application-code: 38ms)
 GET /dashboard 200 in 168ms (next.js: 12ms, proxy.ts: 13ms, application-code: 143ms)
 GET / 200 in 187ms (next.js: 38ms, proxy.ts: 16ms, application-code: 133ms)
✓ Compiled in 77ms
 GET /creator-studio/settings 200 in 141ms (next.js: 75ms, proxy.ts: 38ms, application-code: 29ms)
 GET /dashboard 200 in 149ms (next.js: 5ms, proxy.ts: 5ms, application-code: 139ms)
 GET / 200 in 179ms (next.js: 37ms, proxy.ts: 6ms, application-code: 136ms)
✓ Compiled in 41ms
 GET /creator-studio/settings 200 in 135ms (next.js: 103ms, proxy.ts: 8ms, application-code: 24ms)
 GET /dashboard 200 in 142ms (next.js: 7ms, proxy.ts: 6ms, application-code: 128ms)
 GET / 200 in 170ms (next.js: 38ms, proxy.ts: 6ms, application-code: 125ms)
✓ Compiled in 59ms
 GET /creator-studio/settings 200 in 136ms (next.js: 101ms, proxy.ts: 6ms, application-code: 29ms)
 GET /dashboard 200 in 147ms (next.js: 5ms, proxy.ts: 6ms, application-code: 136ms)
 GET / 200 in 176ms (next.js: 27ms, proxy.ts: 6ms, application-code: 142ms)
 GET /spaces/fresh-collective 200 in 696ms (next.js: 190ms, proxy.ts: 68ms, application-code: 437ms)
 GET /spaces/fresh-collective/pathways 200 in 177ms (next.js: 90ms, proxy.ts: 5ms, application-code: 82ms)
 GET /spaces/fresh-collective/community 200 in 263ms (next.js: 165ms, proxy.ts: 7ms, application-code: 90ms)
 GET /spaces/fresh-collective/events 200 in 147ms (next.js: 74ms, proxy.ts: 7ms, application-code: 67ms)
 GET /spaces/fresh-collective/pathways 200 in 161ms (next.js: 58ms, proxy.ts: 4ms, application-code: 99ms)
 GET /dashboard 200 in 117ms (next.js: 8ms, proxy.ts: 8ms, application-code: 101ms)
 GET /spaces/fresh-collective/pathways/real-journey/recognise 200 in 322ms (next.js: 110ms, proxy.ts: 16ms, application-code: 197ms)
 GET /dashboard 200 in 164ms (next.js: 5ms, proxy.ts: 6ms, application-code: 153ms)
 GET /spaces/fresh-collective 200 in 295ms (next.js: 91ms, proxy.ts: 9ms, application-code: 195ms)
 GET /spaces/fresh-collective/pathways/real-journey/recognise 200 in 191ms (next.js: 50ms, proxy.ts: 7ms, application-code: 134ms)
 GET /dashboard 200 in 521ms (next.js: 116ms, proxy.ts: 33ms, application-code: 372ms)
 GET /spaces/fresh-collective 200 in 944ms (next.js: 193ms, proxy.ts: 37ms, application-code: 714ms)
 GET /dashboard 200 in 158ms (next.js: 9ms, proxy.ts: 5ms, application-code: 144ms)
✓ Compiled in 208ms
 GET /creator-studio/settings 200 in 380ms (next.js: 288ms, proxy.ts: 22ms, application-code: 70ms)
 GET /dashboard 200 in 443ms (next.js: 206ms, proxy.ts: 61ms, application-code: 176ms)
 GET / 200 in 475ms (next.js: 23ms, proxy.ts: 62ms, application-code: 391ms)
✓ Compiled in 406ms
 GET /creator-studio/settings 200 in 576ms (next.js: 360ms, proxy.ts: 85ms, application-code: 132ms)
 GET /dashboard 200 in 613ms (next.js: 191ms, proxy.ts: 135ms, application-code: 287ms)
 GET / 200 in 738ms (next.js: 89ms, proxy.ts: 80ms, application-code: 569ms)
✓ Compiled in 88ms
 GET /creator-studio/settings 200 in 258ms (next.js: 13ms, proxy.ts: 12ms, application-code: 232ms)
 GET /dashboard 200 in 259ms (next.js: 178ms, proxy.ts: 13ms, application-code: 68ms)
 GET / 200 in 282ms (next.js: 61ms, proxy.ts: 12ms, application-code: 209ms)
✓ Compiled in 226ms
 GET /creator-studio/settings 200 in 303ms (next.js: 45ms, proxy.ts: 38ms, application-code: 219ms)
 GET /dashboard 200 in 285ms (next.js: 156ms, proxy.ts: 54ms, application-code: 74ms)
 GET / 200 in 351ms (next.js: 74ms, proxy.ts: 45ms, application-code: 232ms)
✓ Compiled in 270ms
 GET /creator-studio/settings 200 in 508ms (next.js: 198ms, proxy.ts: 53ms, application-code: 257ms)
 GET /dashboard 200 in 524ms (next.js: 240ms, proxy.ts: 90ms, application-code: 194ms)
 GET / 200 in 600ms (next.js: 91ms, proxy.ts: 18ms, application-code: 491ms)
 GET /spaces/fresh-collective/pathways/real-journey/recognise 200 in 593ms (next.js: 223ms, proxy.ts: 23ms, application-code: 347ms)
 GET /spaces/fresh-collective 200 in 335ms (next.js: 70ms, proxy.ts: 4ms, application-code: 260ms)
 GET /dashboard 200 in 405ms (next.js: 27ms, proxy.ts: 19ms, application-code: 359ms)
 GET /creator-studio/collective 200 in 392ms (next.js: 78ms, proxy.ts: 86ms, application-code: 228ms)
 GET /api/uploads/covers/0e61c310c1a74f82b57afaa1346ad853_8_Things_Your_Human_Design_Can_Help_With.jpg 404 in 270ms (next.js: 45ms, application-code: 226ms)
 GET /creator-studio/pathways 200 in 114ms (next.js: 38ms, proxy.ts: 14ms, application-code: 62ms)
 GET /creator-studio/gatherings 200 in 107ms (next.js: 33ms, proxy.ts: 9ms, application-code: 65ms)
 GET /creator/spaces/winters-playground/events/new 200 in 202ms (next.js: 105ms, proxy.ts: 4ms, application-code: 94ms)
 GET /creator/spaces/winters-playground/events 200 in 293ms (next.js: 110ms, proxy.ts: 18ms, application-code: 166ms)
 GET /creator/spaces/winters-playground/events 200 in 297ms (next.js: 27ms, proxy.ts: 8ms, application-code: 262ms)
 GET /creator/spaces/winters-playground/community 200 in 744ms (next.js: 672ms, proxy.ts: 7ms, application-code: 65ms)
 GET /creator/spaces/winters-playground 200 in 936ms (next.js: 766ms, proxy.ts: 16ms, application-code: 153ms)
 GET /creator/spaces/winters-playground/pathways 200 in 167ms (next.js: 92ms, proxy.ts: 5ms, application-code: 70ms)
 GET /creator 200 in 105ms (next.js: 37ms, proxy.ts: 6ms, application-code: 63ms)
 GET /dashboard 200 in 125ms (next.js: 4ms, proxy.ts: 4ms, application-code: 117ms)
 GET /creator-studio 200 in 124ms (next.js: 27ms, proxy.ts: 5ms, application-code: 92ms)
 GET /creator-studio/collective 200 in 146ms (next.js: 8ms, proxy.ts: 6ms, application-code: 132ms)
 GET /api/uploads/covers/0e61c310c1a74f82b57afaa1346ad853_8_Things_Your_Human_Design_Can_Help_With.jpg 404 in 76ms (next.js: 5ms, application-code: 71ms)
 GET /creator-studio/settings 200 in 50ms (next.js: 6ms, proxy.ts: 5ms, application-code: 40ms)
 GET /creator-studio/settings 200 in 109ms (next.js: 7ms, proxy.ts: 10ms, application-code: 92ms)
 GET /creator-studio/collective 200 in 111ms (next.js: 3ms, proxy.ts: 3ms, application-code: 105ms)
 GET /api/uploads/covers/0e61c310c1a74f82b57afaa1346ad853_8_Things_Your_Human_Design_Can_Help_With.jpg 404 in 60ms (next.js: 4ms, application-code: 55ms)
 GET /api/uploads/covers/0e61c310c1a74f82b57afaa1346ad853_8_Things_Your_Human_Design_Can_Help_With.jpg 404 in 49ms (next.js: 4ms, application-code: 46ms)
✓ Compiled in 417ms
 GET /creator-studio/collective 200 in 481ms (next.js: 186ms, proxy.ts: 158ms, application-code: 137ms)
 GET /dashboard 200 in 339ms (next.js: 75ms, proxy.ts: 185ms, application-code: 79ms)
 GET / 200 in 573ms (next.js: 22ms, proxy.ts: 194ms, application-code: 357ms)
✓ Compiled in 73ms
 GET /creator-studio/collective 200 in 302ms (next.js: 13ms, proxy.ts: 14ms, application-code: 275ms)
 GET /dashboard 200 in 299ms (next.js: 223ms, proxy.ts: 15ms, application-code: 61ms)
 GET / 200 in 336ms (next.js: 66ms, proxy.ts: 14ms, application-code: 256ms)
✓ Compiled in 88ms
 GET /creator-studio/collective 200 in 268ms (next.js: 16ms, proxy.ts: 31ms, application-code: 220ms)
 GET /dashboard 200 in 262ms (next.js: 169ms, proxy.ts: 25ms, application-code: 69ms)
 GET / 200 in 302ms (next.js: 83ms, proxy.ts: 25ms, application-code: 194ms)
 GET /creator-studio 200 in 344ms (next.js: 22ms, proxy.ts: 18ms, application-code: 304ms)
 GET /spaces/fresh-collective 200 in 298ms (next.js: 61ms, proxy.ts: 19ms, application-code: 218ms)
 GET /dashboard 200 in 352ms (next.js: 30ms, proxy.ts: 22ms, application-code: 301ms)
✓ Compiled in 571ms
 GET /creator-studio 200 in 664ms (next.js: 29ms, proxy.ts: 117ms, application-code: 519ms)
 GET /dashboard 200 in 663ms (next.js: 142ms, proxy.ts: 106ms, application-code: 416ms)
 GET / 200 in 619ms (next.js: 327ms, proxy.ts: 47ms, application-code: 246ms)
✓ Compiled in 77ms
 GET /creator-studio 200 in 303ms (next.js: 64ms, proxy.ts: 9ms, application-code: 231ms)
 GET /dashboard 200 in 312ms (next.js: 10ms, proxy.ts: 10ms, application-code: 292ms)
 GET / 200 in 359ms (next.js: 184ms, proxy.ts: 11ms, application-code: 165ms)
✓ Compiled in 82ms
 GET /creator-studio 200 in 278ms (next.js: 136ms, proxy.ts: 25ms, application-code: 117ms)
 GET /dashboard 200 in 284ms (next.js: 165ms, proxy.ts: 27ms, application-code: 92ms)
 GET / 200 in 298ms (next.js: 4ms, proxy.ts: 25ms, application-code: 269ms)
✓ Compiled in 72ms
 GET /creator-studio 200 in 293ms (next.js: 207ms, proxy.ts: 26ms, application-code: 60ms)
 GET /dashboard 200 in 306ms (next.js: 20ms, proxy.ts: 17ms, application-code: 268ms)
 GET / 200 in 336ms (next.js: 106ms, proxy.ts: 18ms, application-code: 212ms)
✓ Compiled in 61ms
 GET /creator-studio 200 in 322ms (next.js: 19ms, proxy.ts: 9ms, application-code: 294ms)
 GET /dashboard 200 in 328ms (next.js: 215ms, proxy.ts: 14ms, application-code: 98ms)
 GET / 200 in 368ms (next.js: 85ms, proxy.ts: 13ms, application-code: 269ms)
 GET /spaces/fresh-collective 200 in 935ms (next.js: 214ms, proxy.ts: 28ms, application-code: 693ms)
 GET /spaces/fresh-collective 200 in 641ms (next.js: 75ms, proxy.ts: 148ms, application-code: 418ms)
✓ Compiled in 213ms
 GET /creator-studio 200 in 491ms (next.js: 143ms, proxy.ts: 43ms, application-code: 306ms)
 GET /dashboard 200 in 526ms (next.js: 43ms, proxy.ts: 45ms, application-code: 438ms)
 GET / 200 in 551ms (next.js: 260ms, proxy.ts: 47ms, application-code: 245ms)
✓ Compiled in 122ms
 GET /creator-studio 200 in 236ms (next.js: 143ms, proxy.ts: 13ms, application-code: 79ms)
 GET /dashboard 200 in 275ms (next.js: 12ms, proxy.ts: 37ms, application-code: 226ms)
 GET /creator-studio 200 in 222ms (next.js: 8ms, proxy.ts: 4ms, application-code: 210ms)
 GET /dashboard 200 in 1079ms (next.js: 4ms, proxy.ts: 55ms, application-code: 1019ms)
 GET /creator-studio 200 in 952ms (next.js: 34ms, proxy.ts: 56ms, application-code: 862ms)
 GET /creator-studio 200 in 148ms (next.js: 9ms, proxy.ts: 54ms, application-code: 85ms)
 GET / 200 in 2.5s (next.js: 64ms, proxy.ts: 12ms, application-code: 2.5s)
 GET /dashboard 200 in 1190ms (next.js: 54ms, proxy.ts: 60ms, application-code: 1076ms)
 GET /creator-studio 200 in 588ms (next.js: 33ms, proxy.ts: 13ms, application-code: 542ms)
 GET /creator-studio 200 in 591ms (next.js: 128ms, proxy.ts: 23ms, application-code: 440ms)
 GET /creator-studio 200 in 303ms (next.js: 8ms, proxy.ts: 96ms, application-code: 199ms)
 GET /creator-studio 200 in 302ms (next.js: 32ms, proxy.ts: 95ms, application-code: 174ms)
 GET /dashboard 200 in 656ms (next.js: 232ms, proxy.ts: 122ms, application-code: 302ms)
 GET /creator-studio 200 in 119ms (next.js: 4ms, proxy.ts: 5ms, application-code: 110ms)
 GET /dashboard 200 in 496ms (next.js: 17ms, proxy.ts: 16ms, application-code: 463ms)
 GET /dashboard 200 in 497ms (next.js: 60ms, proxy.ts: 17ms, application-code: 420ms)
 GET /dashboard 200 in 283ms (next.js: 13ms, proxy.ts: 12ms, application-code: 258ms)
 GET /dashboard 200 in 283ms (next.js: 48ms, proxy.ts: 15ms, application-code: 220ms)
 GET /dashboard 200 in 283ms (next.js: 87ms, proxy.ts: 16ms, application-code: 179ms)
 GET / 200 in 1195ms (next.js: 167ms, proxy.ts: 33ms, application-code: 995ms)
 GET / 200 in 204ms (next.js: 3ms, proxy.ts: 5ms, application-code: 196ms)
 GET / 200 in 219ms (next.js: 10ms, proxy.ts: 15ms, application-code: 195ms)
 GET / 200 in 142ms (next.js: 6ms, proxy.ts: 8ms, application-code: 128ms)
 GET / 200 in 142ms (next.js: 4ms, proxy.ts: 8ms, application-code: 130ms)
 GET / 200 in 114ms (next.js: 6ms, proxy.ts: 5ms, application-code: 103ms)
 GET / 200 in 151ms (next.js: 11ms, proxy.ts: 4ms, application-code: 136ms)
 GET / 200 in 154ms (next.js: 4ms, proxy.ts: 6ms, application-code: 144ms)
 GET /spaces/fresh-collective 200 in 986ms (next.js: 140ms, proxy.ts: 42ms, application-code: 804ms)
 GET /dashboard 200 in 213ms (next.js: 19ms, proxy.ts: 8ms, application-code: 186ms)
 GET /spaces/fresh-collective 200 in 793ms (next.js: 151ms, proxy.ts: 38ms, application-code: 603ms)
 GET /spaces/fresh-collective/pathways/real-journey/recognise 200 in 548ms (next.js: 58ms, proxy.ts: 16ms, application-code: 474ms)
 GET /spaces/fresh-collective/community 200 in 231ms (next.js: 76ms, proxy.ts: 13ms, application-code: 142ms)
 GET /dashboard 200 in 233ms (next.js: 13ms, proxy.ts: 22ms, application-code: 199ms)
 GET /spaces/fresh-collective 200 in 696ms (next.js: 90ms, proxy.ts: 15ms, application-code: 591ms)
✓ Compiled in 272ms
 GET /creator-studio 200 in 454ms (next.js: 333ms, proxy.ts: 37ms, application-code: 83ms)
 GET /dashboard 200 in 534ms (next.js: 53ms, proxy.ts: 87ms, application-code: 394ms)
 GET / 200 in 569ms (next.js: 147ms, proxy.ts: 90ms, application-code: 332ms)
✓ Compiled in 204ms
 GET /creator-studio 200 in 475ms (next.js: 16ms, proxy.ts: 23ms, application-code: 436ms)
 GET /dashboard 200 in 464ms (next.js: 312ms, proxy.ts: 17ms, application-code: 135ms)
 GET / 200 in 484ms (next.js: 117ms, proxy.ts: 16ms, application-code: 351ms)
 GET /creator-studio/collective 200 in 175ms (next.js: 10ms, proxy.ts: 6ms, application-code: 158ms)
 GET /api/uploads/covers/0e61c310c1a74f82b57afaa1346ad853_8_Things_Your_Human_Design_Can_Help_With.jpg 404 in 91ms (next.js: 29ms, application-code: 62ms)
 GET /creator-studio/collective 200 in 130ms (next.js: 3ms, proxy.ts: 3ms, application-code: 124ms)
 GET /api/uploads/covers/0c72f2c07d394a5d962a8ef4535bea26_hawaii-beach.png 404 in 66ms (next.js: 4ms, application-code: 62ms)
✓ Compiled in 143ms
 GET /creator-studio/collective 200 in 286ms (next.js: 152ms, proxy.ts: 12ms, application-code: 121ms)
 GET /dashboard 200 in 487ms (next.js: 200ms, proxy.ts: 14ms, application-code: 273ms)
 GET /creator-studio/collective 200 in 526ms (next.js: 6ms, proxy.ts: 10ms, application-code: 510ms)
 GET /creator-studio/collective 200 in 527ms (next.js: 84ms, proxy.ts: 10ms, application-code: 433ms)
 GET /creator-studio/collective 200 in 518ms (next.js: 13ms, proxy.ts: 22ms, application-code: 482ms)
 GET /creator-studio/collective 200 in 525ms (next.js: 88ms, proxy.ts: 20ms, application-code: 416ms)
 GET /creator-studio/collective 200 in 513ms (next.js: 151ms, proxy.ts: 72ms, application-code: 290ms)
 GET /creator-studio/collective 200 in 298ms (next.js: 21ms, proxy.ts: 14ms, application-code: 263ms)
 GET /dashboard 200 in 488ms (next.js: 11ms, proxy.ts: 12ms, application-code: 465ms)
 GET /dashboard 200 in 486ms (next.js: 60ms, proxy.ts: 13ms, application-code: 414ms)
 GET /dashboard 200 in 565ms (next.js: 99ms, proxy.ts: 21ms, application-code: 445ms)
 GET /dashboard 200 in 559ms (next.js: 70ms, proxy.ts: 107ms, application-code: 382ms)
 GET / 200 in 1770ms (next.js: 45ms, proxy.ts: 25ms, application-code: 1701ms)
 GET /dashboard 200 in 459ms (next.js: 16ms, proxy.ts: 15ms, application-code: 429ms)
 GET /dashboard 200 in 464ms (next.js: 86ms, proxy.ts: 18ms, application-code: 359ms)
 GET /dashboard 200 in 467ms (next.js: 136ms, proxy.ts: 20ms, application-code: 310ms)
 GET /creator-studio/collective 200 in 263ms (next.js: 64ms, proxy.ts: 9ms, application-code: 190ms)
 GET /dashboard 200 in 421ms (next.js: 13ms, proxy.ts: 7ms, application-code: 401ms)
 GET /creator-studio/collective 200 in 251ms (next.js: 13ms, proxy.ts: 17ms, application-code: 220ms)
 GET / 200 in 296ms (next.js: 7ms, proxy.ts: 70ms, application-code: 218ms)
 GET / 200 in 239ms (next.js: 8ms, proxy.ts: 5ms, application-code: 226ms)
 GET / 200 in 134ms (next.js: 4ms, proxy.ts: 6ms, application-code: 123ms)
 GET / 200 in 103ms (next.js: 6ms, proxy.ts: 4ms, application-code: 94ms)
 GET / 200 in 102ms (next.js: 5ms, proxy.ts: 3ms, application-code: 93ms)
 GET / 200 in 132ms (next.js: 7ms, proxy.ts: 5ms, application-code: 120ms)
 GET / 200 in 177ms (next.js: 85ms, proxy.ts: 8ms, application-code: 85ms)
 GET / 200 in 180ms (next.js: 5ms, proxy.ts: 8ms, application-code: 167ms)
✓ Compiled in 82ms
 GET /creator-studio/collective 200 in 325ms (next.js: 175ms, proxy.ts: 12ms, application-code: 138ms)
 GET /dashboard 200 in 329ms (next.js: 228ms, proxy.ts: 12ms, application-code: 89ms)
 GET / 200 in 422ms (next.js: 14ms, proxy.ts: 17ms, application-code: 391ms)
✓ Compiled in 73ms
 GET /creator-studio/collective 200 in 596ms (next.js: 11ms, proxy.ts: 41ms, application-code: 544ms)
 GET /dashboard 200 in 607ms (next.js: 60ms, proxy.ts: 41ms, application-code: 506ms)
 GET / 200 in 646ms (next.js: 98ms, proxy.ts: 41ms, application-code: 507ms)
✓ Compiled in 96ms
 GET /creator-studio/collective 200 in 270ms (next.js: 13ms, proxy.ts: 13ms, application-code: 244ms)
 GET /dashboard 200 in 269ms (next.js: 79ms, proxy.ts: 18ms, application-code: 173ms)
 GET / 200 in 306ms (next.js: 62ms, proxy.ts: 79ms, application-code: 164ms)
 GET /spaces/fresh-collective 200 in 863ms (next.js: 167ms, proxy.ts: 42ms, application-code: 654ms)
 GET /dashboard 200 in 179ms (next.js: 8ms, proxy.ts: 7ms, application-code: 164ms)
 GET /spaces/fresh-collective 200 in 705ms (next.js: 103ms, proxy.ts: 18ms, application-code: 584ms)
 GET /spaces/fresh-collective/pathways 200 in 188ms (next.js: 65ms, proxy.ts: 8ms, application-code: 115ms)
 GET /spaces/fresh-collective 200 in 1180ms (next.js: 210ms, proxy.ts: 67ms, application-code: 903ms)
 GET /dashboard/explore 200 in 106ms (next.js: 38ms, proxy.ts: 3ms, application-code: 65ms)
 GET /dashboard 200 in 202ms (next.js: 12ms, proxy.ts: 18ms, application-code: 172ms)
✓ Compiled in 246ms
 GET /creator-studio/collective 200 in 666ms (next.js: 460ms, proxy.ts: 58ms, application-code: 148ms)
 GET /dashboard 200 in 731ms (next.js: 25ms, proxy.ts: 95ms, application-code: 611ms)
 GET / 200 in 769ms (next.js: 233ms, proxy.ts: 94ms, application-code: 442ms)
 GET /spaces/fresh-collective 200 in 903ms (next.js: 228ms, proxy.ts: 31ms, application-code: 644ms)
 GET /spaces/fresh-collective 200 in 880ms (next.js: 133ms, proxy.ts: 32ms, application-code: 715ms)
 GET /dashboard 200 in 665ms (next.js: 53ms, proxy.ts: 43ms, application-code: 570ms)
 GET /creator-studio/collective 200 in 102ms (next.js: 15ms, proxy.ts: 46ms, application-code: 41ms)
 GET /creator-studio/collective 200 in 197ms (next.js: 4ms, proxy.ts: 26ms, application-code: 167ms)
 GET /creator-studio/settings 200 in 144ms (next.js: 50ms, proxy.ts: 6ms, application-code: 88ms)
 GET /creator-studio/settings 200 in 229ms (next.js: 23ms, proxy.ts: 28ms, application-code: 178ms)
 GET /dashboard 200 in 528ms (next.js: 9ms, proxy.ts: 8ms, application-code: 511ms)
✓ Compiled in 236ms
 GET /creator-studio/settings 200 in 909ms (next.js: 22ms, proxy.ts: 91ms, application-code: 796ms)
 GET /dashboard 200 in 913ms (next.js: 330ms, proxy.ts: 93ms, application-code: 491ms)
 GET / 200 in 897ms (next.js: 569ms, proxy.ts: 53ms, application-code: 275ms)
✓ Compiled in 114ms
 GET /creator-studio/settings 200 in 237ms (next.js: 67ms, proxy.ts: 10ms, application-code: 159ms)
 GET /dashboard 200 in 250ms (next.js: 13ms, proxy.ts: 9ms, application-code: 228ms)
 GET / 200 in 285ms (next.js: 103ms, proxy.ts: 10ms, application-code: 173ms)
 GET /spaces/fresh-collective 200 in 357ms (next.js: 77ms, proxy.ts: 8ms, application-code: 273ms)
[browser] Detected `scroll-behavior: smooth` on the `<html>` element. To disable smooth scrolling during route transitions, add `data-scroll-behavior="smooth"` to your <html> element. Learn more: https://nextjs.org/docs/messages/missing-data-scroll-behavior
✓ Compiled in 117ms
 GET /creator-studio/settings 200 in 380ms (next.js: 128ms, proxy.ts: 58ms, application-code: 194ms)
 GET /spaces/fresh-collective 200 in 398ms (next.js: 224ms, proxy.ts: 58ms, application-code: 116ms)
 GET / 200 in 471ms (next.js: 11ms, proxy.ts: 62ms, application-code: 398ms)
 GET /dashboard 200 in 491ms (next.js: 41ms, proxy.ts: 46ms, application-code: 404ms)
 GET /spaces/fresh-collective 200 in 565ms (next.js: 117ms, proxy.ts: 26ms, application-code: 422ms)
✓ Compiled in 396ms
 GET /creator-studio/settings 200 in 775ms (next.js: 338ms, proxy.ts: 93ms, application-code: 344ms)
 GET /spaces/fresh-collective 200 in 812ms (next.js: 528ms, proxy.ts: 89ms, application-code: 195ms)
 GET / 200 in 822ms (next.js: 50ms, proxy.ts: 83ms, application-code: 688ms)
✓ Compiled in 162ms
 GET /creator-studio/settings 200 in 735ms (next.js: 350ms, proxy.ts: 14ms, application-code: 371ms)
 GET /spaces/fresh-collective 200 in 818ms (next.js: 561ms, proxy.ts: 48ms, application-code: 209ms)
 GET / 200 in 878ms (next.js: 22ms, proxy.ts: 42ms, application-code: 813ms)
✓ Compiled in 93ms
 GET /creator-studio/settings 200 in 432ms (next.js: 24ms, proxy.ts: 10ms, application-code: 398ms)
 GET /spaces/fresh-collective 200 in 441ms (next.js: 222ms, proxy.ts: 10ms, application-code: 209ms)
 GET / 200 in 443ms (next.js: 56ms, proxy.ts: 23ms, application-code: 364ms)
✓ Compiled in 81ms
 GET /creator-studio/settings 200 in 299ms (next.js: 130ms, proxy.ts: 23ms, application-code: 146ms)
 GET /spaces/fresh-collective 200 in 306ms (next.js: 213ms, proxy.ts: 23ms, application-code: 71ms)
 GET / 200 in 360ms (next.js: 8ms, proxy.ts: 22ms, application-code: 330ms)
✓ Compiled in 62ms
 GET /creator-studio/settings 200 in 330ms (next.js: 6ms, proxy.ts: 7ms, application-code: 317ms)
 GET /spaces/fresh-collective 200 in 344ms (next.js: 213ms, proxy.ts: 8ms, application-code: 124ms)
 GET / 200 in 369ms (next.js: 33ms, proxy.ts: 7ms, application-code: 329ms)
✓ Compiled in 95ms
 GET /creator-studio/settings 200 in 721ms (next.js: 7ms, proxy.ts: 8ms, application-code: 706ms)
 GET /spaces/fresh-collective 200 in 1005ms (next.js: 179ms, proxy.ts: 8ms, application-code: 819ms)
[browser] Updating a style property during rerender (background) when a conflicting property is set (backgroundClip) can lead to styling bugs. To avoid this, don't mix shorthand and non-shorthand properties for the same value; instead, replace the shorthand with separate values. 
 GET / 200 in 1759ms (next.js: 34ms, proxy.ts: 8ms, application-code: 1717ms)
✓ Compiled in 75ms
 GET /creator-studio/settings 200 in 383ms (next.js: 12ms, proxy.ts: 17ms, application-code: 354ms)
 GET /spaces/fresh-collective 200 in 584ms (next.js: 439ms, proxy.ts: 18ms, application-code: 127ms)
 GET / 200 in 590ms (next.js: 151ms, proxy.ts: 18ms, application-code: 422ms)
✓ Compiled in 75ms
 GET /creator-studio/settings 200 in 277ms (next.js: 85ms, proxy.ts: 11ms, application-code: 182ms)
 GET /spaces/fresh-collective 200 in 383ms (next.js: 211ms, proxy.ts: 60ms, application-code: 112ms)
 GET / 200 in 342ms (next.js: 8ms, proxy.ts: 14ms, application-code: 320ms)
✓ Compiled in 62ms
 GET /creator-studio/settings 200 in 322ms (next.js: 6ms, proxy.ts: 7ms, application-code: 308ms)
 GET /spaces/fresh-collective 200 in 332ms (next.js: 206ms, proxy.ts: 6ms, application-code: 120ms)
 GET / 200 in 352ms (next.js: 37ms, proxy.ts: 6ms, application-code: 309ms)
✓ Compiled in 91ms
 GET /creator-studio/settings 200 in 265ms (next.js: 96ms, proxy.ts: 8ms, application-code: 161ms)
 GET /spaces/fresh-collective 200 in 283ms (next.js: 199ms, proxy.ts: 8ms, application-code: 76ms)
 GET / 200 in 313ms (next.js: 10ms, proxy.ts: 9ms, application-code: 294ms)
✓ Compiled in 71ms
 GET /creator-studio/settings 200 in 322ms (next.js: 129ms, proxy.ts: 9ms, application-code: 184ms)
 GET /spaces/fresh-collective 200 in 329ms (next.js: 219ms, proxy.ts: 9ms, application-code: 101ms)
 GET / 200 in 364ms (next.js: 9ms, proxy.ts: 9ms, application-code: 346ms)
 GET /spaces/fresh-collective/pathways/real-journey/recognise 200 in 657ms (next.js: 189ms, proxy.ts: 49ms, application-code: 420ms)
 GET /dashboard 200 in 294ms (next.js: 24ms, proxy.ts: 6ms, application-code: 264ms)
 GET /spaces/fresh-collective 200 in 725ms (next.js: 108ms, proxy.ts: 34ms, application-code: 583ms)
✓ Compiled in 242ms
 GET /creator-studio/settings 200 in 556ms (next.js: 41ms, proxy.ts: 80ms, application-code: 435ms)
 GET /spaces/fresh-collective 200 in 816ms (next.js: 558ms, proxy.ts: 67ms, application-code: 192ms)
 GET / 200 in 854ms (next.js: 201ms, proxy.ts: 66ms, application-code: 587ms)
✓ Compiled in 80ms
 GET /creator-studio/settings 200 in 303ms (next.js: 15ms, proxy.ts: 8ms, application-code: 280ms)
 GET /spaces/fresh-collective 200 in 293ms (next.js: 166ms, proxy.ts: 46ms, application-code: 81ms)
 GET / 200 in 379ms (next.js: 55ms, proxy.ts: 17ms, application-code: 306ms)
✓ Compiled in 68ms
 GET /creator-studio/settings 200 in 486ms (next.js: 163ms, proxy.ts: 8ms, application-code: 315ms)
 GET /spaces/fresh-collective 200 in 499ms (next.js: 322ms, proxy.ts: 7ms, application-code: 170ms)
 GET / 200 in 551ms (next.js: 16ms, proxy.ts: 7ms, application-code: 529ms)
✓ Compiled in 57ms
 GET /creator-studio/settings 200 in 251ms (next.js: 98ms, proxy.ts: 7ms, application-code: 146ms)
 GET /spaces/fresh-collective 200 in 258ms (next.js: 179ms, proxy.ts: 6ms, application-code: 72ms)
 GET / 200 in 282ms (next.js: 5ms, proxy.ts: 6ms, application-code: 271ms)
✓ Compiled in 374ms
 GET /creator-studio/settings 200 in 469ms (next.js: 17ms, proxy.ts: 48ms, application-code: 403ms)
 GET /spaces/fresh-collective 200 in 484ms (next.js: 334ms, proxy.ts: 46ms, application-code: 105ms)
 GET / 200 in 535ms (next.js: 77ms, proxy.ts: 45ms, application-code: 412ms)
✓ Compiled in 66ms
 GET /creator-studio/settings 200 in 322ms (next.js: 6ms, proxy.ts: 27ms, application-code: 290ms)
 GET /spaces/fresh-collective 200 in 329ms (next.js: 229ms, proxy.ts: 26ms, application-code: 74ms)
 GET / 200 in 369ms (next.js: 44ms, proxy.ts: 23ms, application-code: 302ms)
✓ Compiled in 102ms
 GET /creator-studio/settings 200 in 402ms (next.js: 14ms, proxy.ts: 21ms, application-code: 367ms)
 GET /spaces/fresh-collective 200 in 428ms (next.js: 279ms, proxy.ts: 19ms, application-code: 130ms)
 GET / 200 in 449ms (next.js: 101ms, proxy.ts: 18ms, application-code: 330ms)
✓ Compiled in 57ms
 GET /creator-studio/settings 200 in 276ms (next.js: 4ms, proxy.ts: 8ms, application-code: 265ms)
 GET /spaces/fresh-collective 200 in 285ms (next.js: 178ms, proxy.ts: 7ms, application-code: 99ms)
 GET / 200 in 305ms (next.js: 33ms, proxy.ts: 8ms, application-code: 264ms)
✓ Compiled in 50ms
 GET /creator-studio/settings 200 in 277ms (next.js: 98ms, proxy.ts: 9ms, application-code: 171ms)
 GET /spaces/fresh-collective 200 in 295ms (next.js: 191ms, proxy.ts: 8ms, application-code: 96ms)
 GET / 200 in 375ms (next.js: 8ms, proxy.ts: 8ms, application-code: 360ms)
✓ Compiled in 67ms
 GET /creator-studio/settings 200 in 343ms (next.js: 6ms, proxy.ts: 8ms, application-code: 330ms)
 GET /spaces/fresh-collective 200 in 350ms (next.js: 254ms, proxy.ts: 8ms, application-code: 89ms)
 GET / 200 in 378ms (next.js: 59ms, proxy.ts: 7ms, application-code: 312ms)
✓ Compiled in 47ms
 GET /creator-studio/settings 200 in 254ms (next.js: 6ms, proxy.ts: 7ms, application-code: 241ms)
 GET /spaces/fresh-collective 200 in 260ms (next.js: 195ms, proxy.ts: 7ms, application-code: 58ms)
 GET / 200 in 274ms (next.js: 61ms, proxy.ts: 6ms, application-code: 207ms)
[browser] Updating a style property during rerender (background) when a conflicting property is set (backgroundClip) can lead to styling bugs. To avoid this, don't mix shorthand and non-shorthand properties for the same value; instead, replace the shorthand with separate values. 
✓ Compiled in 83ms
 GET /creator-studio/settings 200 in 382ms (next.js: 104ms, proxy.ts: 33ms, application-code: 244ms)
 GET /spaces/fresh-collective 200 in 405ms (next.js: 218ms, proxy.ts: 11ms, application-code: 176ms)
 GET / 200 in 488ms (next.js: 10ms, proxy.ts: 31ms, application-code: 447ms)
 GET /dashboard 200 in 214ms (next.js: 16ms, proxy.ts: 13ms, application-code: 186ms)
✓ Compiled in 85ms
 GET /creator-studio/settings 200 in 266ms (next.js: 9ms, proxy.ts: 9ms, application-code: 248ms)
 GET /dashboard 200 in 272ms (next.js: 64ms, proxy.ts: 8ms, application-code: 200ms)
 GET / 200 in 304ms (next.js: 116ms, proxy.ts: 8ms, application-code: 181ms)
✓ Compiled in 62ms
 GET /creator-studio/settings 200 in 186ms (next.js: 75ms, proxy.ts: 7ms, application-code: 103ms)
 GET /dashboard 200 in 190ms (next.js: 100ms, proxy.ts: 6ms, application-code: 84ms)
 GET / 200 in 215ms (next.js: 5ms, proxy.ts: 7ms, application-code: 203ms)
✓ Compiled in 60ms
 GET /creator-studio/settings 200 in 189ms (next.js: 7ms, proxy.ts: 7ms, application-code: 175ms)
 GET /dashboard 200 in 194ms (next.js: 29ms, proxy.ts: 7ms, application-code: 158ms)
 GET / 200 in 230ms (next.js: 89ms, proxy.ts: 7ms, application-code: 134ms)
✓ Compiled in 64ms
 GET /creator-studio/settings 200 in 195ms (next.js: 7ms, proxy.ts: 9ms, application-code: 179ms)
 GET /dashboard 200 in 198ms (next.js: 37ms, proxy.ts: 9ms, application-code: 152ms)
 GET / 200 in 229ms (next.js: 91ms, proxy.ts: 9ms, application-code: 130ms)
 GET /spaces/fresh-collective 200 in 891ms (next.js: 183ms, proxy.ts: 38ms, application-code: 669ms)
 GET /spaces/fresh-collective/pathways 200 in 200ms (next.js: 68ms, proxy.ts: 5ms, application-code: 127ms)
 GET /spaces/fresh-collective/community 200 in 117ms (next.js: 56ms, proxy.ts: 4ms, application-code: 57ms)
 GET /spaces/fresh-collective/events 200 in 135ms (next.js: 86ms, proxy.ts: 5ms, application-code: 44ms)
 GET /spaces/fresh-collective/members 200 in 127ms (next.js: 78ms, proxy.ts: 3ms, application-code: 46ms)
 GET /spaces/fresh-collective/events 200 in 138ms (next.js: 74ms, proxy.ts: 8ms, application-code: 56ms)
 GET /spaces/fresh-collective/community 200 in 140ms (next.js: 72ms, proxy.ts: 6ms, application-code: 63ms)
 GET /spaces/fresh-collective 200 in 190ms (next.js: 62ms, proxy.ts: 4ms, application-code: 124ms)
 GET /spaces/fresh-collective/pathways/real-journey/recognise 200 in 149ms (next.js: 60ms, proxy.ts: 8ms, application-code: 82ms)
 GET /spaces/fresh-collective/pathways 200 in 569ms (next.js: 83ms, proxy.ts: 16ms, application-code: 471ms)
 GET /spaces/fresh-collective/community 200 in 530ms (next.js: 109ms, proxy.ts: 7ms, application-code: 414ms)
 GET /dashboard/explore 200 in 286ms (next.js: 20ms, proxy.ts: 29ms, application-code: 238ms)
 GET /creator-studio/collective 200 in 673ms (next.js: 161ms, proxy.ts: 62ms, application-code: 450ms)
 GET /api/uploads/covers/0c72f2c07d394a5d962a8ef4535bea26_hawaii-beach.png 404 in 203ms (next.js: 42ms, application-code: 161ms)
 GET /api/uploads/covers/0c72f2c07d394a5d962a8ef4535bea26_hawaii-beach.png 404 in 112ms (next.js: 8ms, application-code: 104ms)
 GET /creator-studio 200 in 135ms (next.js: 12ms, proxy.ts: 5ms, application-code: 118ms)
 GET /spaces 200 in 669ms (next.js: 121ms, proxy.ts: 115ms, application-code: 433ms)
 GET /for-creators 200 in 340ms (next.js: 166ms, proxy.ts: 5ms, application-code: 169ms)
 GET /dashboard/explore 200 in 357ms (next.js: 48ms, proxy.ts: 21ms, application-code: 289ms)
 GET /creator-studio/collective 200 in 145ms (next.js: 8ms, proxy.ts: 6ms, application-code: 132ms)
 GET /api/uploads/covers/0e61c310c1a74f82b57afaa1346ad853_8_Things_Your_Human_Design_Can_Help_With.jpg 404 in 104ms (next.js: 12ms, application-code: 92ms)
 GET /creator-studio/settings 200 in 67ms (next.js: 5ms, proxy.ts: 4ms, application-code: 58ms)
 GET /creator-studio/settings 200 in 268ms (next.js: 22ms, proxy.ts: 24ms, application-code: 222ms)
✓ Compiled in 835ms
 GET /creator-studio/settings 200 in 625ms (next.js: 111ms, proxy.ts: 356ms, application-code: 158ms)
 GET /dashboard/explore 200 in 1355ms (next.js: 836ms, proxy.ts: 14ms, application-code: 505ms)
 GET /creator-studio/settings 200 in 141ms (next.js: 15ms, proxy.ts: 6ms, application-code: 120ms)
 GET /for-creators 200 in 557ms (next.js: 14ms, proxy.ts: 28ms, application-code: 515ms)
 GET /creator-studio/settings 200 in 250ms (next.js: 10ms, proxy.ts: 10ms, application-code: 231ms)
 GET /for-creators 200 in 336ms (next.js: 6ms, proxy.ts: 5ms, application-code: 325ms)
 GET /creator-studio/settings 200 in 207ms (next.js: 14ms, proxy.ts: 18ms, application-code: 175ms)
 GET /creator-studio/settings 200 in 293ms (next.js: 10ms, proxy.ts: 43ms, application-code: 240ms)
 GET /creator-studio/settings 200 in 278ms (next.js: 75ms, proxy.ts: 26ms, application-code: 178ms)
 GET /creator-studio/settings 200 in 275ms (next.js: 10ms, proxy.ts: 11ms, application-code: 255ms)
 GET /creator-studio/settings 200 in 276ms (next.js: 37ms, proxy.ts: 11ms, application-code: 229ms)
 GET /creator-studio/settings 200 in 275ms (next.js: 94ms, proxy.ts: 10ms, application-code: 171ms)
 GET /creator-studio/settings 200 in 322ms (next.js: 13ms, proxy.ts: 15ms, application-code: 293ms)
 GET /creator-studio/settings 200 in 327ms (next.js: 49ms, proxy.ts: 17ms, application-code: 261ms)
 GET /for-creators 200 in 761ms (next.js: 16ms, proxy.ts: 11ms, application-code: 734ms)
 GET /creator-studio/settings 200 in 377ms (next.js: 13ms, proxy.ts: 14ms, application-code: 350ms)
 GET /creator-studio/settings 200 in 375ms (next.js: 37ms, proxy.ts: 12ms, application-code: 326ms)
 GET /creator-studio/settings 200 in 374ms (next.js: 79ms, proxy.ts: 12ms, application-code: 283ms)
 GET /creator-studio/settings 200 in 385ms (next.js: 14ms, proxy.ts: 14ms, application-code: 357ms)
 GET /creator-studio/settings 200 in 423ms (next.js: 63ms, proxy.ts: 12ms, application-code: 348ms)
 GET /creator-studio/settings 200 in 369ms (next.js: 47ms, proxy.ts: 87ms, application-code: 235ms)
 GET /creator-studio/settings 200 in 338ms (next.js: 82ms, proxy.ts: 68ms, application-code: 187ms)
 GET /creator-studio/settings 200 in 294ms (next.js: 112ms, proxy.ts: 25ms, application-code: 157ms)
 GET /creator-studio/settings 200 in 166ms (next.js: 11ms, proxy.ts: 9ms, application-code: 145ms)
 GET /creator-studio/settings 200 in 232ms (next.js: 63ms, proxy.ts: 11ms, application-code: 158ms)
 GET /creator-studio/settings 200 in 177ms (next.js: 11ms, proxy.ts: 38ms, application-code: 128ms)
 GET /creator-studio/settings 200 in 181ms (next.js: 6ms, proxy.ts: 11ms, application-code: 163ms)
 GET /creator-studio/settings 200 in 184ms (next.js: 31ms, proxy.ts: 11ms, application-code: 142ms)
 GET /creator-studio/settings 200 in 142ms (next.js: 6ms, proxy.ts: 6ms, application-code: 130ms)
 GET /for-creators 200 in 622ms (next.js: 18ms, proxy.ts: 68ms, application-code: 536ms)
 GET /creator-studio/settings 200 in 233ms (next.js: 30ms, proxy.ts: 6ms, application-code: 197ms)
 GET /creator-studio/settings 200 in 211ms (next.js: 7ms, proxy.ts: 51ms, application-code: 153ms)
 GET /creator-studio/settings 200 in 239ms (next.js: 12ms, proxy.ts: 10ms, application-code: 217ms)
 GET /creator-studio/settings 200 in 241ms (next.js: 47ms, proxy.ts: 9ms, application-code: 185ms)
 GET /creator-studio/settings 200 in 200ms (next.js: 6ms, proxy.ts: 6ms, application-code: 188ms)
 GET /creator-studio/settings 200 in 231ms (next.js: 29ms, proxy.ts: 7ms, application-code: 195ms)
 GET /creator-studio/settings 200 in 293ms (next.js: 5ms, proxy.ts: 66ms, application-code: 222ms)
 GET /creator-studio/settings 200 in 237ms (next.js: 36ms, proxy.ts: 9ms, application-code: 192ms)
 GET /for-creators 200 in 565ms (next.js: 72ms, proxy.ts: 6ms, application-code: 487ms)
 GET /for-creators 200 in 515ms (next.js: 7ms, proxy.ts: 61ms, application-code: 447ms)
 GET /for-creators 200 in 509ms (next.js: 6ms, proxy.ts: 37ms, application-code: 466ms)
 GET /for-creators 200 in 486ms (next.js: 44ms, proxy.ts: 11ms, application-code: 430ms)
 GET /for-creators 200 in 504ms (next.js: 76ms, proxy.ts: 10ms, application-code: 419ms)
 GET /for-creators 200 in 708ms (next.js: 7ms, proxy.ts: 12ms, application-code: 689ms)
 GET /for-creators 200 in 736ms (next.js: 11ms, proxy.ts: 11ms, application-code: 713ms)
 GET /for-creators 200 in 739ms (next.js: 6ms, proxy.ts: 103ms, application-code: 629ms)
 GET /for-creators 200 in 613ms (next.js: 5ms, proxy.ts: 7ms, application-code: 601ms)
 GET /for-creators 200 in 622ms (next.js: 51ms, proxy.ts: 5ms, application-code: 566ms)
✓ Compiled in 0ms
 GET /for-creators 200 in 731ms (next.js: 234ms, proxy.ts: 36ms, application-code: 460ms)
 GET /for-creators 200 in 860ms (next.js: 457ms, proxy.ts: 69ms, application-code: 334ms)
 GET /for-creators 200 in 896ms (next.js: 508ms, proxy.ts: 89ms, application-code: 299ms)
 GET /for-creators 200 in 769ms (next.js: 351ms, proxy.ts: 10ms, application-code: 408ms)
 GET /for-creators 200 in 689ms (next.js: 20ms, proxy.ts: 37ms, application-code: 633ms)
 GET /for-creators 200 in 656ms (next.js: 462ms, proxy.ts: 12ms, application-code: 182ms)
 GET /for-creators 200 in 3.5s (next.js: 21ms, proxy.ts: 22ms, application-code: 3.5s)
 GET /for-creators 200 in 3.6s (next.js: 76ms, proxy.ts: 26ms, application-code: 3.5s)
 GET /for-creators 200 in 3.6s (next.js: 134ms, proxy.ts: 28ms, application-code: 3.4s)
 GET /for-creators 200 in 3.6s (next.js: 198ms, proxy.ts: 29ms, application-code: 3.4s)
 GET /for-creators 200 in 3.6s (next.js: 1526ms, proxy.ts: 11ms, application-code: 2.0s)
 GET /for-creators 200 in 3.6s (next.js: 314ms, proxy.ts: 29ms, application-code: 3.2s)
 GET /for-creators 200 in 852ms (next.js: 51ms, proxy.ts: 19ms, application-code: 783ms)
 GET /for-creators 200 in 852ms (next.js: 171ms, proxy.ts: 50ms, application-code: 631ms)
 GET /for-creators 200 in 858ms (next.js: 108ms, proxy.ts: 49ms, application-code: 700ms)
 GET /for-creators 200 in 823ms (next.js: 398ms, proxy.ts: 22ms, application-code: 403ms)
 GET /for-creators 200 in 822ms (next.js: 492ms, proxy.ts: 109ms, application-code: 221ms)
 GET /for-creators 200 in 855ms (next.js: 296ms, proxy.ts: 49ms, application-code: 511ms)
 GET /for-creators 200 in 129ms (next.js: 10ms, proxy.ts: 11ms, application-code: 108ms)
 GET /creator-studio 200 in 153ms (next.js: 17ms, proxy.ts: 5ms, application-code: 131ms)
 GET /creator-studio 200 in 1022ms (next.js: 628ms, proxy.ts: 137ms, application-code: 258ms)
 GET /dashboard/explore 200 in 885ms (next.js: 756ms, proxy.ts: 7ms, application-code: 122ms)
 GET /creator-studio 200 in 189ms (next.js: 24ms, proxy.ts: 23ms, application-code: 143ms)
 GET /dashboard/explore 200 in 188ms (next.js: 80ms, proxy.ts: 20ms, application-code: 87ms)
 GET /for-creators 200 in 1094ms (next.js: 412ms, proxy.ts: 8ms, application-code: 675ms)
 GET /creator-studio 200 in 220ms (next.js: 8ms, proxy.ts: 11ms, application-code: 200ms)
 GET /dashboard/explore 200 in 218ms (next.js: 16ms, proxy.ts: 61ms, application-code: 141ms)
 GET /creator-studio 200 in 188ms (next.js: 7ms, proxy.ts: 12ms, application-code: 168ms)
 GET /dashboard/explore 200 in 190ms (next.js: 57ms, proxy.ts: 10ms, application-code: 123ms)
 GET /for-creators 200 in 435ms (next.js: 49ms, proxy.ts: 69ms, application-code: 317ms)
 GET /creator-studio 200 in 225ms (next.js: 17ms, proxy.ts: 16ms, application-code: 192ms)
 GET /dashboard/explore 200 in 203ms (next.js: 63ms, proxy.ts: 6ms, application-code: 134ms)
 GET /for-creators 200 in 287ms (next.js: 31ms, proxy.ts: 52ms, application-code: 203ms)
 GET /creator-studio 200 in 138ms (next.js: 6ms, proxy.ts: 8ms, application-code: 123ms)
 GET /dashboard/explore 200 in 138ms (next.js: 36ms, proxy.ts: 9ms, application-code: 93ms)
 GET /creator-studio 200 in 196ms (next.js: 103ms, proxy.ts: 9ms, application-code: 84ms)
 GET /dashboard/explore 200 in 194ms (next.js: 140ms, proxy.ts: 6ms, application-code: 49ms)
 GET /creator-studio 200 in 120ms (next.js: 7ms, proxy.ts: 10ms, application-code: 104ms)
 GET /dashboard/explore 200 in 118ms (next.js: 65ms, proxy.ts: 9ms, application-code: 45ms)
 GET /for-creators 200 in 333ms (next.js: 9ms, proxy.ts: 12ms, application-code: 312ms)
 GET /creator-studio 200 in 244ms (next.js: 10ms, proxy.ts: 16ms, application-code: 218ms)
 GET /dashboard/explore 200 in 241ms (next.js: 46ms, proxy.ts: 15ms, application-code: 180ms)
 GET /creator-studio 200 in 112ms (next.js: 15ms, proxy.ts: 6ms, application-code: 91ms)
 GET /dashboard/explore 200 in 112ms (next.js: 64ms, proxy.ts: 6ms, application-code: 42ms)
 GET /for-creators 200 in 360ms (next.js: 114ms, proxy.ts: 13ms, application-code: 233ms)
 GET /creator-studio 200 in 245ms (next.js: 12ms, proxy.ts: 11ms, application-code: 222ms)
 GET /dashboard/explore 200 in 245ms (next.js: 51ms, proxy.ts: 11ms, application-code: 183ms)
 GET /creator-studio 200 in 128ms (next.js: 5ms, proxy.ts: 7ms, application-code: 115ms)
 GET /for-creators 200 in 386ms (next.js: 113ms, proxy.ts: 11ms, application-code: 262ms)
 GET /dashboard/explore 200 in 300ms (next.js: 14ms, proxy.ts: 57ms, application-code: 230ms)
 GET /creator-studio 200 in 168ms (next.js: 7ms, proxy.ts: 23ms, application-code: 138ms)
 GET /dashboard/explore 200 in 128ms (next.js: 11ms, proxy.ts: 13ms, application-code: 105ms)
 GET /for-creators 200 in 305ms (next.js: 35ms, proxy.ts: 23ms, application-code: 247ms)
 GET /creator-studio 200 in 137ms (next.js: 47ms, proxy.ts: 14ms, application-code: 76ms)
 GET /dashboard/explore 200 in 209ms (next.js: 11ms, proxy.ts: 10ms, application-code: 188ms)
 GET /creator-studio 200 in 199ms (next.js: 103ms, proxy.ts: 47ms, application-code: 49ms)
 GET /dashboard/explore 200 in 152ms (next.js: 12ms, proxy.ts: 9ms, application-code: 132ms)
 GET /creator-studio 200 in 152ms (next.js: 46ms, proxy.ts: 13ms, application-code: 92ms)
 GET /for-creators 200 in 367ms (next.js: 51ms, proxy.ts: 13ms, application-code: 303ms)
 GET /dashboard/explore 200 in 152ms (next.js: 6ms, proxy.ts: 13ms, application-code: 133ms)
 GET /creator-studio 200 in 151ms (next.js: 42ms, proxy.ts: 9ms, application-code: 100ms)
 GET /dashboard/explore 200 in 326ms (next.js: 11ms, proxy.ts: 7ms, application-code: 307ms)
 GET /dashboard/explore 200 in 330ms (next.js: 43ms, proxy.ts: 8ms, application-code: 279ms)
 GET /creator-studio 200 in 345ms (next.js: 7ms, proxy.ts: 113ms, application-code: 225ms)
 GET /for-creators 200 in 656ms (next.js: 60ms, proxy.ts: 8ms, application-code: 588ms)
 GET /dashboard/explore 200 in 335ms (next.js: 8ms, proxy.ts: 15ms, application-code: 312ms)
 GET /dashboard/explore 200 in 337ms (next.js: 70ms, proxy.ts: 15ms, application-code: 252ms)
 GET /dashboard/explore 200 in 552ms (next.js: 19ms, proxy.ts: 15ms, application-code: 517ms)
 GET /dashboard/explore 200 in 545ms (next.js: 64ms, proxy.ts: 12ms, application-code: 469ms)
 GET /dashboard/explore 200 in 511ms (next.js: 9ms, proxy.ts: 95ms, application-code: 407ms)
 GET /creator-studio 200 in 493ms (next.js: 13ms, proxy.ts: 49ms, application-code: 431ms)
 GET /dashboard/explore 200 in 456ms (next.js: 256ms, proxy.ts: 15ms, application-code: 185ms)
 GET /dashboard/explore 200 in 269ms (next.js: 12ms, proxy.ts: 26ms, application-code: 231ms)
 GET /dashboard/explore 200 in 253ms (next.js: 44ms, proxy.ts: 12ms, application-code: 198ms)
 GET /dashboard/explore 200 in 239ms (next.js: 9ms, proxy.ts: 49ms, application-code: 182ms)
 GET /dashboard/explore 200 in 287ms (next.js: 65ms, proxy.ts: 7ms, application-code: 215ms)
 GET /creator-studio 200 in 303ms (next.js: 39ms, proxy.ts: 66ms, application-code: 198ms)
 GET /for-creators 200 in 878ms (next.js: 43ms, proxy.ts: 49ms, application-code: 787ms)
 GET /dashboard/explore 200 in 424ms (next.js: 40ms, proxy.ts: 7ms, application-code: 377ms)
 GET /dashboard/explore 200 in 431ms (next.js: 48ms, proxy.ts: 31ms, application-code: 352ms)
 GET /dashboard/explore 200 in 374ms (next.js: 11ms, proxy.ts: 71ms, application-code: 293ms)
 GET /dashboard/explore 200 in 475ms (next.js: 92ms, proxy.ts: 8ms, application-code: 375ms)
 GET /dashboard/explore 200 in 427ms (next.js: 10ms, proxy.ts: 64ms, application-code: 353ms)
 GET /creator-studio 200 in 413ms (next.js: 50ms, proxy.ts: 51ms, application-code: 312ms)
 GET /dashboard/explore 200 in 304ms (next.js: 14ms, proxy.ts: 15ms, application-code: 275ms)
 GET /dashboard/explore 200 in 303ms (next.js: 46ms, proxy.ts: 16ms, application-code: 241ms)
 GET /for-creators 200 in 673ms (next.js: 8ms, proxy.ts: 10ms, application-code: 655ms)
 GET /for-creators 200 in 679ms (next.js: 63ms, proxy.ts: 11ms, application-code: 605ms)
 GET /creator-studio 200 in 169ms (next.js: 10ms, proxy.ts: 11ms, application-code: 148ms)
 GET /for-creators 200 in 732ms (next.js: 13ms, proxy.ts: 111ms, application-code: 608ms)
 GET /for-creators 200 in 703ms (next.js: 71ms, proxy.ts: 80ms, application-code: 551ms)
 GET /for-creators 200 in 620ms (next.js: 57ms, proxy.ts: 10ms, application-code: 553ms)
 GET /creator-studio 200 in 183ms (next.js: 5ms, proxy.ts: 8ms, application-code: 170ms)
 GET /for-creators 200 in 651ms (next.js: 9ms, proxy.ts: 9ms, application-code: 633ms)
 GET /for-creators 200 in 652ms (next.js: 108ms, proxy.ts: 10ms, application-code: 535ms)
 GET /for-creators 200 in 649ms (next.js: 9ms, proxy.ts: 174ms, application-code: 466ms)
 GET /for-creators 200 in 650ms (next.js: 13ms, proxy.ts: 51ms, application-code: 586ms)
 GET /creator-studio 200 in 420ms (next.js: 116ms, proxy.ts: 11ms, application-code: 293ms)
 GET /for-creators 200 in 663ms (next.js: 8ms, proxy.ts: 6ms, application-code: 648ms)
 GET /for-creators 200 in 732ms (next.js: 6ms, proxy.ts: 97ms, application-code: 629ms)
 GET /for-creators 200 in 714ms (next.js: 16ms, proxy.ts: 14ms, application-code: 685ms)
 GET /creator-studio 200 in 187ms (next.js: 6ms, proxy.ts: 11ms, application-code: 170ms)
 GET /for-creators 200 in 721ms (next.js: 13ms, proxy.ts: 154ms, application-code: 553ms)
 GET /for-creators 200 in 767ms (next.js: 8ms, proxy.ts: 10ms, application-code: 749ms)
 GET /for-creators 200 in 707ms (next.js: 8ms, proxy.ts: 34ms, application-code: 665ms)
 GET /creator-studio 200 in 363ms (next.js: 128ms, proxy.ts: 88ms, application-code: 146ms)
 GET /creator-studio 200 in 207ms (next.js: 5ms, proxy.ts: 6ms, application-code: 197ms)
 GET /for-creators 200 in 646ms (next.js: 6ms, proxy.ts: 8ms, application-code: 632ms)
 GET /creator-studio 200 in 285ms (next.js: 8ms, proxy.ts: 7ms, application-code: 270ms)
 GET /for-creators 200 in 712ms (next.js: 54ms, proxy.ts: 9ms, application-code: 648ms)
 GET /creator-studio 200 in 289ms (next.js: 61ms, proxy.ts: 8ms, application-code: 220ms)
 GET /for-creators 200 in 720ms (next.js: 24ms, proxy.ts: 115ms, application-code: 580ms)
 GET /creator-studio 200 in 350ms (next.js: 9ms, proxy.ts: 41ms, application-code: 300ms)
 GET /creator-studio 200 in 357ms (next.js: 54ms, proxy.ts: 11ms, application-code: 291ms)
 GET /creator-studio 200 in 329ms (next.js: 29ms, proxy.ts: 8ms, application-code: 293ms)
 GET /creator-studio 200 in 377ms (next.js: 60ms, proxy.ts: 26ms, application-code: 292ms)
 GET /creator-studio 200 in 367ms (next.js: 55ms, proxy.ts: 55ms, application-code: 256ms)
 GET /creator-studio 200 in 331ms (next.js: 78ms, proxy.ts: 52ms, application-code: 201ms)
 GET /creator-studio 200 in 393ms (next.js: 9ms, proxy.ts: 51ms, application-code: 332ms)
 GET /creator-studio 200 in 436ms (next.js: 9ms, proxy.ts: 66ms, application-code: 361ms)
 GET /creator-studio 200 in 393ms (next.js: 15ms, proxy.ts: 15ms, application-code: 363ms)
 GET /creator-studio 200 in 457ms (next.js: 88ms, proxy.ts: 16ms, application-code: 354ms)
 GET /creator-studio 200 in 453ms (next.js: 63ms, proxy.ts: 87ms, application-code: 303ms)
 GET /creator-studio 200 in 418ms (next.js: 66ms, proxy.ts: 61ms, application-code: 292ms)
 GET /creator-studio 200 in 467ms (next.js: 9ms, proxy.ts: 89ms, application-code: 369ms)
 GET /creator-studio 200 in 438ms (next.js: 19ms, proxy.ts: 56ms, application-code: 362ms)
 GET /creator-studio 200 in 453ms (next.js: 8ms, proxy.ts: 19ms, application-code: 426ms)
 GET /creator-studio 200 in 511ms (next.js: 59ms, proxy.ts: 10ms, application-code: 441ms)
 GET /creator-studio 200 in 507ms (next.js: 94ms, proxy.ts: 57ms, application-code: 356ms)
 GET /creator-studio 200 in 534ms (next.js: 22ms, proxy.ts: 162ms, application-code: 350ms)
 GET /creator-studio 200 in 515ms (next.js: 31ms, proxy.ts: 52ms, application-code: 432ms)
 GET /creator-studio 200 in 518ms (next.js: 29ms, proxy.ts: 109ms, application-code: 381ms)
 GET /creator-studio 200 in 443ms (next.js: 39ms, proxy.ts: 11ms, application-code: 394ms)
 GET /creator-studio 200 in 484ms (next.js: 68ms, proxy.ts: 36ms, application-code: 380ms)
 GET /creator-studio 200 in 499ms (next.js: 67ms, proxy.ts: 90ms, application-code: 342ms)
 GET /creator-studio 200 in 417ms (next.js: 18ms, proxy.ts: 134ms, application-code: 266ms)
 GET /creator-studio 200 in 450ms (next.js: 12ms, proxy.ts: 60ms, application-code: 377ms)
 GET /creator-studio 200 in 478ms (next.js: 11ms, proxy.ts: 115ms, application-code: 352ms)
 GET /creator-studio 200 in 364ms (next.js: 11ms, proxy.ts: 28ms, application-code: 326ms)
 GET /creator-studio 200 in 349ms (next.js: 84ms, proxy.ts: 12ms, application-code: 252ms)
 GET /creator-studio 200 in 409ms (next.js: 66ms, proxy.ts: 80ms, application-code: 263ms)
 GET /creator-studio 200 in 343ms (next.js: 58ms, proxy.ts: 63ms, application-code: 223ms)
 GET /creator-studio 200 in 431ms (next.js: 7ms, proxy.ts: 79ms, application-code: 346ms)
 GET /creator-studio 200 in 429ms (next.js: 9ms, proxy.ts: 54ms, application-code: 367ms)
 GET /creator-studio 200 in 432ms (next.js: 14ms, proxy.ts: 75ms, application-code: 343ms)
 GET /creator-studio 200 in 369ms (next.js: 59ms, proxy.ts: 12ms, application-code: 298ms)
 GET /creator-studio 200 in 413ms (next.js: 103ms, proxy.ts: 49ms, application-code: 261ms)
 GET /creator-studio 200 in 386ms (next.js: 19ms, proxy.ts: 138ms, application-code: 228ms)
 GET /creator-studio 200 in 369ms (next.js: 7ms, proxy.ts: 36ms, application-code: 327ms)
 GET /creator-studio 200 in 390ms (next.js: 11ms, proxy.ts: 56ms, application-code: 323ms)
 GET /creator-studio 200 in 371ms (next.js: 26ms, proxy.ts: 22ms, application-code: 323ms)
 GET /creator-studio 200 in 404ms (next.js: 57ms, proxy.ts: 30ms, application-code: 317ms)
 GET /creator-studio 200 in 399ms (next.js: 61ms, proxy.ts: 50ms, application-code: 288ms)
 GET /creator-studio 200 in 355ms (next.js: 83ms, proxy.ts: 59ms, application-code: 214ms)
 GET /creator-studio 200 in 406ms (next.js: 10ms, proxy.ts: 12ms, application-code: 384ms)
 GET /creator-studio 200 in 411ms (next.js: 9ms, proxy.ts: 76ms, application-code: 326ms)
 GET /creator-studio 200 in 363ms (next.js: 12ms, proxy.ts: 22ms, application-code: 329ms)
 GET /creator-studio 200 in 422ms (next.js: 77ms, proxy.ts: 13ms, application-code: 332ms)
 GET /creator-studio 200 in 420ms (next.js: 62ms, proxy.ts: 77ms, application-code: 282ms)
 GET /creator-studio 200 in 419ms (next.js: 49ms, proxy.ts: 122ms, application-code: 248ms)
 GET /creator-studio 200 in 419ms (next.js: 9ms, proxy.ts: 7ms, application-code: 402ms)
 GET /creator-studio 200 in 448ms (next.js: 69ms, proxy.ts: 7ms, application-code: 372ms)
 GET /creator-studio 200 in 385ms (next.js: 15ms, proxy.ts: 9ms, application-code: 361ms)
 GET /creator-studio 200 in 500ms (next.js: 65ms, proxy.ts: 11ms, application-code: 424ms)
 GET /creator-studio 200 in 508ms (next.js: 93ms, proxy.ts: 52ms, application-code: 363ms)
 GET /creator-studio 200 in 546ms (next.js: 119ms, proxy.ts: 61ms, application-code: 365ms)
 GET /creator-studio 200 in 495ms (next.js: 9ms, proxy.ts: 9ms, application-code: 476ms)
 GET /creator-studio 200 in 494ms (next.js: 77ms, proxy.ts: 6ms, application-code: 411ms)
 GET /creator-studio 200 in 375ms (next.js: 23ms, proxy.ts: 46ms, application-code: 306ms)
 GET /creator-studio 200 in 379ms (next.js: 57ms, proxy.ts: 26ms, application-code: 295ms)
 GET /creator-studio 200 in 368ms (next.js: 66ms, proxy.ts: 51ms, application-code: 252ms)
 GET /creator-studio 200 in 364ms (next.js: 112ms, proxy.ts: 55ms, application-code: 197ms)
 GET /creator-studio 200 in 503ms (next.js: 12ms, proxy.ts: 17ms, application-code: 473ms)
 GET /creator-studio 200 in 500ms (next.js: 65ms, proxy.ts: 19ms, application-code: 417ms)
 GET /creator-studio 200 in 470ms (next.js: 8ms, proxy.ts: 15ms, application-code: 447ms)
 GET /creator-studio 200 in 476ms (next.js: 78ms, proxy.ts: 8ms, application-code: 391ms)
 GET /creator-studio 200 in 543ms (next.js: 135ms, proxy.ts: 77ms, application-code: 331ms)
 GET /creator-studio 200 in 547ms (next.js: 105ms, proxy.ts: 170ms, application-code: 271ms)
 GET /creator-studio 200 in 427ms (next.js: 8ms, proxy.ts: 10ms, application-code: 408ms)
 GET /creator-studio 200 in 427ms (next.js: 90ms, proxy.ts: 10ms, application-code: 327ms)
 GET /creator-studio 200 in 383ms (next.js: 10ms, proxy.ts: 75ms, application-code: 298ms)
 GET /creator-studio 200 in 329ms (next.js: 66ms, proxy.ts: 16ms, application-code: 247ms)
 GET /creator-studio 200 in 367ms (next.js: 69ms, proxy.ts: 63ms, application-code: 234ms)
 GET /creator-studio 200 in 347ms (next.js: 53ms, proxy.ts: 71ms, application-code: 224ms)
 GET /creator-studio 200 in 446ms (next.js: 5ms, proxy.ts: 17ms, application-code: 424ms)
 GET /creator-studio 200 in 434ms (next.js: 18ms, proxy.ts: 39ms, application-code: 377ms)
 GET /creator-studio 200 in 465ms (next.js: 43ms, proxy.ts: 57ms, application-code: 365ms)
 GET /creator-studio 200 in 413ms (next.js: 116ms, proxy.ts: 41ms, application-code: 256ms)
 GET /creator-studio 200 in 394ms (next.js: 35ms, proxy.ts: 116ms, application-code: 243ms)
 GET /creator-studio 200 in 442ms (next.js: 110ms, proxy.ts: 117ms, application-code: 215ms)
 GET /creator-studio 200 in 508ms (next.js: 11ms, proxy.ts: 8ms, application-code: 489ms)
 GET /creator-studio 200 in 506ms (next.js: 15ms, proxy.ts: 68ms, application-code: 422ms)
 GET /creator-studio 200 in 450ms (next.js: 13ms, proxy.ts: 30ms, application-code: 407ms)
 GET /creator-studio 200 in 511ms (next.js: 80ms, proxy.ts: 18ms, application-code: 413ms)
 GET /creator-studio 200 in 506ms (next.js: 121ms, proxy.ts: 73ms, application-code: 312ms)
 GET /creator-studio 200 in 507ms (next.js: 155ms, proxy.ts: 75ms, application-code: 277ms)
 GET /creator-studio 200 in 429ms (next.js: 6ms, proxy.ts: 7ms, application-code: 416ms)
 GET /creator-studio 200 in 461ms (next.js: 7ms, proxy.ts: 59ms, application-code: 395ms)
 GET /creator-studio 200 in 410ms (next.js: 13ms, proxy.ts: 21ms, application-code: 377ms)
 GET /creator-studio 200 in 495ms (next.js: 84ms, proxy.ts: 16ms, application-code: 395ms)
 GET /creator-studio 200 in 497ms (next.js: 82ms, proxy.ts: 80ms, application-code: 335ms)
 GET /creator-studio 200 in 502ms (next.js: 126ms, proxy.ts: 84ms, application-code: 292ms)
 GET /creator-studio 200 in 650ms (next.js: 7ms, proxy.ts: 38ms, application-code: 605ms)
 GET /for-creators 200 in 766ms (next.js: 11ms, proxy.ts: 69ms, application-code: 686ms)
 GET /for-creators 200 in 703ms (next.js: 19ms, proxy.ts: 109ms, application-code: 575ms)
 GET /for-creators 200 in 660ms (next.js: 77ms, proxy.ts: 15ms, application-code: 568ms)
 GET /for-creators 200 in 675ms (next.js: 72ms, proxy.ts: 76ms, application-code: 526ms)
 GET /for-creators 200 in 675ms (next.js: 205ms, proxy.ts: 75ms, application-code: 395ms)
 GET /for-creators 200 in 519ms (next.js: 6ms, proxy.ts: 8ms, application-code: 505ms)
 GET /for-creators 200 in 454ms (next.js: 12ms, proxy.ts: 8ms, application-code: 434ms)
 GET /for-creators 200 in 447ms (next.js: 15ms, proxy.ts: 91ms, application-code: 341ms)
 GET /for-creators 200 in 397ms (next.js: 113ms, proxy.ts: 9ms, application-code: 274ms)
 GET /for-creators 200 in 399ms (next.js: 78ms, proxy.ts: 106ms, application-code: 215ms)
 GET /for-creators 200 in 398ms (next.js: 107ms, proxy.ts: 110ms, application-code: 182ms)
 GET /for-creators 200 in 371ms (next.js: 7ms, proxy.ts: 3ms, application-code: 361ms)
 GET /for-creators 200 in 361ms (next.js: 5ms, proxy.ts: 3ms, application-code: 353ms)
 GET /for-creators 200 in 376ms (next.js: 9ms, proxy.ts: 50ms, application-code: 317ms)
 GET /for-creators 200 in 370ms (next.js: 70ms, proxy.ts: 7ms, application-code: 293ms)
 GET /for-creators 200 in 367ms (next.js: 107ms, proxy.ts: 70ms, application-code: 190ms)
 GET /for-creators 200 in 370ms (next.js: 62ms, proxy.ts: 70ms, application-code: 237ms)
 GET /for-creators 200 in 352ms (next.js: 2ms, proxy.ts: 4ms, application-code: 345ms)
 GET /for-creators 200 in 362ms (next.js: 6ms, proxy.ts: 18ms, application-code: 339ms)
 GET /for-creators 200 in 425ms (next.js: 10ms, proxy.ts: 44ms, application-code: 371ms)
 GET /for-creators 200 in 382ms (next.js: 5ms, proxy.ts: 64ms, application-code: 313ms)
 GET /for-creators 200 in 381ms (next.js: 35ms, proxy.ts: 63ms, application-code: 283ms)
 GET /for-creators 200 in 383ms (next.js: 80ms, proxy.ts: 63ms, application-code: 241ms)
 GET /for-creators 200 in 370ms (next.js: 6ms, proxy.ts: 11ms, application-code: 353ms)
 GET /for-creators 200 in 368ms (next.js: 5ms, proxy.ts: 8ms, application-code: 355ms)
 GET /for-creators 200 in 343ms (next.js: 9ms, proxy.ts: 5ms, application-code: 329ms)
 GET /for-creators 200 in 347ms (next.js: 65ms, proxy.ts: 6ms, application-code: 277ms)
 GET /for-creators 200 in 341ms (next.js: 95ms, proxy.ts: 62ms, application-code: 184ms)
 GET /for-creators 200 in 343ms (next.js: 51ms, proxy.ts: 63ms, application-code: 230ms)
 GET /for-creators 200 in 400ms (next.js: 5ms, proxy.ts: 17ms, application-code: 378ms)
 GET /for-creators 200 in 455ms (next.js: 2ms, proxy.ts: 3ms, application-code: 449ms)
 GET /for-creators 200 in 498ms (next.js: 7ms, proxy.ts: 5ms, application-code: 486ms)
 GET /for-creators 200 in 502ms (next.js: 43ms, proxy.ts: 60ms, application-code: 399ms)
 GET /for-creators 200 in 510ms (next.js: 107ms, proxy.ts: 62ms, application-code: 340ms)
 GET /for-creators 200 in 521ms (next.js: 8ms, proxy.ts: 60ms, application-code: 453ms)
 GET /for-creators 200 in 531ms (next.js: 39ms, proxy.ts: 13ms, application-code: 479ms)
 GET /for-creators 200 in 483ms (next.js: 8ms, proxy.ts: 6ms, application-code: 470ms)
 GET /for-creators 200 in 381ms (next.js: 20ms, proxy.ts: 19ms, application-code: 342ms)
 GET /for-creators 200 in 452ms (next.js: 5ms, proxy.ts: 94ms, application-code: 354ms)
 GET /for-creators 200 in 458ms (next.js: 52ms, proxy.ts: 96ms, application-code: 311ms)
 GET /for-creators 200 in 467ms (next.js: 145ms, proxy.ts: 80ms, application-code: 242ms)
 GET /for-creators 200 in 458ms (next.js: 3ms, proxy.ts: 4ms, application-code: 451ms)
 GET /for-creators 200 in 467ms (next.js: 7ms, proxy.ts: 3ms, application-code: 456ms)
 GET /for-creators 200 in 452ms (next.js: 17ms, proxy.ts: 5ms, application-code: 430ms)
 GET /for-creators 200 in 444ms (next.js: 8ms, proxy.ts: 69ms, application-code: 367ms)
 GET /for-creators 200 in 440ms (next.js: 113ms, proxy.ts: 67ms, application-code: 260ms)
 GET /for-creators 200 in 444ms (next.js: 78ms, proxy.ts: 68ms, application-code: 297ms)
 GET /for-creators 200 in 483ms (next.js: 5ms, proxy.ts: 4ms, application-code: 474ms)
 GET /for-creators 200 in 405ms (next.js: 7ms, proxy.ts: 4ms, application-code: 394ms)
 GET /for-creators 200 in 431ms (next.js: 10ms, proxy.ts: 7ms, application-code: 414ms)
 GET /for-creators 200 in 421ms (next.js: 73ms, proxy.ts: 94ms, application-code: 254ms)
 GET /for-creators 200 in 426ms (next.js: 94ms, proxy.ts: 8ms, application-code: 323ms)
 GET /for-creators 200 in 434ms (next.js: 126ms, proxy.ts: 95ms, application-code: 212ms)
 GET /for-creators 200 in 380ms (next.js: 5ms, proxy.ts: 3ms, application-code: 372ms)
 GET /for-creators 200 in 382ms (next.js: 15ms, proxy.ts: 6ms, application-code: 361ms)
 GET /for-creators 200 in 321ms (next.js: 102ms, proxy.ts: 6ms, application-code: 213ms)
 GET /for-creators 200 in 382ms (next.js: 69ms, proxy.ts: 6ms, application-code: 306ms)
 GET /for-creators 200 in 387ms (next.js: 8ms, proxy.ts: 6ms, application-code: 373ms)
 GET /for-creators 200 in 378ms (next.js: 3ms, proxy.ts: 5ms, application-code: 370ms)
 GET /for-creators 200 in 395ms (next.js: 10ms, proxy.ts: 3ms, application-code: 383ms)
 GET /for-creators 200 in 355ms (next.js: 4ms, proxy.ts: 4ms, application-code: 347ms)
 GET /for-creators 200 in 384ms (next.js: 8ms, proxy.ts: 7ms, application-code: 369ms)
 GET /for-creators 200 in 462ms (next.js: 98ms, proxy.ts: 9ms, application-code: 355ms)
 GET /for-creators 200 in 481ms (next.js: 65ms, proxy.ts: 8ms, application-code: 408ms)
 GET /for-creators 200 in 520ms (next.js: 3ms, proxy.ts: 4ms, application-code: 513ms)
 GET /for-creators 200 in 524ms (next.js: 8ms, proxy.ts: 17ms, application-code: 498ms)
 GET /for-creators 200 in 509ms (next.js: 10ms, proxy.ts: 91ms, application-code: 409ms)
 GET /for-creators 200 in 393ms (next.js: 5ms, proxy.ts: 18ms, application-code: 369ms)
 GET /for-creators 200 in 559ms (next.js: 84ms, proxy.ts: 14ms, application-code: 462ms)
 GET /for-creators 200 in 597ms (next.js: 154ms, proxy.ts: 6ms, application-code: 437ms)
 GET /for-creators 200 in 3.0s (next.js: 3ms, proxy.ts: 4ms, application-code: 3.0s)
 GET /for-creators 200 in 3.3s (next.js: 19ms, proxy.ts: 5ms, application-code: 3.2s)
 GET /for-creators 200 in 3.3s (next.js: 6ms, proxy.ts: 63ms, application-code: 3.2s)
 GET /for-creators 200 in 3.3s (next.js: 113ms, proxy.ts: 132ms, application-code: 3.1s)
 GET /for-creators 200 in 3.4s (next.js: 173ms, proxy.ts: 1049ms, application-code: 2.2s)
 GET /for-creators 200 in 3.3s (next.js: 1374ms, proxy.ts: 1132ms, application-code: 828ms)
 GET /for-creators 200 in 960ms (next.js: 11ms, proxy.ts: 47ms, application-code: 902ms)
 GET /for-creators 200 in 944ms (next.js: 17ms, proxy.ts: 30ms, application-code: 897ms)
 GET /for-creators 200 in 879ms (next.js: 17ms, proxy.ts: 17ms, application-code: 845ms)
 GET /for-creators 200 in 707ms (next.js: 9ms, proxy.ts: 42ms, application-code: 655ms)
 GET /for-creators 200 in 769ms (next.js: 11ms, proxy.ts: 87ms, application-code: 671ms)
 GET /for-creators 200 in 824ms (next.js: 158ms, proxy.ts: 89ms, application-code: 577ms)
 GET /for-creators 200 in 677ms (next.js: 3ms, proxy.ts: 25ms, application-code: 649ms)
 GET /for-creators 200 in 696ms (next.js: 4ms, proxy.ts: 6ms, application-code: 686ms)
 GET /for-creators 200 in 710ms (next.js: 13ms, proxy.ts: 11ms, application-code: 686ms)
 GET /for-creators 200 in 712ms (next.js: 26ms, proxy.ts: 152ms, application-code: 533ms)
 GET /for-creators 200 in 569ms (next.js: 12ms, proxy.ts: 139ms, application-code: 418ms)
 GET /for-creators 200 in 692ms (next.js: 72ms, proxy.ts: 137ms, application-code: 483ms)
 GET /for-creators 200 in 805ms (next.js: 28ms, proxy.ts: 6ms, application-code: 771ms)
 GET /dashboard/explore 200 in 445ms (next.js: 131ms, proxy.ts: 64ms, application-code: 250ms)
 GET /dashboard/explore 200 in 403ms (next.js: 96ms, proxy.ts: 142ms, application-code: 165ms)
 GET /dashboard/explore 200 in 208ms (next.js: 4ms, proxy.ts: 21ms, application-code: 183ms)
 GET /for-creators 200 in 941ms (next.js: 4ms, proxy.ts: 7ms, application-code: 929ms)
 GET /for-creators 200 in 896ms (next.js: 27ms, proxy.ts: 17ms, application-code: 853ms)
 GET /dashboard/explore 200 in 364ms (next.js: 9ms, proxy.ts: 9ms, application-code: 346ms)
 GET /dashboard/explore 200 in 383ms (next.js: 74ms, proxy.ts: 6ms, application-code: 303ms)
 GET /for-creators 200 in 986ms (next.js: 57ms, proxy.ts: 155ms, application-code: 774ms)
 GET /dashboard/explore 200 in 846ms (next.js: 37ms, proxy.ts: 5ms, application-code: 803ms)
 GET /dashboard/explore 200 in 958ms (next.js: 12ms, proxy.ts: 119ms, application-code: 827ms)
 GET /dashboard/explore 200 in 915ms (next.js: 15ms, proxy.ts: 27ms, application-code: 873ms)
 GET /dashboard/explore 200 in 943ms (next.js: 329ms, proxy.ts: 18ms, application-code: 596ms)
 GET /dashboard/explore 200 in 945ms (next.js: 135ms, proxy.ts: 327ms, application-code: 483ms)
 GET /dashboard/explore 200 in 943ms (next.js: 204ms, proxy.ts: 397ms, application-code: 342ms)
 GET /dashboard/explore 200 in 444ms (next.js: 17ms, proxy.ts: 13ms, application-code: 414ms)
 GET /dashboard/explore 200 in 465ms (next.js: 8ms, proxy.ts: 150ms, application-code: 307ms)
 GET /dashboard/explore 200 in 333ms (next.js: 17ms, proxy.ts: 16ms, application-code: 300ms)
 GET /dashboard/explore 200 in 365ms (next.js: 65ms, proxy.ts: 13ms, application-code: 287ms)
 GET /dashboard/explore 200 in 372ms (next.js: 94ms, proxy.ts: 62ms, application-code: 215ms)
 GET /dashboard/explore 200 in 371ms (next.js: 57ms, proxy.ts: 143ms, application-code: 171ms)
 GET /dashboard/explore 200 in 244ms (next.js: 6ms, proxy.ts: 6ms, application-code: 232ms)
 GET /dashboard/explore 200 in 355ms (next.js: 8ms, proxy.ts: 64ms, application-code: 283ms)
 GET /dashboard/explore 200 in 290ms (next.js: 9ms, proxy.ts: 15ms, application-code: 266ms)
 GET /dashboard/explore 200 in 332ms (next.js: 66ms, proxy.ts: 12ms, application-code: 254ms)
 GET /dashboard/explore 200 in 328ms (next.js: 43ms, proxy.ts: 63ms, application-code: 222ms)
 GET /dashboard/explore 200 in 297ms (next.js: 39ms, proxy.ts: 62ms, application-code: 196ms)
 GET /dashboard/explore 200 in 277ms (next.js: 7ms, proxy.ts: 36ms, application-code: 234ms)
 GET /dashboard/explore 200 in 327ms (next.js: 13ms, proxy.ts: 12ms, application-code: 303ms)
 GET /dashboard/explore 200 in 397ms (next.js: 8ms, proxy.ts: 46ms, application-code: 343ms)
 GET /dashboard/explore 200 in 395ms (next.js: 14ms, proxy.ts: 80ms, application-code: 301ms)
 GET /dashboard/explore 200 in 355ms (next.js: 43ms, proxy.ts: 12ms, application-code: 300ms)
 GET /dashboard/explore 200 in 480ms (next.js: 52ms, proxy.ts: 44ms, application-code: 384ms)
 GET /dashboard/explore 200 in 468ms (next.js: 17ms, proxy.ts: 74ms, application-code: 377ms)
 GET /dashboard/explore 200 in 588ms (next.js: 11ms, proxy.ts: 86ms, application-code: 491ms)
 GET /creator-studio/collective 200 in 606ms (next.js: 162ms, proxy.ts: 9ms, application-code: 435ms)
 GET /dashboard/explore 200 in 890ms (next.js: 9ms, proxy.ts: 166ms, application-code: 715ms)
 GET /api/uploads/covers/0c72f2c07d394a5d962a8ef4535bea26_hawaii-beach.png 404 in 357ms (next.js: 117ms, application-code: 239ms)
 GET /dashboard/explore 200 in 771ms (next.js: 57ms, proxy.ts: 66ms, application-code: 648ms)
 GET /dashboard/explore 200 in 781ms (next.js: 108ms, proxy.ts: 71ms, application-code: 602ms)
 GET /dashboard/explore 200 in 785ms (next.js: 16ms, proxy.ts: 94ms, application-code: 675ms)
 GET /api/uploads/covers/0c72f2c07d394a5d962a8ef4535bea26_hawaii-beach.png 404 in 283ms (next.js: 67ms, application-code: 217ms)
 GET /dashboard/explore 200 in 743ms (next.js: 21ms, proxy.ts: 23ms, application-code: 699ms)
 GET /dashboard/explore 200 in 451ms (next.js: 17ms, proxy.ts: 7ms, application-code: 427ms)
 GET /dashboard/explore 200 in 579ms (next.js: 21ms, proxy.ts: 172ms, application-code: 386ms)
 GET /dashboard/explore 200 in 451ms (next.js: 96ms, proxy.ts: 54ms, application-code: 301ms)
 GET /creator-studio/collective 200 in 259ms (next.js: 63ms, proxy.ts: 12ms, application-code: 184ms)
 GET /dashboard/explore 200 in 461ms (next.js: 14ms, proxy.ts: 136ms, application-code: 310ms)
 GET /dashboard/explore 200 in 458ms (next.js: 6ms, proxy.ts: 40ms, application-code: 412ms)
 GET /dashboard/explore 200 in 465ms (next.js: 13ms, proxy.ts: 72ms, application-code: 380ms)
 GET /dashboard/explore 200 in 392ms (next.js: 9ms, proxy.ts: 9ms, application-code: 373ms)
 GET /dashboard/explore 200 in 392ms (next.js: 100ms, proxy.ts: 9ms, application-code: 282ms)
 GET /dashboard/explore 200 in 394ms (next.js: 37ms, proxy.ts: 9ms, application-code: 348ms)
 GET /dashboard/explore 200 in 443ms (next.js: 20ms, proxy.ts: 190ms, application-code: 233ms)
 GET /dashboard/explore 200 in 326ms (next.js: 13ms, proxy.ts: 47ms, application-code: 266ms)
 GET /dashboard/explore 200 in 247ms (next.js: 8ms, proxy.ts: 5ms, application-code: 233ms)
 GET /dashboard/explore 200 in 217ms (next.js: 36ms, proxy.ts: 15ms, application-code: 166ms)
 GET /dashboard/explore 200 in 216ms (next.js: 81ms, proxy.ts: 14ms, application-code: 121ms)
 GET /dashboard/explore 200 in 218ms (next.js: 62ms, proxy.ts: 15ms, application-code: 141ms)
 GET /dashboard/explore 200 in 260ms (next.js: 25ms, proxy.ts: 107ms, application-code: 128ms)
 GET /dashboard/explore 200 in 226ms (next.js: 5ms, proxy.ts: 31ms, application-code: 190ms)
 GET /dashboard/explore 200 in 198ms (next.js: 7ms, proxy.ts: 3ms, application-code: 189ms)
 GET /dashboard/explore 200 in 197ms (next.js: 8ms, proxy.ts: 7ms, application-code: 183ms)
 GET /dashboard/explore 200 in 198ms (next.js: 28ms, proxy.ts: 7ms, application-code: 163ms)
 GET /dashboard/explore 200 in 198ms (next.js: 49ms, proxy.ts: 7ms, application-code: 142ms)
 GET /dashboard/explore 200 in 227ms (next.js: 4ms, proxy.ts: 96ms, application-code: 126ms)
 GET /dashboard/explore 200 in 234ms (next.js: 8ms, proxy.ts: 27ms, application-code: 198ms)
 GET /dashboard/explore 200 in 210ms (next.js: 6ms, proxy.ts: 23ms, application-code: 181ms)
 GET /dashboard/explore 200 in 207ms (next.js: 8ms, proxy.ts: 8ms, application-code: 190ms)
 GET /dashboard/explore 200 in 205ms (next.js: 33ms, proxy.ts: 7ms, application-code: 164ms)
 GET /dashboard/explore 200 in 207ms (next.js: 76ms, proxy.ts: 8ms, application-code: 123ms)
 GET /dashboard/explore 200 in 176ms (next.js: 5ms, proxy.ts: 35ms, application-code: 137ms)
 GET /dashboard/explore 200 in 246ms (next.js: 4ms, proxy.ts: 32ms, application-code: 210ms)
 GET /dashboard/explore 200 in 208ms (next.js: 8ms, proxy.ts: 6ms, application-code: 194ms)
 GET /dashboard/explore 200 in 225ms (next.js: 8ms, proxy.ts: 16ms, application-code: 201ms)
 GET /dashboard/explore 200 in 225ms (next.js: 30ms, proxy.ts: 15ms, application-code: 179ms)
 GET /dashboard/explore 200 in 245ms (next.js: 78ms, proxy.ts: 9ms, application-code: 158ms)
 GET /dashboard/explore 200 in 179ms (next.js: 5ms, proxy.ts: 32ms, application-code: 142ms)
 GET /dashboard/explore 200 in 289ms (next.js: 25ms, proxy.ts: 35ms, application-code: 229ms)
 GET /dashboard/explore 200 in 335ms (next.js: 5ms, proxy.ts: 55ms, application-code: 275ms)
 GET /dashboard/explore 200 in 257ms (next.js: 7ms, proxy.ts: 14ms, application-code: 236ms)
 GET /dashboard/explore 200 in 257ms (next.js: 38ms, proxy.ts: 14ms, application-code: 205ms)
 GET /dashboard/explore 200 in 283ms (next.js: 105ms, proxy.ts: 8ms, application-code: 169ms)
 GET /dashboard/explore 200 in 236ms (next.js: 6ms, proxy.ts: 39ms, application-code: 191ms)
 GET /dashboard/explore 200 in 264ms (next.js: 11ms, proxy.ts: 9ms, application-code: 245ms)
 GET /dashboard/explore 200 in 255ms (next.js: 43ms, proxy.ts: 4ms, application-code: 209ms)
 GET /dashboard/explore 200 in 191ms (next.js: 28ms, proxy.ts: 12ms, application-code: 151ms)
 GET /dashboard/explore 200 in 191ms (next.js: 53ms, proxy.ts: 13ms, application-code: 126ms)
 GET /dashboard/explore 200 in 216ms (next.js: 64ms, proxy.ts: 29ms, application-code: 123ms)
 GET /dashboard/explore 200 in 244ms (next.js: 3ms, proxy.ts: 110ms, application-code: 131ms)
 GET /dashboard/explore 200 in 130ms (next.js: 6ms, proxy.ts: 5ms, application-code: 119ms)
 GET /dashboard/explore 200 in 128ms (next.js: 41ms, proxy.ts: 5ms, application-code: 82ms)
 GET /dashboard/explore 200 in 87ms (next.js: 6ms, proxy.ts: 51ms, application-code: 30ms)
 GET /creator-studio/pathways 200 in 152ms (next.js: 39ms, proxy.ts: 5ms, application-code: 107ms)
 GET /creator-studio/pathways/real-journey 200 in 252ms (next.js: 116ms, proxy.ts: 9ms, application-code: 127ms)
 GET /creator-studio/gatherings 200 in 186ms (next.js: 63ms, proxy.ts: 5ms, application-code: 118ms)
 GET /creator/spaces/fresh-collective/events/ev000001-0000-4000-8000-000000000003 200 in 901ms (next.js: 774ms, proxy.ts: 6ms, application-code: 121ms)
✓ Compiled in 2.6s
 GET /creator/spaces/fresh-collective/events/new 200 in 409ms (next.js: 190ms, proxy.ts: 8ms, application-code: 210ms)
 GET /creator-studio/resources 200 in 500ms (next.js: 113ms, proxy.ts: 29ms, application-code: 358ms)
○ Compiling /creator-studio/media ...
 GET /creator-studio/community 200 in 822ms (next.js: 147ms, proxy.ts: 68ms, application-code: 607ms)
 GET /creator-studio/media 200 in 12.6s (next.js: 11.7s, proxy.ts: 25ms, application-code: 907ms)
 GET /creator-studio/people 200 in 1559ms (next.js: 247ms, proxy.ts: 213ms, application-code: 1100ms)
 GET /creator-studio/people 200 in 475ms (next.js: 13ms, proxy.ts: 38ms, application-code: 424ms)
 GET /creator-studio/setup 200 in 521ms (next.js: 126ms, proxy.ts: 35ms, application-code: 360ms)
 GET /creator-studio/settings 200 in 690ms (next.js: 115ms, proxy.ts: 63ms, application-code: 512ms)
 GET /creator-studio/collective 200 in 681ms (next.js: 57ms, proxy.ts: 50ms, application-code: 574ms)
 GET /api/uploads/covers/0c72f2c07d394a5d962a8ef4535bea26_hawaii-beach.png 404 in 235ms (next.js: 24ms, application-code: 212ms)
 GET /api/uploads/covers/0c72f2c07d394a5d962a8ef4535bea26_hawaii-beach.png 404 in 135ms (next.js: 28ms, application-code: 108ms)
 GET /creator-studio/pathways 200 in 105ms (next.js: 11ms, proxy.ts: 6ms, application-code: 89ms)
 GET /creator-studio/pathways/new 200 in 2.8s (next.js: 2.6s, proxy.ts: 4ms, application-code: 180ms)
 GET /creator-studio/collective 200 in 294ms (next.js: 14ms, proxy.ts: 18ms, application-code: 262ms)
 GET /api/uploads/covers/0c72f2c07d394a5d962a8ef4535bea26_hawaii-beach.png 404 in 84ms (next.js: 7ms, application-code: 76ms)
 GET /creator-studio/settings 200 in 70ms (next.js: 6ms, proxy.ts: 4ms, application-code: 60ms)
 GET /creator-studio/setup 200 in 180ms (next.js: 6ms, proxy.ts: 26ms, application-code: 149ms)
 GET /creator-studio/people 200 in 78ms (next.js: 8ms, proxy.ts: 6ms, application-code: 64ms)
 GET /creator-studio/community 200 in 83ms (next.js: 7ms, proxy.ts: 4ms, application-code: 72ms)
 GET /creator/spaces/fresh-collective/community 200 in 193ms (next.js: 98ms, proxy.ts: 4ms, application-code: 92ms)
 GET /creator-studio/pathways 200 in 207ms (next.js: 16ms, proxy.ts: 15ms, application-code: 176ms)
 GET /creator-studio/pathways/real-journey 200 in 195ms (next.js: 63ms, proxy.ts: 4ms, application-code: 128ms)
 GET /creator-studio 200 in 150ms (next.js: 15ms, proxy.ts: 5ms, application-code: 130ms)
 GET /creator-studio/collective 200 in 210ms (next.js: 18ms, proxy.ts: 11ms, application-code: 181ms)
 GET /api/uploads/covers/0e61c310c1a74f82b57afaa1346ad853_8_Things_Your_Human_Design_Can_Help_With.jpg 404 in 113ms (next.js: 15ms, application-code: 98ms)
 GET /creator-studio/pathways 200 in 125ms (next.js: 8ms, proxy.ts: 29ms, application-code: 87ms)
 GET /creator-studio/gatherings 200 in 83ms (next.js: 8ms, proxy.ts: 29ms, application-code: 45ms)
 GET /creator-studio/resources 200 in 84ms (next.js: 19ms, proxy.ts: 20ms, application-code: 46ms)
 GET /creator-studio/media 200 in 77ms (next.js: 5ms, proxy.ts: 28ms, application-code: 44ms)
 GET /creator-studio/community 200 in 53ms (next.js: 5ms, proxy.ts: 5ms, application-code: 43ms)
 GET /creator-studio/media 200 in 80ms (next.js: 7ms, proxy.ts: 4ms, application-code: 69ms)
 GET /creator-studio/community 200 in 71ms (next.js: 5ms, proxy.ts: 7ms, application-code: 59ms)
 GET /creator-studio/people 200 in 108ms (next.js: 7ms, proxy.ts: 4ms, application-code: 97ms)
 GET /creator-studio/setup 200 in 67ms (next.js: 5ms, proxy.ts: 3ms, application-code: 59ms)
 GET /creator-studio/settings 200 in 101ms (next.js: 5ms, proxy.ts: 4ms, application-code: 91ms)
 GET /dashboard 200 in 346ms (next.js: 131ms, proxy.ts: 7ms, application-code: 208ms)
 GET /dashboard/explore 200 in 106ms (next.js: 14ms, proxy.ts: 21ms, application-code: 71ms)
 GET /dashboard/explore 200 in 401ms (next.js: 10ms, proxy.ts: 10ms, application-code: 381ms)
 GET /spaces/fresh-collective 200 in 395ms (next.js: 144ms, proxy.ts: 4ms, application-code: 247ms)
[browser] Detected `scroll-behavior: smooth` on the `<html>` element. To disable smooth scrolling during route transitions, add `data-scroll-behavior="smooth"` to your <html> element. Learn more: https://nextjs.org/docs/messages/missing-data-scroll-behavior
 GET /spaces/fresh-collective/pathways 200 in 254ms (next.js: 132ms, proxy.ts: 10ms, application-code: 112ms)
 GET /spaces/fresh-collective/pathways/real-journey 200 in 168ms (next.js: 109ms, proxy.ts: 6ms, application-code: 54ms)
 GET /spaces/fresh-collective/community 200 in 189ms (next.js: 101ms, proxy.ts: 13ms, application-code: 75ms)
 GET /spaces/fresh-collective/events 200 in 226ms (next.js: 125ms, proxy.ts: 5ms, application-code: 97ms)
 GET /spaces/fresh-collective/events/ev000001-0000-4000-8000-000000000001 200 in 226ms (next.js: 142ms, proxy.ts: 10ms, application-code: 74ms)
 GET /spaces/fresh-collective/members 200 in 249ms (next.js: 148ms, proxy.ts: 9ms, application-code: 91ms)
 GET /profile/cmoe3ksnb0000uu9pm2ay6vtf 200 in 264ms (next.js: 88ms, proxy.ts: 6ms, application-code: 170ms)
 GET /dashboard 200 in 460ms (next.js: 33ms, proxy.ts: 20ms, application-code: 408ms)
 GET /creator-studio/settings 200 in 112ms (next.js: 9ms, proxy.ts: 4ms, application-code: 100ms)
 GET /creator-studio/media 200 in 107ms (next.js: 23ms, proxy.ts: 6ms, application-code: 79ms)
 GET /creator-studio/pathways 200 in 465ms (next.js: 33ms, proxy.ts: 132ms, application-code: 300ms)
 GET /creator-studio/pathways/test 200 in 221ms (next.js: 102ms, proxy.ts: 7ms, application-code: 112ms)
 GET /creator-studio/pathways/test 200 in 488ms (next.js: 122ms, proxy.ts: 19ms, application-code: 347ms)
 GET /creator-studio/pathways/test 200 in 370ms (next.js: 96ms, proxy.ts: 71ms, application-code: 203ms)
 GET /creator-studio/pathways/test 200 in 309ms (next.js: 93ms, proxy.ts: 8ms, application-code: 208ms)
 GET /creator-studio/resources 200 in 104ms (next.js: 8ms, proxy.ts: 19ms, application-code: 78ms)
 GET /creator/spaces/winters-playground/pathways/test 200 in 246ms (next.js: 109ms, proxy.ts: 5ms, application-code: 132ms)
 GET /creator/spaces/winters-playground/pathways/test/steps/step-1 200 in 1221ms (next.js: 908ms, proxy.ts: 14ms, application-code: 299ms)
 GET / 200 in 1063ms (next.js: 202ms, proxy.ts: 17ms, application-code: 843ms)
 GET /spaces 200 in 670ms (next.js: 81ms, proxy.ts: 35ms, application-code: 554ms)
 GET /dashboard 200 in 1051ms (next.js: 31ms, proxy.ts: 14ms, application-code: 1007ms)
 GET /creator 200 in 450ms (next.js: 116ms, proxy.ts: 36ms, application-code: 298ms)
 GET /dashboard 200 in 333ms (next.js: 12ms, proxy.ts: 7ms, application-code: 315ms)
 GET /creator-studio 200 in 369ms (next.js: 58ms, proxy.ts: 18ms, application-code: 294ms)
 GET /spaces/fresh-collective/community 200 in 1074ms (next.js: 213ms, proxy.ts: 43ms, application-code: 818ms)
 GET /dashboard 200 in 388ms (next.js: 11ms, proxy.ts: 11ms, application-code: 366ms)
[browser] Detected `scroll-behavior: smooth` on the `<html>` element. To disable smooth scrolling during route transitions, add `data-scroll-behavior="smooth"` to your <html> element. Learn more: https://nextjs.org/docs/messages/missing-data-scroll-behavior
 GET /spaces/fresh-collective 200 in 1291ms (next.js: 170ms, proxy.ts: 26ms, application-code: 1095ms)
 GET /spaces/fresh-collective/pathways/real-journey 200 in 989ms (next.js: 227ms, proxy.ts: 255ms, application-code: 507ms)
 GET /spaces/fresh-collective 200 in 517ms (next.js: 91ms, proxy.ts: 54ms, application-code: 371ms)
 GET /spaces/fresh-collective/community 200 in 167ms (next.js: 59ms, proxy.ts: 7ms, application-code: 100ms)
 GET /spaces/fresh-collective/community/po000001-0000-4000-8000-000000000002 200 in 326ms (next.js: 118ms, proxy.ts: 69ms, application-code: 139ms)
 GET /spaces/fresh-collective/community 200 in 316ms (next.js: 92ms, proxy.ts: 11ms, application-code: 213ms)
 GET /spaces/fresh-collective/events 200 in 186ms (next.js: 65ms, proxy.ts: 5ms, application-code: 115ms)
 GET /spaces/fresh-collective/events/ev000001-0000-4000-8000-000000000001 200 in 136ms (next.js: 70ms, proxy.ts: 4ms, application-code: 62ms)
 GET /spaces/fresh-collective/members 200 in 178ms (next.js: 74ms, proxy.ts: 4ms, application-code: 100ms)
 GET /profile/cmoe3ksnb0000uu9pm2ay6vtf 200 in 149ms (next.js: 65ms, proxy.ts: 12ms, application-code: 71ms)
 GET /spaces/fresh-collective 200 in 375ms (next.js: 88ms, proxy.ts: 21ms, application-code: 266ms)
 GET /spaces/fresh-collective/pathways/real-journey/recognise 200 in 238ms (next.js: 110ms, proxy.ts: 4ms, application-code: 123ms)
 GET /spaces/fresh-collective/pathways/real-journey 200 in 173ms (next.js: 77ms, proxy.ts: 7ms, application-code: 89ms)
 GET /spaces/fresh-collective/pathways 200 in 196ms (next.js: 83ms, proxy.ts: 5ms, application-code: 109ms)
 GET /spaces/fresh-collective 200 in 328ms (next.js: 74ms, proxy.ts: 33ms, application-code: 220ms)
 GET /spaces/fresh-collective/pathways/real-journey/recognise 200 in 221ms (next.js: 66ms, proxy.ts: 5ms, application-code: 150ms)
 GET /spaces/fresh-collective/pathways/real-journey/recognise 200 in 283ms (next.js: 68ms, proxy.ts: 12ms, application-code: 203ms)
 GET /spaces/fresh-collective/pathways/real-journey/explore 200 in 154ms (next.js: 50ms, proxy.ts: 4ms, application-code: 100ms)
 GET /settings 200 in 169ms (next.js: 83ms, proxy.ts: 10ms, application-code: 76ms)
[browser] Uncaught TypeError: Performance.measure: Given attribute end cannot be negative
 GET /settings/profile 200 in 351ms (next.js: 198ms, proxy.ts: 20ms, application-code: 132ms)
 GET /settings/profile 200 in 135ms (next.js: 31ms, proxy.ts: 21ms, application-code: 83ms)
 GET /settings/membership 200 in 132ms (next.js: 43ms, proxy.ts: 7ms, application-code: 83ms)
 GET /settings/preferences 200 in 147ms (next.js: 26ms, proxy.ts: 4ms, application-code: 116ms)
 GET /settings/security 200 in 140ms (next.js: 42ms, proxy.ts: 5ms, application-code: 93ms)
 GET /dashboard 200 in 142ms (next.js: 12ms, proxy.ts: 6ms, application-code: 124ms)
 GET /spaces/fresh-collective 200 in 328ms (next.js: 80ms, proxy.ts: 15ms, application-code: 234ms)
 GET /dashboard/explore 200 in 108ms (next.js: 11ms, proxy.ts: 7ms, application-code: 90ms)
 GET /spaces/winters-playground 200 in 313ms (next.js: 71ms, proxy.ts: 6ms, application-code: 236ms)
 GET /dashboard 200 in 178ms (next.js: 16ms, proxy.ts: 7ms, application-code: 155ms)
 GET /creator-studio/collective 200 in 459ms (next.js: 36ms, proxy.ts: 26ms, application-code: 397ms)
 GET /api/uploads/covers/0c72f2c07d394a5d962a8ef4535bea26_hawaii-beach.png 404 in 242ms (next.js: 44ms, application-code: 199ms)
 GET /creator-studio/collective 200 in 124ms (next.js: 9ms, proxy.ts: 5ms, application-code: 110ms)
 GET /api/uploads/covers/0e61c310c1a74f82b57afaa1346ad853_8_Things_Your_Human_Design_Can_Help_With.jpg 404 in 55ms (next.js: 3ms, application-code: 52ms)
 GET /creator-studio/collective 200 in 130ms (next.js: 8ms, proxy.ts: 19ms, application-code: 103ms)
 GET /api/uploads/covers/0c72f2c07d394a5d962a8ef4535bea26_hawaii-beach.png 404 in 97ms (next.js: 8ms, application-code: 89ms)
 GET /creator-studio 200 in 90ms (next.js: 8ms, proxy.ts: 5ms, application-code: 78ms)
 GET /creator-studio/collective 200 in 137ms (next.js: 22ms, proxy.ts: 6ms, application-code: 109ms)
 GET /api/uploads/covers/0c72f2c07d394a5d962a8ef4535bea26_hawaii-beach.png 404 in 73ms (next.js: 6ms, application-code: 67ms)
 GET /creator-studio/pathways 200 in 87ms (next.js: 9ms, proxy.ts: 5ms, application-code: 72ms)
 GET /creator-studio/pathways/new 200 in 121ms (next.js: 16ms, proxy.ts: 12ms, application-code: 94ms)
 GET /creator-studio/pathways 200 in 251ms (next.js: 10ms, proxy.ts: 16ms, application-code: 224ms)
 GET /creator-studio/pathways/real-journey 200 in 284ms (next.js: 100ms, proxy.ts: 6ms, application-code: 178ms)
 GET /creator-studio/pathways 200 in 274ms (next.js: 59ms, proxy.ts: 14ms, application-code: 201ms)
 GET /creator-studio/gatherings 200 in 164ms (next.js: 11ms, proxy.ts: 20ms, application-code: 133ms)
 GET /creator/spaces/fresh-collective/events/ev000001-0000-4000-8000-000000000003 200 in 224ms (next.js: 85ms, proxy.ts: 5ms, application-code: 134ms)
 GET /creator-studio/resources 200 in 274ms (next.js: 20ms, proxy.ts: 6ms, application-code: 248ms)
 GET /creator/spaces/fresh-collective/pathways/real-journey 200 in 387ms (next.js: 114ms, proxy.ts: 16ms, application-code: 257ms)
 GET /creator/spaces/fresh-collective/pathways/real-journey/steps/welcome 200 in 233ms (next.js: 77ms, proxy.ts: 26ms, application-code: 130ms)
 GET /creator/spaces/fresh-collective/events 200 in 623ms (next.js: 243ms, proxy.ts: 22ms, application-code: 358ms)
 GET /creator/spaces/fresh-collective/community 200 in 182ms (next.js: 77ms, proxy.ts: 5ms, application-code: 100ms)
 GET /creator/spaces/fresh-collective 200 in 345ms (next.js: 126ms, proxy.ts: 77ms, application-code: 141ms)
 GET /spaces/fresh-collective 200 in 2.2s (next.js: 112ms, proxy.ts: 40ms, application-code: 2.0s)
 GET /creator 200 in 642ms (next.js: 43ms, proxy.ts: 26ms, application-code: 572ms)
 GET /creator 200 in 19ms (next.js: 6ms, proxy.ts: 4ms, application-code: 8ms)
 GET /creator 200 in 66ms (next.js: 4ms, proxy.ts: 7ms, application-code: 54ms)
 GET /dashboard 200 in 366ms (next.js: 10ms, proxy.ts: 8ms, application-code: 347ms)
 GET /dashboard/explore 200 in 96ms (next.js: 12ms, proxy.ts: 16ms, application-code: 67ms)
 GET /dashboard 200 in 271ms (next.js: 8ms, proxy.ts: 69ms, application-code: 194ms)
 GET /spaces/fresh-collective/pathways/real-journey/welcome 200 in 354ms (next.js: 74ms, proxy.ts: 5ms, application-code: 276ms)
 GET /creator-studio 200 in 926ms (next.js: 164ms, proxy.ts: 50ms, application-code: 713ms)
 GET /creator-studio/collective 200 in 633ms (next.js: 42ms, proxy.ts: 36ms, application-code: 555ms)
[browser] Detected `scroll-behavior: smooth` on the `<html>` element. To disable smooth scrolling during route transitions, add `data-scroll-behavior="smooth"` to your <html> element. Learn more: https://nextjs.org/docs/messages/missing-data-scroll-behavior
 GET /api/uploads/covers/0c72f2c07d394a5d962a8ef4535bea26_hawaii-beach.png 404 in 250ms (next.js: 33ms, application-code: 218ms)
 GET /creator/spaces/fresh-collective/pathways 200 in 393ms (next.js: 144ms, proxy.ts: 19ms, application-code: 230ms)
 GET /creator/spaces/fresh-collective/pathways/real-journey 200 in 310ms (next.js: 70ms, proxy.ts: 16ms, application-code: 224ms)
 GET /creator/spaces/fresh-collective/pathways/real-journey/steps/recognise 200 in 318ms (next.js: 114ms, proxy.ts: 9ms, application-code: 195ms)
✓ Compiled in 498ms
 GET /creator/spaces/fresh-collective/pathways/real-journey/steps/recognise 200 in 1121ms (next.js: 686ms, proxy.ts: 77ms, application-code: 358ms)
 GET /dashboard 200 in 1133ms (next.js: 413ms, proxy.ts: 82ms, application-code: 638ms)
 GET /creator/spaces/fresh-collective/pathways/real-journey/steps/recognise 200 in 607ms (next.js: 29ms, proxy.ts: 23ms, application-code: 556ms)
 GET /dashboard 200 in 722ms (next.js: 23ms, proxy.ts: 15ms, application-code: 685ms)
 GET /dashboard 200 in 751ms (next.js: 73ms, proxy.ts: 20ms, application-code: 657ms)
 GET /dashboard 200 in 532ms (next.js: 20ms, proxy.ts: 12ms, application-code: 500ms)
 GET /dashboard 200 in 788ms (next.js: 149ms, proxy.ts: 13ms, application-code: 626ms)
 GET /dashboard 200 in 702ms (next.js: 13ms, proxy.ts: 44ms, application-code: 646ms)
 GET /creator/spaces/fresh-collective/pathways/real-journey/steps/recognise 200 in 734ms (next.js: 178ms, proxy.ts: 13ms, application-code: 543ms)
 GET / 200 in 2.8s (next.js: 79ms, proxy.ts: 61ms, application-code: 2.6s)
 GET /dashboard 200 in 868ms (next.js: 10ms, proxy.ts: 11ms, application-code: 847ms)
 GET /dashboard 200 in 585ms (next.js: 19ms, proxy.ts: 41ms, application-code: 525ms)
 GET /dashboard 200 in 747ms (next.js: 101ms, proxy.ts: 27ms, application-code: 619ms)
 GET /dashboard 200 in 683ms (next.js: 5ms, proxy.ts: 19ms, application-code: 659ms)
 GET /creator/spaces/fresh-collective/pathways/real-journey/steps/recognise 200 in 850ms (next.js: 120ms, proxy.ts: 18ms, application-code: 713ms)
 GET /dashboard 200 in 1034ms (next.js: 33ms, proxy.ts: 14ms, application-code: 987ms)
 GET /dashboard 200 in 1069ms (next.js: 27ms, proxy.ts: 21ms, application-code: 1022ms)
 GET /dashboard 200 in 1077ms (next.js: 107ms, proxy.ts: 212ms, application-code: 758ms)
 GET /creator/spaces/fresh-collective/pathways/real-journey/steps/recognise 200 in 496ms (next.js: 103ms, proxy.ts: 86ms, application-code: 306ms)
 GET /dashboard 200 in 1007ms (next.js: 34ms, proxy.ts: 197ms, application-code: 775ms)
 GET /dashboard 200 in 1077ms (next.js: 17ms, proxy.ts: 152ms, application-code: 907ms)
 GET /dashboard 200 in 847ms (next.js: 54ms, proxy.ts: 33ms, application-code: 760ms)
 GET /dashboard 200 in 816ms (next.js: 104ms, proxy.ts: 155ms, application-code: 557ms)
 GET /creator/spaces/fresh-collective/pathways/real-journey/steps/recognise 200 in 575ms (next.js: 108ms, proxy.ts: 196ms, application-code: 271ms)
 GET /dashboard 200 in 791ms (next.js: 38ms, proxy.ts: 211ms, application-code: 542ms)
 GET /dashboard 200 in 750ms (next.js: 129ms, proxy.ts: 86ms, application-code: 535ms)
 GET / 200 in 2.9s (next.js: 10ms, proxy.ts: 77ms, application-code: 2.8s)
 GET /dashboard 200 in 837ms (next.js: 9ms, proxy.ts: 14ms, application-code: 814ms)
 GET /creator/spaces/fresh-collective/pathways/real-journey/steps/recognise 200 in 594ms (next.js: 89ms, proxy.ts: 136ms, application-code: 369ms)
 GET /dashboard 200 in 855ms (next.js: 34ms, proxy.ts: 150ms, application-code: 671ms)
 GET /dashboard 200 in 863ms (next.js: 70ms, proxy.ts: 168ms, application-code: 626ms)
 GET /dashboard 200 in 895ms (next.js: 149ms, proxy.ts: 10ms, application-code: 736ms)
 GET /dashboard 200 in 972ms (next.js: 24ms, proxy.ts: 27ms, application-code: 921ms)
 GET /creator/spaces/fresh-collective/pathways/real-journey/steps/recognise 200 in 788ms (next.js: 212ms, proxy.ts: 186ms, application-code: 391ms)
 GET /creator/spaces/fresh-collective/pathways/real-journey/steps/recognise 200 in 788ms (next.js: 271ms, proxy.ts: 186ms, application-code: 331ms)
 GET /creator/spaces/fresh-collective/pathways/real-journey/steps/recognise 200 in 362ms (next.js: 90ms, proxy.ts: 8ms, application-code: 263ms)
 GET /creator/spaces/fresh-collective/pathways/real-journey/steps/recognise 200 in 363ms (next.js: 158ms, proxy.ts: 14ms, application-code: 191ms)
 GET /creator/spaces/fresh-collective/pathways/real-journey/steps/recognise 200 in 366ms (next.js: 243ms, proxy.ts: 14ms, application-code: 108ms)
 GET /creator/spaces/fresh-collective/pathways/real-journey/steps/recognise 200 in 314ms (next.js: 43ms, proxy.ts: 15ms, application-code: 256ms)
 GET /creator/spaces/fresh-collective/pathways/real-journey/steps/recognise 200 in 292ms (next.js: 108ms, proxy.ts: 24ms, application-code: 161ms)
 GET /creator/spaces/fresh-collective/pathways/real-journey/steps/recognise 200 in 287ms (next.js: 148ms, proxy.ts: 16ms, application-code: 123ms)
 GET / 200 in 1588ms (next.js: 54ms, proxy.ts: 31ms, application-code: 1502ms)
 GET / 200 in 1897ms (next.js: 193ms, proxy.ts: 31ms, application-code: 1673ms)
 GET / 200 in 1663ms (next.js: 8ms, proxy.ts: 61ms, application-code: 1593ms)
 GET /creator/spaces/fresh-collective/pathways/real-journey/steps/recognise 200 in 750ms (next.js: 60ms, proxy.ts: 18ms, application-code: 672ms)
 GET /creator/spaces/fresh-collective/pathways/real-journey/steps/recognise 200 in 748ms (next.js: 150ms, proxy.ts: 18ms, application-code: 579ms)
 GET /creator/spaces/fresh-collective/pathways/real-journey/steps/recognise 200 in 745ms (next.js: 202ms, proxy.ts: 17ms, application-code: 527ms)
 GET /creator/spaces/fresh-collective/pathways/real-journey/steps/recognise 200 in 498ms (next.js: 87ms, proxy.ts: 16ms, application-code: 394ms)
 GET /creator/spaces/fresh-collective/pathways/real-journey/steps/recognise 200 in 563ms (next.js: 229ms, proxy.ts: 12ms, application-code: 322ms)
 GET /creator/spaces/fresh-collective/pathways/real-journey/steps/recognise 200 in 660ms (next.js: 53ms, proxy.ts: 16ms, application-code: 591ms)
 GET /creator/spaces/fresh-collective/pathways/real-journey/steps/recognise 200 in 663ms (next.js: 141ms, proxy.ts: 16ms, application-code: 506ms)
 GET /creator/spaces/fresh-collective/pathways/real-journey/steps/recognise 200 in 664ms (next.js: 209ms, proxy.ts: 14ms, application-code: 440ms)
 GET /creator/spaces/fresh-collective/pathways/real-journey/steps/recognise 200 in 665ms (next.js: 308ms, proxy.ts: 15ms, application-code: 342ms)
 GET /creator/spaces/fresh-collective/pathways/real-journey/steps/recognise 200 in 420ms (next.js: 56ms, proxy.ts: 27ms, application-code: 337ms)
 GET /creator/spaces/fresh-collective/pathways/real-journey/steps/recognise 200 in 413ms (next.js: 112ms, proxy.ts: 13ms, application-code: 289ms)
 GET /creator/spaces/fresh-collective/pathways/real-journey/steps/recognise 200 in 557ms (next.js: 95ms, proxy.ts: 19ms, application-code: 442ms)
 GET /creator/spaces/fresh-collective/pathways/real-journey/steps/recognise 200 in 554ms (next.js: 157ms, proxy.ts: 20ms, application-code: 377ms)
 GET /creator/spaces/fresh-collective/pathways/real-journey/steps/recognise 200 in 549ms (next.js: 217ms, proxy.ts: 20ms, application-code: 312ms)
 GET /creator/spaces/fresh-collective/pathways/real-journey/steps/recognise 200 in 548ms (next.js: 267ms, proxy.ts: 21ms, application-code: 260ms)
 GET /creator/spaces/fresh-collective/pathways/real-journey/steps/recognise 200 in 318ms (next.js: 10ms, proxy.ts: 171ms, application-code: 137ms)
 GET /creator/spaces/fresh-collective/pathways/real-journey/steps/recognise 200 in 184ms (next.js: 58ms, proxy.ts: 36ms, application-code: 89ms)
 GET /creator/spaces/fresh-collective/pathways/real-journey/steps/recognise 200 in 551ms (next.js: 154ms, proxy.ts: 18ms, application-code: 379ms)
 GET /creator/spaces/fresh-collective/pathways/real-journey/steps/recognise 200 in 554ms (next.js: 196ms, proxy.ts: 18ms, application-code: 340ms)
 GET /creator/spaces/fresh-collective/pathways/real-journey/steps/recognise 200 in 553ms (next.js: 350ms, proxy.ts: 19ms, application-code: 185ms)
 GET /creator/spaces/fresh-collective/pathways/real-journey/steps/recognise 200 in 555ms (next.js: 272ms, proxy.ts: 19ms, application-code: 264ms)
 GET /creator/spaces/fresh-collective/pathways/real-journey/steps/recognise 200 in 555ms (next.js: 387ms, proxy.ts: 21ms, application-code: 146ms)
 GET / 200 in 1283ms (next.js: 10ms, proxy.ts: 21ms, application-code: 1253ms)
 GET / 200 in 844ms (next.js: 273ms, proxy.ts: 16ms, application-code: 555ms)
 GET / 200 in 843ms (next.js: 523ms, proxy.ts: 22ms, application-code: 298ms)
 GET / 200 in 850ms (next.js: 148ms, proxy.ts: 16ms, application-code: 686ms)
 GET / 200 in 853ms (next.js: 20ms, proxy.ts: 16ms, application-code: 817ms)
 GET / 200 in 852ms (next.js: 402ms, proxy.ts: 20ms, application-code: 431ms)
 GET / 200 in 727ms (next.js: 5ms, proxy.ts: 7ms, application-code: 716ms)
 GET / 200 in 618ms (next.js: 103ms, proxy.ts: 10ms, application-code: 506ms)
 GET / 200 in 799ms (next.js: 10ms, proxy.ts: 9ms, application-code: 780ms)
 GET / 200 in 848ms (next.js: 173ms, proxy.ts: 10ms, application-code: 665ms)
 GET / 200 in 860ms (next.js: 401ms, proxy.ts: 11ms, application-code: 449ms)
 GET / 200 in 955ms (next.js: 397ms, proxy.ts: 99ms, application-code: 458ms)
 GET / 200 in 4.3s (next.js: 237ms, proxy.ts: 178ms, application-code: 3.9s)
 GET / 200 in 4.1s (next.js: 1877ms, proxy.ts: 2.0s, application-code: 129ms)
 GET / 200 in 4.6s (next.js: 13ms, proxy.ts: 7ms, application-code: 4.6s)
 GET / 200 in 4.2s (next.js: 3.4s, proxy.ts: 227ms, application-code: 584ms)
 GET / 200 in 4.3s (next.js: 2.1s, proxy.ts: 211ms, application-code: 1989ms)
 GET / 200 in 4.2s (next.js: 3.7s, proxy.ts: 223ms, application-code: 318ms)
 GET / 200 in 768ms (next.js: 16ms, proxy.ts: 6ms, application-code: 745ms)
 GET / 200 in 757ms (next.js: 20ms, proxy.ts: 157ms, application-code: 580ms)
 GET / 200 in 758ms (next.js: 216ms, proxy.ts: 166ms, application-code: 376ms)
 GET / 200 in 756ms (next.js: 300ms, proxy.ts: 165ms, application-code: 292ms)
 GET / 200 in 595ms (next.js: 86ms, proxy.ts: 386ms, application-code: 123ms)
 GET / 200 in 612ms (next.js: 184ms, proxy.ts: 223ms, application-code: 205ms)
 GET / 200 in 614ms (next.js: 11ms, proxy.ts: 7ms, application-code: 596ms)
 GET / 200 in 609ms (next.js: 91ms, proxy.ts: 8ms, application-code: 509ms)
 GET / 200 in 609ms (next.js: 170ms, proxy.ts: 8ms, application-code: 430ms)
 GET / 200 in 614ms (next.js: 171ms, proxy.ts: 88ms, application-code: 356ms)
 GET / 200 in 527ms (next.js: 236ms, proxy.ts: 168ms, application-code: 124ms)
 GET / 200 in 621ms (next.js: 302ms, proxy.ts: 90ms, application-code: 228ms)
 GET /dashboard 200 in 510ms (next.js: 270ms, proxy.ts: 10ms, application-code: 229ms)
 GET /dashboard 200 in 503ms (next.js: 96ms, proxy.ts: 267ms, application-code: 140ms)
 GET /dashboard 200 in 505ms (next.js: 68ms, proxy.ts: 267ms, application-code: 171ms)
 GET /dashboard 200 in 247ms (next.js: 105ms, proxy.ts: 69ms, application-code: 73ms)
 GET /dashboard 200 in 218ms (next.js: 32ms, proxy.ts: 9ms, application-code: 177ms)
 GET /dashboard 200 in 219ms (next.js: 72ms, proxy.ts: 9ms, application-code: 138ms)
 GET /dashboard 200 in 224ms (next.js: 10ms, proxy.ts: 9ms, application-code: 204ms)
 GET /dashboard 200 in 220ms (next.js: 135ms, proxy.ts: 10ms, application-code: 74ms)
 GET / 200 in 996ms (next.js: 143ms, proxy.ts: 10ms, application-code: 843ms)
 GET / 200 in 1003ms (next.js: 12ms, proxy.ts: 8ms, application-code: 984ms)
 GET /dashboard 200 in 268ms (next.js: 8ms, proxy.ts: 10ms, application-code: 250ms)
 GET /dashboard 200 in 341ms (next.js: 50ms, proxy.ts: 9ms, application-code: 282ms)
 GET /dashboard 200 in 364ms (next.js: 79ms, proxy.ts: 9ms, application-code: 276ms)
 GET /dashboard 200 in 367ms (next.js: 149ms, proxy.ts: 8ms, application-code: 209ms)
 GET /dashboard 200 in 132ms (next.js: 11ms, proxy.ts: 4ms, application-code: 116ms)
 GET /creator/spaces/fresh-collective/pathways/real-journey/steps/recognise 200 in 1142ms (next.js: 590ms, proxy.ts: 42ms, application-code: 509ms)
 GET /dashboard 200 in 1099ms (next.js: 817ms, proxy.ts: 15ms, application-code: 268ms)
 GET /creator/spaces/fresh-collective/pathways/real-journey/steps/recognise 200 in 271ms (next.js: 173ms, proxy.ts: 15ms, application-code: 83ms)
 GET /dashboard 200 in 279ms (next.js: 9ms, proxy.ts: 17ms, application-code: 253ms)
 GET / 200 in 1436ms (next.js: 25ms, proxy.ts: 11ms, application-code: 1399ms)
 GET /creator/spaces/fresh-collective/pathways/real-journey/steps/recognise 200 in 650ms (next.js: 132ms, proxy.ts: 18ms, application-code: 501ms)
 GET /dashboard 200 in 653ms (next.js: 40ms, proxy.ts: 17ms, application-code: 596ms)
 GET /creator/spaces/fresh-collective/pathways/real-journey/steps/recognise 200 in 784ms (next.js: 110ms, proxy.ts: 92ms, application-code: 582ms)
 GET /creator/spaces/fresh-collective/pathways/real-journey/steps/recognise 200 in 811ms (next.js: 212ms, proxy.ts: 94ms, application-code: 504ms)
 GET /dashboard 200 in 822ms (next.js: 12ms, proxy.ts: 52ms, application-code: 759ms)
 GET /creator/spaces/fresh-collective/pathways/real-journey/steps/recognise 200 in 646ms (next.js: 112ms, proxy.ts: 18ms, application-code: 516ms)
 GET /creator/spaces/fresh-collective/pathways/real-journey/steps/recognise 200 in 643ms (next.js: 254ms, proxy.ts: 14ms, application-code: 376ms)
 GET /creator/spaces/fresh-collective/pathways/real-journey/steps/recognise 200 in 617ms (next.js: 41ms, proxy.ts: 23ms, application-code: 552ms)
 GET /creator/spaces/fresh-collective/pathways/real-journey/steps/recognise 200 in 706ms (next.js: 138ms, proxy.ts: 32ms, application-code: 536ms)
 GET /creator/spaces/fresh-collective/pathways/real-journey/steps/recognise 200 in 631ms (next.js: 71ms, proxy.ts: 99ms, application-code: 461ms)
 GET /creator/spaces/fresh-collective/pathways/real-journey/steps/recognise 200 in 680ms (next.js: 236ms, proxy.ts: 32ms, application-code: 412ms)
 GET /creator/spaces/fresh-collective/pathways/real-journey/steps/recognise 200 in 675ms (next.js: 290ms, proxy.ts: 36ms, application-code: 349ms)
 GET / 200 in 2.4s (next.js: 129ms, proxy.ts: 89ms, application-code: 2.2s)
 GET /creator/spaces/fresh-collective/pathways/real-journey/steps/recognise 200 in 500ms (next.js: 28ms, proxy.ts: 7ms, application-code: 465ms)
 GET /creator/spaces/fresh-collective/pathways/real-journey/steps/recognise 200 in 586ms (next.js: 94ms, proxy.ts: 22ms, application-code: 470ms)
 GET /creator/spaces/fresh-collective/pathways/real-journey/steps/recognise 200 in 707ms (next.js: 26ms, proxy.ts: 146ms, application-code: 535ms)
 GET /creator/spaces/fresh-collective/pathways/real-journey/steps/recognise 200 in 826ms (next.js: 120ms, proxy.ts: 9ms, application-code: 697ms)
 GET /creator/spaces/fresh-collective/pathways/real-journey/steps/recognise 200 in 828ms (next.js: 229ms, proxy.ts: 10ms, application-code: 589ms)
 GET /creator/spaces/fresh-collective/pathways/real-journey/steps/recognise 200 in 750ms (next.js: 300ms, proxy.ts: 18ms, application-code: 432ms)
 GET /creator/spaces/fresh-collective/pathways/real-journey/steps/recognise 200 in 804ms (next.js: 230ms, proxy.ts: 16ms, application-code: 557ms)
 GET /creator/spaces/fresh-collective/pathways/real-journey/steps/recognise 200 in 866ms (next.js: 130ms, proxy.ts: 214ms, application-code: 522ms)
 GET /creator/spaces/fresh-collective/pathways/real-journey/steps/recognise 200 in 671ms (next.js: 41ms, proxy.ts: 173ms, application-code: 457ms)
 GET /creator/spaces/fresh-collective/pathways/real-journey/steps/recognise 200 in 791ms (next.js: 151ms, proxy.ts: 11ms, application-code: 630ms)
 GET /creator/spaces/fresh-collective/pathways/real-journey/steps/recognise 200 in 790ms (next.js: 273ms, proxy.ts: 12ms, application-code: 504ms)
 GET /creator/spaces/fresh-collective/pathways/real-journey/steps/recognise 200 in 980ms (next.js: 220ms, proxy.ts: 16ms, application-code: 744ms)
 GET /creator/spaces/fresh-collective/pathways/real-journey/steps/recognise 200 in 959ms (next.js: 120ms, proxy.ts: 11ms, application-code: 828ms)
 GET /creator/spaces/fresh-collective/pathways/real-journey/steps/recognise 200 in 1266ms (next.js: 423ms, proxy.ts: 12ms, application-code: 832ms)
 GET /creator/spaces/fresh-collective/pathways/real-journey/steps/recognise 200 in 1243ms (next.js: 333ms, proxy.ts: 19ms, application-code: 891ms)
 GET /creator/spaces/fresh-collective/pathways/real-journey/steps/recognise 200 in 1090ms (next.js: 238ms, proxy.ts: 43ms, application-code: 809ms)
 GET /creator/spaces/fresh-collective/pathways/real-journey/steps/recognise 200 in 1087ms (next.js: 402ms, proxy.ts: 35ms, application-code: 650ms)
 GET /creator/spaces/fresh-collective/pathways/real-journey/steps/recognise 200 in 1215ms (next.js: 401ms, proxy.ts: 57ms, application-code: 757ms)
 GET /creator/spaces/fresh-collective/pathways/real-journey/steps/recognise 200 in 840ms (next.js: 288ms, proxy.ts: 10ms, application-code: 542ms)
 GET /creator/spaces/fresh-collective/pathways/real-journey/steps/recognise 200 in 1013ms (next.js: 166ms, proxy.ts: 49ms, application-code: 797ms)
 GET /creator/spaces/fresh-collective/pathways/real-journey/steps/recognise 200 in 1378ms (next.js: 224ms, proxy.ts: 7ms, application-code: 1147ms)
 GET /creator/spaces/fresh-collective/pathways/real-journey/steps/recognise 200 in 1387ms (next.js: 308ms, proxy.ts: 19ms, application-code: 1059ms)
 GET /creator/spaces/fresh-collective/pathways/real-journey/steps/recognise 200 in 1397ms (next.js: 200ms, proxy.ts: 21ms, application-code: 1176ms)
 GET /creator/spaces/fresh-collective/pathways/real-journey/steps/recognise 200 in 1563ms (next.js: 607ms, proxy.ts: 28ms, application-code: 928ms)
 GET /creator/spaces/fresh-collective/pathways/real-journey/steps/recognise 200 in 1456ms (next.js: 571ms, proxy.ts: 21ms, application-code: 864ms)
 GET /creator/spaces/fresh-collective/pathways/real-journey/steps/recognise 200 in 910ms (next.js: 233ms, proxy.ts: 9ms, application-code: 669ms)
 GET /creator/spaces/fresh-collective/pathways/real-journey/steps/recognise 200 in 1070ms (next.js: 293ms, proxy.ts: 67ms, application-code: 710ms)
 GET /creator/spaces/fresh-collective/pathways/real-journey/steps/recognise 200 in 1254ms (next.js: 124ms, proxy.ts: 13ms, application-code: 1117ms)
 GET /creator/spaces/fresh-collective/pathways/real-journey/steps/recognise 200 in 1294ms (next.js: 280ms, proxy.ts: 13ms, application-code: 1001ms)
 GET /creator/spaces/fresh-collective/pathways/real-journey/steps/recognise 200 in 1703ms (next.js: 144ms, proxy.ts: 168ms, application-code: 1391ms)
 GET /creator/spaces/fresh-collective/pathways/real-journey/steps/recognise 200 in 1672ms (next.js: 450ms, proxy.ts: 16ms, application-code: 1207ms)
 GET /creator/spaces/fresh-collective/pathways/real-journey/steps/recognise 200 in 1430ms (next.js: 597ms, proxy.ts: 27ms, application-code: 807ms)
 GET /creator/spaces/fresh-collective/pathways/real-journey/steps/recognise 200 in 1046ms (next.js: 434ms, proxy.ts: 66ms, application-code: 547ms)
 GET /creator/spaces/fresh-collective/pathways/real-journey/steps/recognise 200 in 731ms (next.js: 160ms, proxy.ts: 42ms, application-code: 529ms)
 GET /creator/spaces/fresh-collective/pathways/real-journey/steps/recognise 200 in 731ms (next.js: 278ms, proxy.ts: 46ms, application-code: 406ms)
 GET /creator/spaces/fresh-collective/pathways/real-journey/steps/recognise 200 in 950ms (next.js: 29ms, proxy.ts: 259ms, application-code: 662ms)
 GET /creator/spaces/fresh-collective/pathways/real-journey/steps/recognise 200 in 1267ms (next.js: 150ms, proxy.ts: 11ms, application-code: 1107ms)
 GET /creator/spaces/fresh-collective/pathways/real-journey/steps/recognise 200 in 1275ms (next.js: 139ms, proxy.ts: 25ms, application-code: 1112ms)
 GET /creator/spaces/fresh-collective/pathways/real-journey/steps/recognise 200 in 1489ms (next.js: 273ms, proxy.ts: 19ms, application-code: 1197ms)
 GET /creator/spaces/fresh-collective/pathways/real-journey/steps/recognise 200 in 1405ms (next.js: 356ms, proxy.ts: 36ms, application-code: 1013ms)
 GET /creator/spaces/fresh-collective/pathways/real-journey/steps/recognise 200 in 1406ms (next.js: 462ms, proxy.ts: 38ms, application-code: 907ms)
 GET /creator/spaces/fresh-collective/pathways/real-journey/steps/recognise 200 in 1587ms (next.js: 104ms, proxy.ts: 618ms, application-code: 865ms)
 GET /creator/spaces/fresh-collective/pathways/real-journey/steps/recognise 200 in 1220ms (next.js: 369ms, proxy.ts: 37ms, application-code: 814ms)
 GET /creator/spaces/fresh-collective/pathways/real-journey/steps/recognise 200 in 1210ms (next.js: 177ms, proxy.ts: 316ms, application-code: 717ms)
 GET /creator/spaces/fresh-collective/pathways/real-journey/steps/recognise 200 in 1062ms (next.js: 55ms, proxy.ts: 244ms, application-code: 763ms)
 GET /creator/spaces/fresh-collective/pathways/real-journey/steps/recognise 200 in 903ms (next.js: 158ms, proxy.ts: 26ms, application-code: 719ms)
 GET /creator/spaces/fresh-collective/pathways/real-journey/steps/recognise 200 in 903ms (next.js: 285ms, proxy.ts: 22ms, application-code: 596ms)
 GET /creator/spaces/fresh-collective/pathways/real-journey/steps/recognise 200 in 1033ms (next.js: 191ms, proxy.ts: 268ms, application-code: 574ms)
 GET /creator/spaces/fresh-collective/pathways/real-journey/steps/recognise 200 in 1047ms (next.js: 334ms, proxy.ts: 21ms, application-code: 691ms)
 GET /creator/spaces/fresh-collective/pathways/real-journey/steps/recognise 200 in 1059ms (next.js: 131ms, proxy.ts: 290ms, application-code: 638ms)
 GET /creator/spaces/fresh-collective/pathways/real-journey/steps/recognise 200 in 903ms (next.js: 47ms, proxy.ts: 147ms, application-code: 708ms)
 GET /creator/spaces/fresh-collective/pathways/real-journey/steps/recognise 200 in 880ms (next.js: 142ms, proxy.ts: 14ms, application-code: 724ms)
 GET /creator/spaces/fresh-collective/pathways/real-journey/steps/recognise 200 in 895ms (next.js: 215ms, proxy.ts: 13ms, application-code: 667ms)
 GET /creator/spaces/fresh-collective/pathways/real-journey/steps/recognise 200 in 1078ms (next.js: 22ms, proxy.ts: 328ms, application-code: 728ms)
 GET /creator/spaces/fresh-collective/pathways/real-journey/steps/recognise 200 in 954ms (next.js: 254ms, proxy.ts: 10ms, application-code: 689ms)
 GET /creator/spaces/fresh-collective/pathways/real-journey/steps/recognise 200 in 997ms (next.js: 280ms, proxy.ts: 235ms, application-code: 482ms)
 GET /creator/spaces/fresh-collective/pathways/real-journey/steps/recognise 200 in 766ms (next.js: 261ms, proxy.ts: 26ms, application-code: 479ms)
 GET /creator/spaces/fresh-collective/pathways/real-journey/steps/recognise 200 in 578ms (next.js: 97ms, proxy.ts: 23ms, application-code: 457ms)
 GET /creator/spaces/fresh-collective/pathways/real-journey/steps/recognise 200 in 568ms (next.js: 210ms, proxy.ts: 11ms, application-code: 347ms)
 GET /creator/spaces/fresh-collective/pathways/real-journey/steps/recognise 200 in 588ms (next.js: 39ms, proxy.ts: 236ms, application-code: 313ms)
 GET /creator/spaces/fresh-collective/pathways/real-journey/steps/recognise 200 in 672ms (next.js: 147ms, proxy.ts: 13ms, application-code: 512ms)
 GET /creator/spaces/fresh-collective/pathways/real-journey/steps/recognise 200 in 664ms (next.js: 77ms, proxy.ts: 126ms, application-code: 461ms)
 GET /creator/spaces/fresh-collective/pathways/real-journey/steps/recognise 200 in 641ms (next.js: 35ms, proxy.ts: 100ms, application-code: 506ms)
 GET /creator/spaces/fresh-collective/pathways/real-journey/steps/recognise 200 in 551ms (next.js: 68ms, proxy.ts: 18ms, application-code: 464ms)
 GET /creator/spaces/fresh-collective/pathways/real-journey/steps/recognise 200 in 564ms (next.js: 253ms, proxy.ts: 12ms, application-code: 298ms)
 GET /creator/spaces/fresh-collective/pathways/real-journey/steps/recognise 200 in 637ms (next.js: 23ms, proxy.ts: 185ms, application-code: 429ms)
 GET /creator/spaces/fresh-collective/pathways/real-journey/steps/recognise 200 in 660ms (next.js: 105ms, proxy.ts: 10ms, application-code: 545ms)
 GET /creator/spaces/fresh-collective/pathways/real-journey/steps/recognise 200 in 668ms (next.js: 106ms, proxy.ts: 95ms, application-code: 468ms)
 GET /creator/spaces/fresh-collective/pathways/real-journey/steps/recognise 200 in 606ms (next.js: 30ms, proxy.ts: 103ms, application-code: 473ms)
 GET /creator/spaces/fresh-collective/pathways/real-journey/steps/recognise 200 in 622ms (next.js: 142ms, proxy.ts: 24ms, application-code: 456ms)
 GET /creator/spaces/fresh-collective/pathways/real-journey/steps/recognise 200 in 620ms (next.js: 238ms, proxy.ts: 19ms, application-code: 363ms)
 GET /creator/spaces/fresh-collective/pathways/real-journey/steps/recognise 200 in 698ms (next.js: 21ms, proxy.ts: 121ms, application-code: 555ms)
 GET /creator/spaces/fresh-collective/pathways/real-journey/steps/recognise 200 in 752ms (next.js: 126ms, proxy.ts: 9ms, application-code: 616ms)
 GET /creator/spaces/fresh-collective/pathways/real-journey/steps/recognise 200 in 758ms (next.js: 226ms, proxy.ts: 109ms, application-code: 423ms)
 GET /creator/spaces/fresh-collective/pathways/real-journey/steps/recognise 200 in 641ms (next.js: 25ms, proxy.ts: 261ms, application-code: 356ms)
 GET /creator/spaces/fresh-collective/pathways/real-journey/steps/recognise 200 in 719ms (next.js: 74ms, proxy.ts: 30ms, application-code: 615ms)
 GET /creator/spaces/fresh-collective/pathways/real-journey/steps/recognise 200 in 718ms (next.js: 175ms, proxy.ts: 12ms, application-code: 531ms)
 GET /creator/spaces/fresh-collective/pathways/real-journey/steps/recognise 200 in 867ms (next.js: 23ms, proxy.ts: 81ms, application-code: 764ms)
 GET /creator/spaces/fresh-collective/pathways/real-journey/steps/recognise 200 in 936ms (next.js: 109ms, proxy.ts: 13ms, application-code: 814ms)
 GET /creator/spaces/fresh-collective/pathways/real-journey/steps/recognise 200 in 947ms (next.js: 357ms, proxy.ts: 86ms, application-code: 504ms)
 GET /creator/spaces/fresh-collective/pathways/real-journey/steps/recognise 200 in 654ms (next.js: 31ms, proxy.ts: 119ms, application-code: 504ms)
 GET /creator/spaces/fresh-collective/pathways/real-journey/steps/recognise 200 in 728ms (next.js: 86ms, proxy.ts: 121ms, application-code: 521ms)
 GET /creator/spaces/fresh-collective/pathways/real-journey/steps/recognise 200 in 640ms (next.js: 282ms, proxy.ts: 15ms, application-code: 343ms)
 GET /creator/spaces/fresh-collective/pathways/real-journey/steps/recognise 200 in 613ms (next.js: 42ms, proxy.ts: 31ms, application-code: 540ms)
 GET /creator/spaces/fresh-collective/pathways/real-journey/steps/recognise 200 in 677ms (next.js: 144ms, proxy.ts: 15ms, application-code: 519ms)
 GET /creator/spaces/fresh-collective/pathways/real-journey/steps/recognise 200 in 671ms (next.js: 129ms, proxy.ts: 118ms, application-code: 424ms)
 GET /creator/spaces/fresh-collective/pathways/real-journey/steps/recognise 200 in 582ms (next.js: 35ms, proxy.ts: 118ms, application-code: 429ms)
 GET /creator/spaces/fresh-collective/pathways/real-journey/steps/recognise 200 in 646ms (next.js: 102ms, proxy.ts: 124ms, application-code: 420ms)
 GET /creator/spaces/fresh-collective/pathways/real-journey/steps/recognise 200 in 537ms (next.js: 206ms, proxy.ts: 19ms, application-code: 312ms)
 GET /creator/spaces/fresh-collective/pathways/real-journey/steps/recognise 200 in 666ms (next.js: 34ms, proxy.ts: 22ms, application-code: 610ms)
 GET /creator/spaces/fresh-collective/pathways/real-journey/steps/recognise 200 in 759ms (next.js: 128ms, proxy.ts: 19ms, application-code: 612ms)
 GET /creator/spaces/fresh-collective/pathways/real-journey/steps/recognise 200 in 756ms (next.js: 185ms, proxy.ts: 103ms, application-code: 469ms)
 GET /creator/spaces/fresh-collective/pathways/real-journey/steps/recognise 200 in 779ms (next.js: 223ms, proxy.ts: 12ms, application-code: 544ms)
 GET /creator/spaces/fresh-collective/pathways/real-journey/steps/recognise 200 in 886ms (next.js: 98ms, proxy.ts: 213ms, application-code: 575ms)
 GET /creator/spaces/fresh-collective/pathways/real-journey/steps/recognise 200 in 693ms (next.js: 228ms, proxy.ts: 16ms, application-code: 449ms)
 GET /creator/spaces/fresh-collective/pathways/real-journey/steps/recognise 200 in 745ms (next.js: 29ms, proxy.ts: 19ms, application-code: 698ms)
 GET /creator/spaces/fresh-collective/pathways/real-journey/steps/recognise 200 in 781ms (next.js: 234ms, proxy.ts: 10ms, application-code: 537ms)
 GET /creator/spaces/fresh-collective/pathways/real-journey/steps/recognise 200 in 802ms (next.js: 146ms, proxy.ts: 197ms, application-code: 460ms)
 GET /creator/spaces/fresh-collective/pathways/real-journey/steps/recognise 200 in 759ms (next.js: 199ms, proxy.ts: 24ms, application-code: 536ms)
 GET /creator/spaces/fresh-collective/pathways/real-journey/steps/recognise 200 in 866ms (next.js: 173ms, proxy.ts: 108ms, application-code: 585ms)
 GET /creator/spaces/fresh-collective/pathways/real-journey/steps/recognise 200 in 800ms (next.js: 254ms, proxy.ts: 27ms, application-code: 519ms)
 GET /creator/spaces/fresh-collective/pathways/real-journey/steps/recognise 200 in 921ms (next.js: 15ms, proxy.ts: 31ms, application-code: 875ms)
 GET /creator/spaces/fresh-collective/pathways/real-journey/steps/recognise 200 in 1205ms (next.js: 295ms, proxy.ts: 15ms, application-code: 894ms)
 GET /creator/spaces/fresh-collective/pathways/real-journey/steps/recognise 200 in 950ms (next.js: 41ms, proxy.ts: 135ms, application-code: 774ms)
 GET /creator/spaces/fresh-collective/pathways/real-journey/steps/recognise 200 in 942ms (next.js: 172ms, proxy.ts: 31ms, application-code: 739ms)
 GET /creator/spaces/fresh-collective/pathways/real-journey/steps/recognise 200 in 1022ms (next.js: 286ms, proxy.ts: 15ms, application-code: 721ms)
 GET /creator/spaces/fresh-collective/pathways/real-journey/steps/recognise 200 in 1017ms (next.js: 450ms, proxy.ts: 152ms, application-code: 415ms)
 GET /creator/spaces/fresh-collective/pathways/real-journey/steps/recognise 200 in 834ms (next.js: 23ms, proxy.ts: 267ms, application-code: 544ms)
 GET /creator/spaces/fresh-collective/pathways/real-journey/steps/recognise 200 in 572ms (next.js: 155ms, proxy.ts: 9ms, application-code: 408ms)
 GET /dashboard 200 in 441ms (next.js: 8ms, proxy.ts: 83ms, application-code: 349ms)
 GET /dashboard 200 in 138ms (next.js: 30ms, proxy.ts: 18ms, application-code: 90ms)
 GET / 200 in 818ms (next.js: 68ms, proxy.ts: 103ms, application-code: 648ms)
 GET /dashboard 200 in 197ms (next.js: 20ms, proxy.ts: 18ms, application-code: 158ms)
 GET /dashboard 200 in 365ms (next.js: 242ms, proxy.ts: 15ms, application-code: 109ms)
 GET /dashboard 200 in 90ms (next.js: 5ms, proxy.ts: 5ms, application-code: 80ms)
 GET / 200 in 530ms (next.js: 28ms, proxy.ts: 11ms, application-code: 491ms)
 GET /dashboard 200 in 84ms (next.js: 7ms, proxy.ts: 4ms, application-code: 72ms)
 GET /dashboard 200 in 64ms (next.js: 3ms, proxy.ts: 4ms, application-code: 58ms)
 GET /dashboard 200 in 54ms (next.js: 3ms, proxy.ts: 8ms, application-code: 43ms)
 GET / 200 in 281ms (next.js: 4ms, proxy.ts: 8ms, application-code: 269ms)
 GET /dashboard 200 in 251ms (next.js: 3ms, proxy.ts: 4ms, application-code: 244ms)
 GET / 200 in 531ms (next.js: 4ms, proxy.ts: 5ms, application-code: 522ms)
 GET / 200 in 533ms (next.js: 83ms, proxy.ts: 5ms, application-code: 444ms)
 GET / 200 in 436ms (next.js: 10ms, proxy.ts: 7ms, application-code: 419ms)
 GET / 200 in 523ms (next.js: 74ms, proxy.ts: 10ms, application-code: 439ms)
 GET / 200 in 531ms (next.js: 147ms, proxy.ts: 7ms, application-code: 377ms)
 GET / 200 in 723ms (next.js: 3ms, proxy.ts: 217ms, application-code: 503ms)
 GET / 200 in 712ms (next.js: 4ms, proxy.ts: 6ms, application-code: 702ms)
 GET / 200 in 715ms (next.js: 74ms, proxy.ts: 5ms, application-code: 636ms)
 GET / 200 in 652ms (next.js: 6ms, proxy.ts: 6ms, application-code: 640ms)
 GET / 200 in 764ms (next.js: 93ms, proxy.ts: 117ms, application-code: 554ms)
 GET / 200 in 772ms (next.js: 118ms, proxy.ts: 7ms, application-code: 647ms)
 GET / 200 in 690ms (next.js: 2ms, proxy.ts: 7ms, application-code: 680ms)
 GET / 200 in 611ms (next.js: 103ms, proxy.ts: 8ms, application-code: 500ms)
 GET / 200 in 619ms (next.js: 7ms, proxy.ts: 7ms, application-code: 606ms)
 GET / 200 in 565ms (next.js: 139ms, proxy.ts: 5ms, application-code: 422ms)
 GET / 200 in 566ms (next.js: 78ms, proxy.ts: 5ms, application-code: 483ms)
 GET / 200 in 694ms (next.js: 15ms, proxy.ts: 121ms, application-code: 558ms)
 GET / 200 in 578ms (next.js: 21ms, proxy.ts: 4ms, application-code: 553ms)
 GET / 200 in 528ms (next.js: 7ms, proxy.ts: 7ms, application-code: 515ms)
 GET / 200 in 529ms (next.js: 95ms, proxy.ts: 5ms, application-code: 428ms)
 GET / 200 in 859ms (next.js: 64ms, proxy.ts: 7ms, application-code: 787ms)
 GET / 200 in 860ms (next.js: 139ms, proxy.ts: 8ms, application-code: 713ms)
 GET / 200 in 866ms (next.js: 6ms, proxy.ts: 8ms, application-code: 852ms)
 GET / 200 in 996ms (next.js: 6ms, proxy.ts: 5ms, application-code: 985ms)
 GET / 200 in 1390ms (next.js: 22ms, proxy.ts: 20ms, application-code: 1348ms)
 GET / 200 in 1384ms (next.js: 369ms, proxy.ts: 10ms, application-code: 1005ms)
 GET / 200 in 1269ms (next.js: 8ms, proxy.ts: 9ms, application-code: 1252ms)
 GET / 200 in 1273ms (next.js: 189ms, proxy.ts: 8ms, application-code: 1076ms)
 GET / 200 in 1298ms (next.js: 113ms, proxy.ts: 8ms, application-code: 1176ms)
 GET / 200 in 1278ms (next.js: 28ms, proxy.ts: 7ms, application-code: 1244ms)
 GET / 200 in 997ms (next.js: 238ms, proxy.ts: 22ms, application-code: 737ms)
 GET / 200 in 1017ms (next.js: 18ms, proxy.ts: 23ms, application-code: 976ms)
 GET / 200 in 1003ms (next.js: 9ms, proxy.ts: 39ms, application-code: 955ms)
 GET / 200 in 969ms (next.js: 84ms, proxy.ts: 159ms, application-code: 726ms)
 GET / 200 in 990ms (next.js: 163ms, proxy.ts: 21ms, application-code: 806ms)
 GET / 200 in 1083ms (next.js: 4ms, proxy.ts: 5ms, application-code: 1075ms)
 GET / 200 in 1117ms (next.js: 13ms, proxy.ts: 14ms, application-code: 1090ms)
 GET / 200 in 1114ms (next.js: 203ms, proxy.ts: 9ms, application-code: 902ms)
 GET / 200 in 1162ms (next.js: 13ms, proxy.ts: 13ms, application-code: 1137ms)
 GET / 200 in 1162ms (next.js: 145ms, proxy.ts: 13ms, application-code: 1005ms)
 GET / 200 in 1167ms (next.js: 257ms, proxy.ts: 15ms, application-code: 895ms)
 GET / 200 in 1074ms (next.js: 6ms, proxy.ts: 12ms, application-code: 1055ms)
 GET / 200 in 1000ms (next.js: 25ms, proxy.ts: 36ms, application-code: 938ms)
 GET / 200 in 982ms (next.js: 179ms, proxy.ts: 19ms, application-code: 785ms)
 GET / 200 in 705ms (next.js: 10ms, proxy.ts: 11ms, application-code: 684ms)
 GET / 200 in 805ms (next.js: 115ms, proxy.ts: 11ms, application-code: 679ms)
 GET / 200 in 803ms (next.js: 218ms, proxy.ts: 10ms, application-code: 575ms)
 GET / 200 in 745ms (next.js: 4ms, proxy.ts: 5ms, application-code: 736ms)
 GET / 200 in 671ms (next.js: 17ms, proxy.ts: 10ms, application-code: 645ms)
 GET / 200 in 662ms (next.js: 9ms, proxy.ts: 138ms, application-code: 516ms)
 GET / 200 in 1041ms (next.js: 107ms, proxy.ts: 8ms, application-code: 926ms)
 GET / 200 in 1058ms (next.js: 6ms, proxy.ts: 10ms, application-code: 1043ms)
 GET / 200 in 1218ms (next.js: 85ms, proxy.ts: 105ms, application-code: 1028ms)
 GET / 200 in 7.5s (next.js: 3ms, proxy.ts: 5ms, application-code: 7.5s)
 GET / 200 in 7.6s (next.js: 5ms, proxy.ts: 4ms, application-code: 7.6s)
 GET / 200 in 7.6s (next.js: 4ms, proxy.ts: 115ms, application-code: 7.5s)
 GET / 200 in 7.2s (next.js: 202ms, proxy.ts: 137ms, application-code: 6.8s)
 GET / 200 in 7.2s (next.js: 2.2s, proxy.ts: 164ms, application-code: 4.8s)
 GET / 200 in 7.2s (next.js: 21ms, proxy.ts: 6.1s, application-code: 1062ms)
 GET / 200 in 925ms (next.js: 5ms, proxy.ts: 6ms, application-code: 914ms)
 GET / 200 in 830ms (next.js: 141ms, proxy.ts: 7ms, application-code: 683ms)
 GET / 200 in 838ms (next.js: 9ms, proxy.ts: 7ms, application-code: 821ms)
 GET / 200 in 838ms (next.js: 5ms, proxy.ts: 6ms, application-code: 828ms)
 GET / 200 in 851ms (next.js: 108ms, proxy.ts: 6ms, application-code: 736ms)
 GET / 200 in 817ms (next.js: 4ms, proxy.ts: 5ms, application-code: 808ms)
 GET / 200 in 735ms (next.js: 12ms, proxy.ts: 7ms, application-code: 717ms)
 GET / 200 in 703ms (next.js: 4ms, proxy.ts: 7ms, application-code: 691ms)
 GET / 200 in 701ms (next.js: 142ms, proxy.ts: 5ms, application-code: 554ms)
 GET / 200 in 625ms (next.js: 8ms, proxy.ts: 8ms, application-code: 609ms)
 GET / 200 in 623ms (next.js: 11ms, proxy.ts: 95ms, application-code: 517ms)
 GET / 200 in 615ms (next.js: 4ms, proxy.ts: 4ms, application-code: 607ms)
 GET / 200 in 663ms (next.js: 4ms, proxy.ts: 3ms, application-code: 655ms)
 GET / 200 in 686ms (next.js: 11ms, proxy.ts: 6ms, application-code: 670ms)
 GET / 200 in 688ms (next.js: 101ms, proxy.ts: 7ms, application-code: 580ms)
 GET / 200 in 676ms (next.js: 5ms, proxy.ts: 4ms, application-code: 667ms)
 GET / 200 in 584ms (next.js: 3ms, proxy.ts: 7ms, application-code: 574ms)
 GET / 200 in 726ms (next.js: 7ms, proxy.ts: 6ms, application-code: 714ms)
 GET / 200 in 681ms (next.js: 4ms, proxy.ts: 5ms, application-code: 673ms)
 GET / 200 in 658ms (next.js: 6ms, proxy.ts: 6ms, application-code: 647ms)
 GET / 200 in 655ms (next.js: 97ms, proxy.ts: 3ms, application-code: 555ms)
 GET / 200 in 693ms (next.js: 17ms, proxy.ts: 16ms, application-code: 660ms)
 GET / 200 in 770ms (next.js: 3ms, proxy.ts: 137ms, application-code: 630ms)
 GET / 200 in 654ms (next.js: 5ms, proxy.ts: 5ms, application-code: 645ms)
 GET / 200 in 665ms (next.js: 7ms, proxy.ts: 4ms, application-code: 654ms)
 GET / 200 in 706ms (next.js: 9ms, proxy.ts: 5ms, application-code: 691ms)
 GET / 200 in 706ms (next.js: 104ms, proxy.ts: 7ms, application-code: 594ms)
 GET / 200 in 767ms (next.js: 3ms, proxy.ts: 4ms, application-code: 761ms)
 GET / 200 in 678ms (next.js: 3ms, proxy.ts: 3ms, application-code: 672ms)
 GET / 200 in 774ms (next.js: 4ms, proxy.ts: 5ms, application-code: 764ms)
 GET / 200 in 749ms (next.js: 5ms, proxy.ts: 5ms, application-code: 739ms)
 GET / 200 in 689ms (next.js: 5ms, proxy.ts: 7ms, application-code: 678ms)
 GET / 200 in 689ms (next.js: 81ms, proxy.ts: 6ms, application-code: 601ms)
 GET / 200 in 569ms (next.js: 119ms, proxy.ts: 5ms, application-code: 445ms)
 GET / 200 in 575ms (next.js: 9ms, proxy.ts: 5ms, application-code: 560ms)
 GET / 200 in 1248ms (next.js: 7ms, proxy.ts: 5ms, application-code: 1236ms)
 GET / 200 in 1490ms (next.js: 3ms, proxy.ts: 3ms, application-code: 1484ms)
 GET / 200 in 1570ms (next.js: 6ms, proxy.ts: 7ms, application-code: 1557ms)
 GET / 200 in 1571ms (next.js: 77ms, proxy.ts: 5ms, application-code: 1489ms)
 GET / 200 in 1597ms (next.js: 4ms, proxy.ts: 5ms, application-code: 1588ms)
 GET / 200 in 1598ms (next.js: 97ms, proxy.ts: 5ms, application-code: 1496ms)
 GET / 200 in 878ms (next.js: 65ms, proxy.ts: 24ms, application-code: 790ms)
 GET / 200 in 658ms (next.js: 4ms, proxy.ts: 5ms, application-code: 648ms)
 GET / 200 in 598ms (next.js: 6ms, proxy.ts: 6ms, application-code: 587ms)
 GET / 200 in 593ms (next.js: 102ms, proxy.ts: 4ms, application-code: 488ms)
 GET / 200 in 627ms (next.js: 6ms, proxy.ts: 4ms, application-code: 617ms)
 GET / 200 in 628ms (next.js: 3ms, proxy.ts: 87ms, application-code: 538ms)
 GET / 200 in 627ms (next.js: 3ms, proxy.ts: 3ms, application-code: 621ms)
 GET / 200 in 649ms (next.js: 4ms, proxy.ts: 3ms, application-code: 642ms)
 GET / 200 in 649ms (next.js: 4ms, proxy.ts: 5ms, application-code: 639ms)
 GET / 200 in 650ms (next.js: 81ms, proxy.ts: 5ms, application-code: 563ms)
 GET / 200 in 607ms (next.js: 6ms, proxy.ts: 6ms, application-code: 596ms)
 GET / 200 in 606ms (next.js: 7ms, proxy.ts: 92ms, application-code: 507ms)
 GET /dashboard 200 in 172ms (next.js: 10ms, proxy.ts: 5ms, application-code: 157ms)
 GET /dashboard 200 in 173ms (next.js: 4ms, proxy.ts: 74ms, application-code: 95ms)
 GET / 200 in 774ms (next.js: 6ms, proxy.ts: 5ms, application-code: 763ms)
 GET / 200 in 783ms (next.js: 5ms, proxy.ts: 6ms, application-code: 771ms)
 GET /dashboard 200 in 402ms (next.js: 10ms, proxy.ts: 8ms, application-code: 384ms)
 GET /dashboard 200 in 397ms (next.js: 15ms, proxy.ts: 74ms, application-code: 308ms)
 GET / 200 in 941ms (next.js: 88ms, proxy.ts: 5ms, application-code: 849ms)
 GET /dashboard 200 in 380ms (next.js: 10ms, proxy.ts: 6ms, application-code: 363ms)
 GET / 200 in 946ms (next.js: 4ms, proxy.ts: 5ms, application-code: 936ms)
 GET /dashboard 200 in 495ms (next.js: 12ms, proxy.ts: 11ms, application-code: 473ms)
 GET /dashboard 200 in 410ms (next.js: 5ms, proxy.ts: 6ms, application-code: 400ms)
 GET /dashboard 200 in 482ms (next.js: 90ms, proxy.ts: 5ms, application-code: 387ms)
 GET /dashboard 200 in 431ms (next.js: 6ms, proxy.ts: 8ms, application-code: 417ms)
 GET /dashboard 200 in 442ms (next.js: 54ms, proxy.ts: 8ms, application-code: 381ms)
 GET /dashboard 200 in 443ms (next.js: 121ms, proxy.ts: 8ms, application-code: 314ms)
 GET /dashboard 200 in 446ms (next.js: 5ms, proxy.ts: 5ms, application-code: 436ms)
 GET /dashboard 200 in 372ms (next.js: 3ms, proxy.ts: 5ms, application-code: 364ms)
 GET /dashboard 200 in 405ms (next.js: 3ms, proxy.ts: 18ms, application-code: 384ms)
 GET /dashboard 200 in 365ms (next.js: 6ms, proxy.ts: 7ms, application-code: 353ms)
 GET /dashboard 200 in 427ms (next.js: 124ms, proxy.ts: 6ms, application-code: 297ms)
 GET /dashboard 200 in 438ms (next.js: 103ms, proxy.ts: 6ms, application-code: 329ms)
 GET /dashboard 200 in 368ms (next.js: 7ms, proxy.ts: 3ms, application-code: 357ms)
 GET /dashboard 200 in 366ms (next.js: 6ms, proxy.ts: 71ms, application-code: 289ms)
 GET /dashboard 200 in 345ms (next.js: 4ms, proxy.ts: 13ms, application-code: 329ms)
 GET /dashboard 200 in 355ms (next.js: 7ms, proxy.ts: 7ms, application-code: 342ms)
 GET /dashboard 200 in 353ms (next.js: 54ms, proxy.ts: 6ms, application-code: 293ms)
 GET /dashboard 200 in 360ms (next.js: 78ms, proxy.ts: 7ms, application-code: 275ms)
 GET /dashboard 200 in 363ms (next.js: 4ms, proxy.ts: 5ms, application-code: 354ms)
 GET /dashboard 200 in 361ms (next.js: 5ms, proxy.ts: 83ms, application-code: 273ms)
 GET /dashboard 200 in 337ms (next.js: 3ms, proxy.ts: 11ms, application-code: 323ms)
 GET /dashboard 200 in 322ms (next.js: 6ms, proxy.ts: 6ms, application-code: 309ms)
 GET /dashboard 200 in 404ms (next.js: 112ms, proxy.ts: 8ms, application-code: 285ms)
 GET /dashboard 200 in 408ms (next.js: 29ms, proxy.ts: 7ms, application-code: 373ms)
 GET /dashboard 200 in 449ms (next.js: 4ms, proxy.ts: 5ms, application-code: 439ms)
 GET /dashboard 200 in 447ms (next.js: 8ms, proxy.ts: 95ms, application-code: 344ms)
 GET /dashboard 200 in 409ms (next.js: 5ms, proxy.ts: 14ms, application-code: 390ms)
 GET /dashboard 200 in 353ms (next.js: 18ms, proxy.ts: 34ms, application-code: 302ms)
 GET /dashboard 200 in 393ms (next.js: 58ms, proxy.ts: 22ms, application-code: 313ms)
 GET /dashboard 200 in 392ms (next.js: 105ms, proxy.ts: 23ms, application-code: 264ms)
 GET /dashboard 200 in 360ms (next.js: 5ms, proxy.ts: 7ms, application-code: 349ms)
 GET /dashboard 200 in 357ms (next.js: 22ms, proxy.ts: 78ms, application-code: 257ms)
 GET /dashboard 200 in 294ms (next.js: 4ms, proxy.ts: 11ms, application-code: 280ms)
 GET /dashboard 200 in 291ms (next.js: 8ms, proxy.ts: 13ms, application-code: 270ms)
 GET /dashboard 200 in 282ms (next.js: 48ms, proxy.ts: 6ms, application-code: 228ms)
 GET /dashboard 200 in 280ms (next.js: 63ms, proxy.ts: 35ms, application-code: 181ms)
 GET /dashboard 200 in 373ms (next.js: 4ms, proxy.ts: 5ms, application-code: 364ms)
 GET /dashboard 200 in 372ms (next.js: 14ms, proxy.ts: 64ms, application-code: 293ms)
 GET /dashboard 200 in 407ms (next.js: 9ms, proxy.ts: 50ms, application-code: 348ms)
 GET /dashboard 200 in 369ms (next.js: 23ms, proxy.ts: 59ms, application-code: 287ms)
 GET /dashboard 200 in 300ms (next.js: 12ms, proxy.ts: 38ms, application-code: 250ms)
 GET /dashboard 200 in 300ms (next.js: 38ms, proxy.ts: 38ms, application-code: 224ms)
 GET /dashboard 200 in 347ms (next.js: 12ms, proxy.ts: 6ms, application-code: 329ms)
 GET /dashboard 200 in 344ms (next.js: 69ms, proxy.ts: 9ms, application-code: 266ms)
 GET /dashboard 200 in 367ms (next.js: 6ms, proxy.ts: 6ms, application-code: 355ms)
 GET /dashboard 200 in 363ms (next.js: 15ms, proxy.ts: 67ms, application-code: 281ms)
 GET /dashboard 200 in 302ms (next.js: 39ms, proxy.ts: 14ms, application-code: 249ms)
 GET /dashboard 200 in 300ms (next.js: 57ms, proxy.ts: 13ms, application-code: 230ms)
 GET /dashboard 200 in 372ms (next.js: 101ms, proxy.ts: 4ms, application-code: 268ms)
 GET /dashboard 200 in 381ms (next.js: 6ms, proxy.ts: 5ms, application-code: 371ms)
 GET /dashboard 200 in 311ms (next.js: 8ms, proxy.ts: 6ms, application-code: 297ms)
 GET /dashboard 200 in 357ms (next.js: 79ms, proxy.ts: 8ms, application-code: 270ms)
 GET /dashboard 200 in 354ms (next.js: 68ms, proxy.ts: 77ms, application-code: 209ms)
 GET /dashboard 200 in 356ms (next.js: 45ms, proxy.ts: 76ms, application-code: 234ms)
 GET /dashboard 200 in 337ms (next.js: 4ms, proxy.ts: 6ms, application-code: 327ms)
 GET /dashboard 200 in 334ms (next.js: 44ms, proxy.ts: 33ms, application-code: 257ms)
 GET /dashboard 200 in 323ms (next.js: 9ms, proxy.ts: 7ms, application-code: 307ms)
 GET /dashboard 200 in 336ms (next.js: 69ms, proxy.ts: 9ms, application-code: 258ms)
 GET /dashboard 200 in 330ms (next.js: 62ms, proxy.ts: 68ms, application-code: 201ms)
 GET /dashboard 200 in 335ms (next.js: 43ms, proxy.ts: 68ms, application-code: 225ms)
 GET /dashboard 200 in 398ms (next.js: 4ms, proxy.ts: 4ms, application-code: 390ms)
 GET /dashboard 200 in 399ms (next.js: 34ms, proxy.ts: 44ms, application-code: 322ms)
 GET /dashboard 200 in 407ms (next.js: 13ms, proxy.ts: 17ms, application-code: 378ms)
 GET /dashboard 200 in 391ms (next.js: 44ms, proxy.ts: 83ms, application-code: 265ms)
 GET /dashboard 200 in 395ms (next.js: 16ms, proxy.ts: 84ms, application-code: 295ms)
 GET /dashboard 200 in 390ms (next.js: 88ms, proxy.ts: 90ms, application-code: 212ms)
 GET /dashboard 200 in 324ms (next.js: 6ms, proxy.ts: 7ms, application-code: 311ms)
 GET /dashboard 200 in 321ms (next.js: 75ms, proxy.ts: 6ms, application-code: 241ms)
 GET /dashboard 200 in 372ms (next.js: 8ms, proxy.ts: 6ms, application-code: 359ms)
 GET /dashboard 200 in 369ms (next.js: 12ms, proxy.ts: 50ms, application-code: 307ms)
 GET /dashboard 200 in 370ms (next.js: 30ms, proxy.ts: 51ms, application-code: 289ms)
 GET /dashboard 200 in 371ms (next.js: 48ms, proxy.ts: 51ms, application-code: 272ms)
 GET /dashboard 200 in 421ms (next.js: 4ms, proxy.ts: 5ms, application-code: 413ms)
 GET /dashboard 200 in 423ms (next.js: 108ms, proxy.ts: 5ms, application-code: 311ms)
 GET /dashboard 200 in 373ms (next.js: 24ms, proxy.ts: 8ms, application-code: 341ms)
 GET /dashboard 200 in 378ms (next.js: 85ms, proxy.ts: 21ms, application-code: 271ms)
 GET /dashboard 200 in 364ms (next.js: 58ms, proxy.ts: 79ms, application-code: 226ms)
 GET /dashboard 200 in 370ms (next.js: 41ms, proxy.ts: 83ms, application-code: 246ms)
 GET /dashboard 200 in 357ms (next.js: 5ms, proxy.ts: 5ms, application-code: 347ms)
 GET /dashboard 200 in 358ms (next.js: 15ms, proxy.ts: 66ms, application-code: 276ms)
 GET /dashboard 200 in 323ms (next.js: 109ms, proxy.ts: 8ms, application-code: 206ms)
 GET /dashboard 200 in 326ms (next.js: 79ms, proxy.ts: 8ms, application-code: 239ms)
 GET /dashboard 200 in 323ms (next.js: 128ms, proxy.ts: 7ms, application-code: 188ms)
 GET /dashboard 200 in 345ms (next.js: 8ms, proxy.ts: 8ms, application-code: 328ms)
 GET /dashboard 200 in 362ms (next.js: 5ms, proxy.ts: 3ms, application-code: 354ms)
 GET /dashboard 200 in 315ms (next.js: 3ms, proxy.ts: 12ms, application-code: 299ms)
 GET /dashboard 200 in 310ms (next.js: 26ms, proxy.ts: 7ms, application-code: 276ms)
 GET /dashboard 200 in 310ms (next.js: 65ms, proxy.ts: 7ms, application-code: 238ms)
 GET /dashboard 200 in 351ms (next.js: 6ms, proxy.ts: 7ms, application-code: 338ms)
 GET /dashboard 200 in 347ms (next.js: 65ms, proxy.ts: 125ms, application-code: 156ms)
 GET /dashboard 200 in 300ms (next.js: 5ms, proxy.ts: 4ms, application-code: 291ms)
 GET /dashboard 200 in 296ms (next.js: 7ms, proxy.ts: 57ms, application-code: 232ms)
 GET /dashboard 200 in 268ms (next.js: 7ms, proxy.ts: 7ms, application-code: 254ms)
 GET /dashboard 200 in 268ms (next.js: 26ms, proxy.ts: 7ms, application-code: 235ms)
 GET /dashboard 200 in 297ms (next.js: 94ms, proxy.ts: 7ms, application-code: 196ms)
 GET /dashboard 200 in 307ms (next.js: 52ms, proxy.ts: 94ms, application-code: 161ms)
 GET /dashboard 200 in 314ms (next.js: 5ms, proxy.ts: 8ms, application-code: 302ms)
 GET /dashboard 200 in 315ms (next.js: 17ms, proxy.ts: 60ms, application-code: 238ms)
 GET /dashboard 200 in 242ms (next.js: 7ms, proxy.ts: 48ms, application-code: 187ms)
 GET /dashboard 200 in 261ms (next.js: 53ms, proxy.ts: 20ms, application-code: 189ms)
 GET /dashboard 200 in 245ms (next.js: 43ms, proxy.ts: 53ms, application-code: 150ms)
 GET /dashboard 200 in 242ms (next.js: 56ms, proxy.ts: 89ms, application-code: 97ms)
 GET /dashboard 200 in 62ms (next.js: 4ms, proxy.ts: 3ms, application-code: 55ms)
✓ Compiled in 911ms
✓ Compiled in 378ms
 GET /creator/spaces/fresh-collective/pathways/real-journey/steps/recognise 200 in 2.1s (next.js: 1869ms, proxy.ts: 58ms, application-code: 218ms)
 GET /dashboard 200 in 2.2s (next.js: 77ms, proxy.ts: 75ms, application-code: 2.0s)
 GET / 200 in 2.2s (next.js: 1189ms, proxy.ts: 61ms, application-code: 941ms)
✓ Compiled in 266ms
 GET /creator/spaces/fresh-collective/pathways/real-journey/steps/recognise 200 in 633ms (next.js: 453ms, proxy.ts: 23ms, application-code: 156ms)
 GET /dashboard 200 in 638ms (next.js: 43ms, proxy.ts: 24ms, application-code: 571ms)
 GET / 200 in 664ms (next.js: 76ms, proxy.ts: 23ms, application-code: 565ms)
✓ Compiled in 105ms
 GET /creator/spaces/fresh-collective/pathways/real-journey/steps/recognise 200 in 334ms (next.js: 205ms, proxy.ts: 16ms, application-code: 113ms)
 GET /dashboard 200 in 341ms (next.js: 104ms, proxy.ts: 16ms, application-code: 222ms)
 GET / 200 in 400ms (next.js: 10ms, proxy.ts: 17ms, application-code: 374ms)
